date,BA,AIR,ratio,ins_ratio,long_mean,long_std,z_score,action,capital,holding1,holding2
2021-01-04,202.72,89.89,2.255200800978974,,,,,0,0.0,0.0,0.0
2021-01-05,211.63,89.83,2.3558944673271736,,,,,0,0.0,0.0,0.0
2021-01-06,211.03,90.17,2.340357103249418,,,,,0,0.0,0.0,0.0
2021-01-07,212.71,89.62,2.3734657442535148,,,,,0,0.0,0.0,0.0
2021-01-08,209.9,90.1,2.3296337402885685,2.33091037121953,,,,0,0.0,0.0,0.0
2021-01-11,206.79,89.78,2.303296948095344,2.340529600642804,,,,0,0.0,0.0,0.0
2021-01-12,208.41,89.96,2.316696309470876,2.332689969071544,,,,0,0.0,0.0,0.0
2021-01-13,207.21,89.11,2.325328245988105,2.3296841976192817,,,,0,0.0,0.0,0.0
2021-01-14,209.91,93.25,2.2510455764075066,2.3052001640500803,,,,0,0.0,0.0,0.0
2021-01-15,204.32,92.55,2.2076715289032953,2.280807721773025,,,,0,0.0,0.0,0.0
2021-01-19,210.71,91.3,2.3078860898138007,2.281725550116717,,,,0,0.0,0.0,0.0
2021-01-20,211.45,92.41,2.288172275727735,2.2760207433680884,,,,0,0.0,0.0,0.0
2021-01-21,207.41,89.36,2.3210608773500447,2.2751672696404768,,,,0,0.0,0.0,0.0
2021-01-22,205.84,88.83,2.317235168298998,2.288405188018775,,,,0,0.0,0.0,0.0
2021-01-25,203.36,84.87,2.396135265700483,2.3260979353782125,,,,0,0.0,0.0,0.0
2021-01-26,202.06,85.29,2.3690936803845704,2.338339453492366,,,,0,0.0,0.0,0.0
2021-01-27,194.03,84.36,2.3000237079184447,2.340709739930508,,,,0,0.0,0.0,0.0
2021-01-28,197.23,85.15,2.3162654139753376,2.3397506472555665,,,,0,0.0,0.0,0.0
2021-01-29,194.19,83.2,2.334014423076923,2.3431064982111516,,,,0,0.0,0.0,0.0
2021-02-01,195.84,83.11,2.356395138972446,2.3351584728655443,,,,0,0.0,0.0,0.0
2021-02-02,200.94,88.59,2.2682018286488317,2.3149801025183967,,,,0,0.0,0.0,0.0
2021-02-03,207.39,89.81,2.3092083286939094,2.3168170266734895,,,,0,0.0,0.0,0.0
2021-02-04,210.64,93.1,2.262513426423201,2.3060666291630625,,,,0,0.0,0.0,0.0
2021-02-05,207.93,93.42,2.2257546563904946,2.2844146758257766,,,,0,0.0,0.0,0.0
2021-02-08,211.95,93.87,2.2579098753595397,2.2647176231031954,,,,0,0.0,0.0,0.0
2021-02-09,215.12,92.47,2.326376121985509,2.2763524817705307,,,,0,0.0,0.0,0.0
2021-02-10,211.92,91.69,2.3112662231431997,2.276764060660389,,,,0,0.0,0.0,0.0
2021-02-11,210.66,91.22,2.3093619820214863,2.286133771780046,,,,0,0.0,0.0,0.0
2021-02-12,210.98,92.21,2.2880381737338684,2.2985904752487203,,,,0,0.0,0.0,0.0
2021-02-16,217.18,93.8,2.315351812366738,2.3100788626501605,,,,0,0.0,0.0,0.0
2021-02-17,215.52,93.9,2.2952076677316295,2.3038451717993844,,,,0,0.0,0.0,0.0
2021-02-18,208.48,91.29,2.2837112498630736,2.298334177143359,,,,0,0.0,0.0,0.0
2021-02-19,217.47,91.77,2.3697286694998367,2.3104075146390293,,,,0,0.0,0.0,0.0
2021-02-22,212.88,95.8,2.2221294363256785,2.2972257671573915,,,,0,0.0,0.0,0.0
2021-02-23,212.12,98.95,2.1437089439110664,2.262897193466257,,,,0,0.0,0.0,0.0
2021-02-24,229.34,102.72,2.232671339563863,2.2503899278327038,,,,0,0.0,0.0,0.0
2021-02-25,216.45,98.93,2.1879106438896185,2.2312298066380127,,,,0,0.0,0.0,0.0
2021-02-26,212.01,95.91,2.2105098529871756,2.1993860433354806,,,,0,0.0,0.0,0.0
2021-03-01,224.39,100.68,2.2287445371473975,2.2007090634998243,,,,0,0.0,0.0,0.0
2021-03-02,223.14,99.1,2.251664984863774,2.222300271690366,,,,0,0.0,0.0,0.0
2021-03-03,228.56,100.46,2.27513438184352,2.2307928801462973,,,,0,0.0,0.0,0.0
2021-03-04,224.71,100.3,2.240378863409771,2.2412865240503277,,,,0,0.0,0.0,0.0
2021-03-05,223.22,95.42,2.3393418570530287,2.2670529248634983,,,,0,0.0,0.0,0.0
2021-03-08,224.03,100.52,2.2287107043374452,2.2670461583015076,,,,0,0.0,0.0,0.0
2021-03-09,230.61,100.26,2.3001196888090965,2.276737099090572,,,,0,0.0,0.0,0.0
2021-03-10,245.34,98.99,2.478432164865138,2.3173966556948957,,,,0,0.0,0.0,0.0
2021-03-11,252.0,99.13,2.5421164127912843,2.3777441655711984,,,,0,0.0,0.0,0.0
2021-03-12,269.19,100.0,2.6919,2.448255794160593,,,,0,0.0,0.0,0.0
2021-03-15,265.63,100.0,2.6563,2.5337736532931037,,,,0,0.0,0.0,0.0
2021-03-16,255.21,101.78,2.5074670858714874,2.575243132705582,,,,0,0.0,0.0,0.0
2021-03-17,263.59,101.0,2.6098019801980197,2.6015170957721585,,,,0,0.0,0.0,0.0
2021-03-18,256.06,101.1,2.5327398615232446,2.5996417855185507,,,,0,0.0,0.0,0.0
2021-03-19,255.82,97.34,2.6281076638586396,2.5868833182902784,,,,0,0.0,0.0,0.0
2021-03-22,251.23,97.07,2.588132275677346,2.5732497734257476,,,,0,0.0,0.0,0.0
2021-03-23,241.25,95.21,2.533872492385254,2.5785308547285006,,,,0,0.0,0.0,0.0
2021-03-24,239.24,95.97,2.492862352818589,2.5551429292526144,,,,0,0.0,0.0,0.0
2021-03-25,247.19,96.49,2.5618198777075345,2.5609589324894726,,,,0,0.0,0.0,0.0
2021-03-26,244.87,97.68,2.5068591318591316,2.536709226089571,,,,0,0.0,0.0,0.0
2021-03-29,250.52,97.4,2.5720739219712527,2.5334975553483523,,,,0,0.0,0.0,0.0
2021-03-30,252.01,97.7,2.57942681678608,2.5426084202285177,2.358840663241622,0.13257198061283265,1.3861734292374868,-2,1.0,0.0,0.0
2021-03-31,254.72,96.54,2.638491816863476,2.571734313037495,2.365228846839697,0.13666484339956309,1.5110357650214659,1,0.99988,-0.0011777638190954773,0.0031075201988812924
2021-04-01,252.96,100.42,2.5190201155148375,2.5631743605989556,2.367947607642825,0.13809113975957116,1.4137529264805668,-2,1.0140100426932674,-0.0011777638190954773,0.0031075201988812924
2021-04-05,259.36,100.42,2.5827524397530373,2.578353022177737,2.371987529917885,0.14078961534626766,1.465772115026399,-2,1.0064723542510563,-0.0011777638190954773,0.0031075201988812924
2021-04-06,255.17,100.7,2.533962264150943,2.570730690613675,2.3746624719161753,0.14233438440792803,1.3775182961804313,-2,1.0122772903087531,-0.0011777638190954773,0.0031075201988812924
2021-04-07,252.58,100.54,2.5122339367415956,2.557292114604778,2.3777058085237264,0.14330411833071413,1.2531831476511113,-2,1.0148304953683895,-0.0011777638190954773,0.0031075201988812924
2021-04-08,254.95,100.8,2.529265873015873,2.535446925835257,2.3814719572724017,0.14428143939953156,1.0671848659374785,-2,1.0128471503688423,-0.0011777638190954773,0.0031075201988812924
2021-04-09,252.36,101.1,2.4961424332344215,2.530871389379174,2.384462726001794,0.1447749652491421,1.0112843966180667,-2,1.016829814719964,-0.0011777638190954773,0.0031075201988812924
2021-04-12,249.52,99.9,2.4976976976976974,2.5138604409681067,2.3873355501969535,0.1452909254557572,0.870838219071579,0,1.0163247763483356,0.0,0.0
2021-04-13,253.27,98.4,2.573882113821138,2.521844410902145,2.3927161591538475,0.14613352000344731,0.8836319808436236,0,1.0163247763483356,0.0,0.0
2021-04-14,252.43,100.22,2.518758730792257,2.5231493697122773,2.3979009458519966,0.14497092802314498,0.8639554534705361,0,1.0163247763483356,0.0,0.0
2021-04-15,251.11,102.84,2.441754181252431,2.505647031359589,2.4001320807093074,0.14459173280420537,0.7297440082080034,0,1.0163247763483356,0.0,0.0
2021-04-16,248.18,103.68,2.393711419753086,2.4851608286633216,2.4018910664430635,0.1438466678729532,0.5788786313340448,0,1.0163247763483356,0.0,0.0
2021-04-19,244.15,102.7,2.377312560856865,2.4610838012951555,2.40282859450151,0.1434938027107653,0.40597716203164497,0,1.0163247763483356,0.0,0.0
2021-04-20,234.06,97.94,2.3898305084745766,2.4242734802258434,2.4040385168377703,0.14306527456973217,0.1414386785956948,0,1.0163247763483356,0.0,0.0
2021-04-21,235.92,97.73,2.4139977489000306,2.403321283847398,2.4043362248910958,0.14306713498135895,-0.007094159282842604,0,1.0163247763483356,0.0,0.0
2021-04-22,234.33,99.71,2.350115334469963,2.3849935144909042,2.4040199191258522,0.1431673174668886,-0.1328962850711257,0,1.0163247763483356,0.0,0.0
2021-04-23,238.38,98.46,2.421084704448507,2.3904681714299882,2.4060376024013537,0.14252848058259615,-0.10923733212986049,0,1.0163247763483356,0.0,0.0
2021-04-26,241.44,101.24,2.384828131173449,2.3919712854933053,2.407180314354655,0.14207065246823822,-0.10705257276656742,0,1.0163247763483356,0.0,0.0
2021-04-27,242.47,99.79,2.4298025854294014,2.3999657008842705,2.4087767837271965,0.14177242111304214,-0.06214948417859399,0,1.0163247763483356,0.0,0.0
2021-04-28,235.46,99.3,2.3711983887210475,2.3914058288484736,2.4090235045563393,0.14169257666888152,-0.12433732325325722,0,1.0163247763483356,0.0,0.0
2021-04-29,235.94,100.0,2.3594,2.393262761954481,2.4105434740788594,0.1406416000407332,-0.12287055977302326,0,1.0163247763483356,0.0,0.0
2021-04-30,234.31,99.94,2.3445067040224137,2.3779471618692622,2.411131780334334,0.14028390083123998,-0.23655329135017897,0,1.0163247763483356,0.0,0.0
2021-05-03,235.19,99.91,2.35401861675508,2.3717852589855886,2.412656866839866,0.1391335014377355,-0.29375820655651325,0,1.0163247763483356,0.0,0.0
2021-05-04,233.63,96.73,2.4152796443709295,2.368880670773894,2.4158156166395397,0.13695264075587377,-0.3427093162030366,0,1.0163247763483356,0.0,0.0
2021-05-05,228.18,96.57,2.3628456042249146,2.3672101138746675,2.4175645454539625,0.13556495702114713,-0.3714413568651083,0,1.0163247763483356,0.0,0.0
2021-05-06,229.81,96.75,2.375297157622739,2.3703895453992154,2.418379896047916,0.13515370486971126,-0.3550798011416973,0,1.0163247763483356,0.0,0.0
2021-05-07,235.47,98.37,2.393717596828301,2.380231723960393,2.4197540856093345,0.13446356060621342,-0.2939261869220129,0,1.0163247763483356,0.0,0.0
2021-05-10,232.93,98.36,2.368137454249695,2.3830554914593156,2.4207336768131382,0.13385843666300262,-0.2814778529699993,0,1.0163247763483356,0.0,0.0
2021-05-11,228.88,95.9,2.386652763295099,2.37733011524415,2.422377253305825,0.13280277937625565,-0.33920327777213244,0,1.0163247763483356,0.0,0.0
2021-05-12,220.78,96.56,2.286454018227009,2.3620517980445688,2.4218956234034965,0.13324915347317604,-0.4491122367315805,0,1.0163247763483356,0.0,0.0
2021-05-13,222.64,96.0,2.3191666666666664,2.350825699853354,2.422294940052414,0.13289850277756046,-0.5377731028217994,0,1.0163247763483356,0.0,0.0
2021-05-14,228.47,99.57,2.29456663653711,2.330995507795116,2.4224758631636476,0.13271390324344956,-0.6893049871400491,0,1.0163247763483356,0.0,0.0
2021-05-17,227.98,96.9,2.352734778121775,2.327914972569532,2.4221926316406797,0.1328464492760672,-0.7096739098779383,0,1.0163247763483356,0.0,0.0
2021-05-18,227.55,97.14,2.3424953675108093,2.319083493412674,2.4241987304937656,0.13066501819823118,-0.8044634939829264,0,1.0163247763483356,0.0,0.0
2021-05-19,224.42,95.06,2.360824742268041,2.3339576382208804,2.4278173271330488,0.12567671462735816,-0.7468343614047365,0,1.0163247763483356,0.0,0.0
2021-05-20,227.65,96.51,2.358822919904673,2.3418888888684815,2.4299198534720623,0.12339110989843739,-0.7134303652511003,0,1.0163247763483356,0.0,0.0
2021-05-21,234.82,97.91,2.398324992339904,2.3626405600290403,2.4334267592795666,0.11931928883112831,-0.5932502610764759,0,1.0163247763483356,0.0,0.0
2021-05-24,237.44,98.26,2.4164461632403826,2.375382837052762,2.43685903111712,0.1157055023138025,-0.5313160812147888,0,1.0163247763483356,0.0,0.0
2021-05-25,240.74,97.14,2.4782787729050857,2.402539518131617,2.4410179350464154,0.11253957467182454,-0.3419100971991831,0,1.0163247763483356,0.0,0.0
2021-05-26,241.37,97.67,2.471280843657213,2.424630738409452,2.4446781993596387,0.10981507166910527,-0.18255655298931858,0,1.0163247763483356,0.0,0.0
2021-05-27,250.7,106.68,2.350018747656543,2.4228699039598256,2.4459262721231894,0.10827018092521574,-0.2129521532737553,0,1.0163247763483356,0.0,0.0
2021-05-28,247.02,108.0,2.2872222222222223,2.4006493499362893,2.446706994770063,0.10692339718998937,-0.43075366144544686,0,1.0163247763483356,0.0,0.0
2021-06-01,254.73,108.76,2.342129459360059,2.385786009160225,2.446753454808514,0.10687654986372053,-0.5704473593695663,0,1.0163247763483356,0.0,0.0
2021-06-02,255.62,110.7,2.3091237579042456,2.3519550061600567,2.448093672367961,0.10457539160136418,-0.919323989475265,0,1.0163247763483356,0.0,0.0
2021-06-03,250.32,109.78,2.280196757150665,2.313738188858747,2.447761623506987,0.10508359853062443,-1.2753982212474506,-2,1.0163247763483356,0.0,0.0
2021-06-04,249.92,109.92,2.2736535662299855,2.2984651525734354,2.4443486468630677,0.10737114682463748,-1.3586843263199435,-2,1.0163247763483356,0.0,0.0
2021-06-07,252.66,111.32,2.2696730147323034,2.2949553110754515,2.4398079235620846,0.10891616877180374,-1.329945903533587,-2,1.0163247763483356,0.0,0.0
2021-06-08,252.76,110.5,2.287420814479638,2.2840135820993672,2.433066603803412,0.105512941600172,-1.4126515614441149,-2,1.0163247763483356,0.0,0.0
2021-06-09,248.06,110.6,2.242857142857143,2.270760259089947,2.426175889517698,0.10417907033988837,-1.4918124141509546,-2,1.0163247763483356,0.0,0.0
2021-06-10,248.34,110.52,2.2470141150922913,2.264123730678272,2.421835006671378,0.10614217600468966,-1.4858492818739415,-2,1.0163247763483356,0.0,0.0
2021-06-11,247.28,112.36,2.2007831968672127,2.249549656805718,2.415018026949198,0.10699656075754135,-1.5464830735862458,-1,1.0162047763483357,0.0012131996117761242,-0.0026699893200427195
2021-06-14,245.14,112.4,2.1809608540925263,2.2318072246777625,2.409155043492019,0.11003153878772005,-1.6117907717023516,-1,1.0135017296063331,0.0012131996117761242,-0.0026699893200427195
2021-06-15,246.54,113.18,2.1783000530128995,2.2099830723844147,2.401658249977923,0.11018405972532934,-1.73959080897294,-1,1.0131176173931862,0.0012131996117761242,-0.0026699893200427195
2021-06-16,242.27,114.08,2.1236851332398317,2.1861486704609527,2.393917464270631,0.11313651567774259,-1.8364432788568954,-1,1.0055342646628638,0.0012131996117761242,-0.0026699893200427195
2021-06-17,239.22,114.6,2.087434554973822,2.1542327584372587,2.3864768319804406,0.11833699243005799,-1.9625652872701462,-1,1.0004456114005245,0.0012131996117761242,-0.0026699893200427195
2021-06-18,237.35,112.72,2.1056600425833922,2.135208127580494,2.3800234601431876,0.12290663485180997,-1.9918805266930482,-1,1.0031965080481833,0.0012131996117761242,-0.0026699893200427195
2021-06-21,245.28,112.92,2.1721572794899044,2.13344741265997,2.3735290835062273,0.12343146101236425,-1.9450605937671595,-1,1.0122831831055592,0.0012131996117761242,-0.0026699893200427195
2021-06-22,243.78,112.64,2.1642400568181817,2.130635413421026,2.367818765588878,0.1250730457451658,-1.8963586498973464,-1,1.0112109806975071,0.0012131996117761242,-0.0026699893200427195
2021-06-23,243.57,111.3,2.188409703504043,2.1435803274738685,2.3614243619477575,0.12425826564739406,-1.7531552797627319,-1,1.0145339944678915,0.0012131996117761242,-0.0026699893200427195
2021-06-24,250.57,111.92,2.2388313080771978,2.173859678094544,2.355747770135943,0.12188751713634449,-1.4922618518673862,-2,1.021370998371898,0.0012131996117761242,-0.0026699893200427195
2021-06-25,248.38,110.32,2.2514503263234227,2.2030177348425495,2.349297078626942,0.11680597549401528,-1.252327572846538,-2,1.0229860741341765,0.0012131996117761242,-0.0026699893200427195
2021-06-28,239.96,107.1,2.2405228758169935,2.2166908541079677,2.344655457965311,0.11547306958473195,-1.1081770348491966,-2,1.021368299013559,0.0012131996117761242,-0.0026699893200427195
2021-06-29,235.76,106.48,2.2141247182569495,2.2266677863957214,2.338511662607043,0.11235469608041541,-0.9954535067343498,0,1.0178141891418717,0.0,0.0
2021-06-30,239.56,108.44,2.2091479158981926,2.230815428874551,2.333098090136164,0.11058907916880564,-0.9248893473964662,0,1.0178141891418717,0.0,0.0
2021-07-01,239.73,109.9,2.1813466787989078,2.219318503018893,2.3275833025037858,0.1097517065076273,-0.9864520828873734,0,1.0178141891418717,0.0,0.0
2021-07-02,236.68,112.22,2.1090714667617183,2.190842731106552,2.32058006239955,0.11007005693543255,-1.1786796055634117,-2,1.0178141891418717,0.0,0.0
2021-07-06,236.14,110.88,2.1296897546897546,2.1686761068811045,2.314472517757139,0.1103298956076749,-1.3214587947628973,-2,1.0178141891418717,0.0,0.0
2021-07-07,231.78,109.82,2.1105445274084866,2.147960068711412,2.3080199649189854,0.11075285499008726,-1.445198827803575,-2,1.0178141891418717,0.0,0.0
2021-07-08,236.77,109.02,2.1718033388369107,2.1404911532991555,2.3013186520025815,0.10647537550388923,-1.510466602651722,-1,1.0176941891418718,0.001267052413734848,-0.00275178866263071
2021-07-09,239.59,112.76,2.1247782901738206,2.1291774755741377,2.294752311325608,0.10497640020744939,-1.577257701962241,-1,1.0109755873503652,0.001267052413734848,-0.00275178866263071
2021-07-12,238.29,112.2,2.12379679144385,2.1321225405105646,2.2894530214954645,0.10545413679665946,-1.4919327564007308,-2,1.0108694208635831,0.001267052413734848,-0.00275178866263071
2021-07-13,228.2,111.24,2.051420352391226,2.1164686600508587,2.283748170372767,0.10892004075902381,-1.5358010257451147,-1,1.000726579125124,0.001267052413734848,-0.00275178866263071
2021-07-14,224.45,110.98,2.0224364750405477,2.0988470495772713,2.277833568942495,0.11330037307550689,-1.579752250647415,-1,0.9966905976259023,0.001267052413734848,-0.00275178866263071
2021-07-15,222.76,110.4,2.0177536231884057,2.06803710644757,2.271632287521059,0.11718248900584667,-1.7374198380726535,-1,0.9961453164710162,0.001267052413734848,-0.00275178866263071
2021-07-16,217.74,110.64,1.968004338394794,2.0366823160917646,2.264199064012638,0.12204328533596286,-1.864229951648395,-1,0.989124284075036,0.001267052413734848,-0.00275178866263071
2021-07-19,206.99,103.58,1.9983587565167023,2.011594709106335,2.2583364543800837,0.12622326857785296,-1.9548039601078886,-1,0.9949310985855592,0.001267052413734848,-0.00275178866263071
2021-07-20,217.15,106.0,2.0485849056603773,2.0110276197601653,2.2521281244002815,0.1272394390356178,-1.8948567084819166,-1,1.001145022545539,0.001267052413734848,-0.00275178866263071
2021-07-21,222.54,110.64,2.011388286334056,2.008817982018867,2.2459041269862916,0.12974712727467508,-1.8272939828988453,-1,0.9952061356609632,0.001267052413734848,-0.00275178866263071
2021-07-22,220.87,109.52,2.016709276844412,2.0086091127500683,2.2390192385098757,0.13077942615883756,-1.7618224251876125,-1,0.9961721614321724,0.001267052413734848,-0.00275178866263071
2021-07-23,221.52,111.5,1.9867264573991033,2.0123535365509304,2.232611372987843,0.13358225519632352,-1.648855501901833,-1,0.9915472039490912,0.001267052413734848,-0.00275178866263071
2021-07-26,225.85,112.0,2.016517857142857,2.015985356676161,2.2268966706068904,0.13538836151249548,-1.5578245543008769,-1,0.9956576465692477,0.001267052413734848,-0.00275178866263071
2021-07-27,222.27,112.32,1.9788995726495728,2.002048290074,2.2208032184173434,0.13820355465327971,-1.5828458891100738,-1,0.9902410265560352,0.001267052413734848,-0.00275178866263071
2021-07-28,231.57,115.3,2.008412836079792,2.001453200023147,2.215043122072755,0.13975073076250488,-1.5283635433190466,-1,0.9938242837891297,0.001267052413734848,-0.00275178866263071
2021-07-29,231.63,116.0,1.9968103448275862,1.9974734136197825,2.208068633747033,0.1400301425860999,-1.5039277703924532,-1,0.9919740548701124,0.001267052413734848,-0.00275178866263071
2021-07-30,226.48,115.7,1.9574762316335348,1.9916233684666687,2.2013124775371766,0.14219823306556198,-1.4746252787390728,-2,0.9862742715381672,0.001267052413734848,-0.00275178866263071
2021-08-02,225.34,116.78,1.9296112348004795,1.9742420439981931,2.193884378823472,0.14457654175365064,-1.5192114305758917,-1,0.9818579000308683,0.001267052413734848,-0.00275178866263071
2021-08-03,229.09,114.78,1.9959052099668932,1.9776431714616571,2.187254172375782,0.14437856707058058,-1.4518152186096625,-2,0.9921129239076354,0.001267052413734848,-0.00275178866263071
2021-08-04,226.63,114.44,1.9803390422929046,1.97202841270428,2.1807908655098354,0.14482331236097246,-1.4414975697090429,-2,0.9899315831151422,0.001267052413734848,-0.00275178866263071
2021-08-05,229.94,116.64,1.9713648834019204,1.9669393204191465,2.1738694008449495,0.14474170079687187,-1.429650745338451,-2,0.9880715915468169,0.001267052413734848,-0.00275178866263071
2021-08-06,231.33,116.9,1.9788708297690334,1.9712182400462464,2.168743014370649,0.1461269353805079,-1.3517341878830027,-2,0.9891173293496243,0.001267052413734848,-0.00275178866263071
2021-08-09,232.27,114.76,2.023963053328686,1.9900886037518872,2.16382295414835,0.14594596955734773,-1.1904018379088963,-2,0.9961971863565647,0.001267052413734848,-0.00275178866263071
2021-08-10,235.78,115.16,2.047412295936089,2.000390020945727,2.159703715138333,0.14568091314503837,-1.093579733633294,-2,0.9995438248637217,0.001267052413734848,-0.00275178866263071
2021-08-11,239.49,115.72,2.0695644659522987,2.0182351056776056,2.154984209935508,0.1438973532481349,-0.950323971714016,0,1.0025792109942837,0.0,0.0
2021-08-12,238.18,115.3,2.065741543798786,2.0371104377569784,2.150371646206975,0.14221061741526755,-0.7964328578875634,0,1.0025792109942837,0.0,0.0
2021-08-13,234.46,115.44,2.031011781011781,2.0475386280055283,2.14487476351937,0.14029938033695688,-0.6937745218836298,0,1.0025792109942837,0.0,0.0
2021-08-16,229.06,114.62,1.9984295934391902,2.042431936027629,2.1388682080782786,0.13868991769693886,-0.6953372938138118,0,1.0025792109942837,0.0,0.0
2021-08-17,222.22,113.54,1.957195701955258,2.024388617231463,2.131516053238535,0.13637576010511437,-0.7855313578050919,0,1.0025792109942837,0.0,0.0
2021-08-18,219.0,113.62,1.9274775567681746,1.995971235394638,2.123366576463998,0.1336428475176489,-0.953252219895542,0,1.0025792109942837,0.0,0.0
2021-08-19,212.16,110.04,1.9280261723009813,1.968428161095077,2.114195699787263,0.12761921235998833,-1.1422068511205414,-2,1.0025792109942837,0.0,0.0
2021-08-20,212.67,110.48,1.9249637943519187,1.9472185637631045,2.1050904156321746,0.12102931991940129,-1.3044099725108247,-2,1.0025792109942837,0.0,0.0
2021-08-23,219.4,111.72,1.9638381668456857,1.9403002784444037,2.09865407261866,0.11801424790488299,-1.3418192886496754,-2,1.0025792109942837,0.0,0.0
2021-08-24,221.43,113.46,1.9516129032258067,1.9391837186985135,2.09306058396872,0.1168731262943898,-1.3166146072161071,-2,1.0025792109942837,0.0,0.0
2021-08-25,221.03,115.92,1.9067460317460316,1.935037413694085,2.085804193508486,0.1146415805057251,-1.315114281827891,-2,1.0025792109942837,0.0,0.0
2021-08-26,216.5,115.0,1.882608695652174,1.9259539183643235,2.0786956091376187,0.11377972258889016,-1.3424333202602612,-2,1.0025792109942837,0.0,0.0
2021-08-27,221.75,115.02,1.92792557816032,1.9265462751260034,2.0728244228211126,0.11228477196784704,-1.3027425280517664,-2,1.0025792109942837,0.0,0.0
2021-08-30,217.66,114.86,1.8950026118753265,1.912779164131932,2.0665135735818683,0.11144375897505199,-1.3794797561014744,-2,1.0025792109942837,0.0,0.0
2021-08-31,219.5,115.7,1.8971477960242005,1.9018861426916103,2.060304819936733,0.11030474460226429,-1.4361909618334845,-2,1.0025792109942837,0.0,0.0
2021-09-01,218.12,118.0,1.8484745762711865,1.8902318515966414,2.0529890492999257,0.10953988603940631,-1.4858258812204106,-2,1.0025792109942837,0.0,0.0
2021-09-02,220.83,116.78,1.890991608152081,1.891908434096623,2.047124623721508,0.10861766252439577,-1.4290142691113705,-2,1.0025792109942837,0.0,0.0
2021-09-03,218.17,114.48,1.9057477288609361,1.8874728642367462,2.0414368506176523,0.10689457597428713,-1.4403348811444023,-2,1.0025792109942837,0.0,0.0
2021-09-07,214.24,114.1,1.8776511831726557,1.884002578496212,2.036051317056076,0.1068703333193366,-1.4227403792737414,-2,1.0025792109942837,0.0,0.0
2021-09-08,211.38,113.72,1.858775940907492,1.8763282074728704,2.0306815685029926,0.10755783257742745,-1.4350731818531965,-2,1.0025792109942837,0.0,0.0
2021-09-09,213.94,115.2,1.8571180555555555,1.8780569033297438,2.0253285352120365,0.10807768170722508,-1.3626461037648943,-2,1.0025792109942837,0.0,0.0
2021-09-10,210.3,114.36,1.8389296956977965,1.867644520838887,2.0205826112530025,0.10992180664981836,-1.3913353052987532,-2,1.0025792109942837,0.0,0.0
2021-09-13,214.48,115.08,1.8637469586374695,1.859244366794194,2.016854484647397,0.1113993971110245,-1.4148202049614602,-2,1.0025792109942837,0.0,0.0
2021-09-14,211.57,112.76,1.8762859169918409,1.8589713135580308,2.0130315825542042,0.11223280398976124,-1.3726848436418644,-2,1.0025792109942837,0.0,0.0
2021-09-15,214.22,112.36,1.9065503737985048,1.8685262001362333,2.008604800792681,0.1110823035670366,-1.2610343516320075,-2,1.0025792109942837,0.0,0.0
2021-09-16,213.36,114.88,1.8572423398328692,1.8685510569916963,2.003488172176259,0.11086217433093531,-1.2171610019280434,-2,1.0025792109942837,0.0,0.0
2021-09-17,213.36,113.04,1.8874734607218684,1.8782598099965107,1.9984725681298896,0.10914839406054866,-1.1013699209050432,-2,1.0025792109942837,0.0,0.0
2021-09-20,209.5,111.94,1.8715383241021977,1.8798180830894562,1.9923510183969728,0.1056842530966876,-1.064803241827932,-2,1.0025792109942837,0.0,0.0
2021-09-21,208.51,113.28,1.8406603107344632,1.8726929618379806,1.9855045181371567,0.1018511430652683,-1.1076120788048898,-2,1.0025792109942837,0.0,0.0
2021-09-22,216.98,115.84,1.8731008287292816,1.866003052824136,1.9793808173523615,0.09719767637236902,-1.166465791773352,-2,1.0025792109942837,0.0,0.0
2021-09-23,221.1,116.68,1.8949262941378127,1.873539843685125,1.9740608436170428,0.0927659392385583,-1.083598147736278,-2,1.0025792109942837,0.0,0.0
2021-09-24,221.39,115.4,1.9184575389948004,1.8797366593397111,1.9692160040019862,0.08773448939776957,-1.0198879058450396,-2,1.0025792109942837,0.0,0.0
2021-09-27,224.16,117.24,1.9119754350051177,1.8878240815202951,1.9647264832720899,0.08348457778308604,-0.9211569824501784,0,1.0025792109942837,0.0,0.0
2021-09-28,218.41,113.36,1.9266937191249118,1.905030763198385,1.9616868541448096,0.0814349553382638,-0.6957220116482791,0,1.0025792109942837,0.0,0.0
2021-09-29,225.36,117.3,1.9212276214833761,1.9146561217492035,1.9582124852580367,0.07854127336350723,-0.5545665564555369,0,1.0025792109942837,0.0,0.0
2021-09-30,219.94,115.1,1.9108601216333623,1.9178428872483135,1.9548844118284512,0.07617195050518108,-0.4862882509174838,0,1.0025792109942837,0.0,0.0
2021-10-01,226.0,116.58,1.938582947332304,1.9218679689158145,1.9509974053033745,0.07066670208716816,-0.4122087988714765,0,1.0025792109942837,0.0,0.0
2021-10-04,223.79,113.66,1.9689424599683265,1.933261373908456,1.948400141466616,0.06693668479672941,-0.22616548166573838,0,1.0025792109942837,0.0,0.0
2021-10-05,224.42,115.08,1.9501216545012166,1.9379469609837172,1.9455055558509053,0.06285400459899729,-0.12025637690726727,0,1.0025792109942837,0.0,0.0
2021-10-06,224.99,113.42,1.983688943748898,1.9504392254368212,1.9443766990401998,0.06151346768301375,0.09855608251289519,0,1.0025792109942837,0.0,0.0
2021-10-07,226.48,114.2,1.983187390542907,1.9649046792187304,1.9437225476319062,0.06087466451078773,0.34796301149340064,0,1.0025792109942837,0.0,0.0
2021-10-08,226.39,113.22,1.999558381911323,1.977099766134534,1.9434192936106214,0.06054404258230885,0.5562970539690082,0,1.0025792109942837,0.0,0.0
2021-10-11,226.45,113.82,1.9895448954489545,1.9812202532306595,1.9437783028948572,0.06075579039130178,0.616269660795373,0,1.0025792109942837,0.0,0.0
2021-10-12,223.57,113.24,1.9743023666548922,1.9860563956613952,1.9433773630638271,0.060468193808350466,0.7058096150984134,0,1.0025792109942837,0.0,0.0
2021-10-13,221.78,112.34,1.9741855082784403,1.9841557085673034,1.9421373731074614,0.0590196757727707,0.7119377548195136,0,1.0025792109942837,0.0,0.0
2021-10-14,217.44,113.36,1.918136908962597,1.9711456122512416,1.940583183484604,0.05838960444748307,0.5234224320551146,0,1.0025792109942837,0.0,0.0
2021-10-15,217.04,114.9,1.888946910356832,1.9490233179403433,1.9384538107098108,0.05789389439016797,0.1825668724114631,0,1.0025792109942837,0.0,0.0
2021-10-18,216.98,113.3,1.9150926743159753,1.9341328737137473,1.9372599143250921,0.05761950711531676,-0.0542705199662075,0,1.0025792109942837,0.0,0.0
2021-10-19,215.97,112.32,1.9228098290598292,1.9238343661947348,1.9356981138570417,0.056697394588580495,-0.209246787235906,0,1.0025792109942837,0.0,0.0
2021-10-20,216.17,112.16,1.9273359486447932,1.9144644542680056,1.9348387201236286,0.05642158574558695,-0.36110764322529787,0,1.0025792109942837,0.0,0.0
2021-10-21,214.34,111.38,1.9244029448734066,1.9157176614501672,1.933438555270189,0.05560125167992443,-0.318713936909807,0,1.0025792109942837,0.0,0.0
2021-10-22,212.97,109.78,1.939970850792494,1.9259224495372997,1.932491230369604,0.05498401829732764,-0.11946709308845725,0,1.0025792109942837,0.0,0.0
2021-10-25,212.87,108.08,1.969559585492228,1.9368158317725501,1.9326926196005825,0.05509908994067238,0.07483267285189818,0,1.0025792109942837,0.0,0.0
2021-10-26,209.81,109.94,1.9084045843187194,1.9339347828243283,1.9323391754258863,0.055187137930342606,0.028912668028843635,0,1.0025792109942837,0.0,0.0
2021-10-27,206.61,110.0,1.8782727272727273,1.9241221385499152,1.93037863404765,0.054979735573856416,-0.11379639120545221,0,1.0025792109942837,0.0,0.0
2021-10-28,207.85,112.0,1.8558035714285714,1.910402263860948,1.928303042866578,0.05541070400019687,-0.3230563359304446,0,1.0025792109942837,0.0,0.0
2021-10-29,207.03,110.6,1.8718806509945751,1.8967842239013641,1.9266449723264558,0.05558847479459241,-0.5371751704904935,0,1.0025792109942837,0.0,0.0
2021-11-01,214.58,109.66,1.9567754878716033,1.8942274043772394,1.9262767166281651,0.05530911659232758,-0.5794580392081623,0,1.0025792109942837,0.0,0.0
2021-11-02,212.77,110.3,1.9290117860380782,1.8983488447211112,1.9246941955066548,0.05380463752867039,-0.4896483276465743,0,1.0025792109942837,0.0,0.0
2021-11-03,213.38,108.0,1.9757407407407408,1.9178424474147135,1.9234996695867324,0.0517919250025685,-0.1092298108583191,0,1.0025792109942837,0.0,0.0
2021-11-04,213.03,109.0,1.9544036697247706,1.9375624670739537,1.9215803229829402,0.04830357835586962,0.330868739646313,0,1.0025792109942837,0.0,0.0
2021-11-05,224.46,113.9,1.9706760316066725,1.957321543196373,1.9199958977797384,0.044936530015762643,0.830630344700441,0,1.0025792109942837,0.0,0.0
2021-11-08,222.68,115.64,1.9256312694569353,1.9510926995134394,1.918239555920491,0.0425182630634738,0.7726831066429808,0,1.0025792109942837,0.0,0.0
2021-11-09,220.79,116.32,1.8981258596973865,1.9449155142453012,1.9165678270247946,0.041265325237534914,0.6869614393520298,0,1.0025792109942837,0.0,0.0
2021-11-10,218.5,116.2,1.880378657487091,1.925843097594571,1.9152875429503247,0.04117500498232913,0.25635830885209304,0,1.0025792109942837,0.0,0.0
2021-11-11,219.38,114.7,1.9126416739319965,1.9174906984360163,1.9150402782363887,0.041145096064251395,0.05955558338716895,0,1.0025792109942837,0.0,0.0
2021-11-12,220.96,112.14,1.970394150169431,1.9174343221485681,1.9157464112008626,0.04173112425133966,0.0404472915117138,0,1.0025792109942837,0.0,0.0
2021-11-15,233.09,114.04,2.043931953700456,1.9410944589972723,1.9177292138566715,0.04488372924719856,0.5205727227324619,0,1.0025792109942837,0.0,0.0
2021-11-16,225.8,115.0,1.9634782608695653,1.954164939231708,1.917723215423736,0.044877486242440694,0.8120268504145619,0,1.0025792109942837,0.0,0.0
2021-11-17,226.62,114.44,1.9802516602586508,1.9741395397860202,1.9182005280409504,0.045393377279418314,1.2323165866407768,-2,1.0025792109942837,0.0,0.0
2021-11-18,227.25,113.26,2.0064453469892283,1.9929002743974664,1.9198621832950036,0.046770851426044466,1.5616155976538713,1,1.0024592109942838,-0.0013201320132013201,0.002648772735299311
2021-11-19,214.13,109.4,1.9573126142595976,1.9902839672154997,1.9211072486051273,0.046756662033104954,1.4795050716279425,-2,1.0095550802492297,-0.0013201320132013201,0.002648772735299311
2021-11-22,209.9,108.78,1.929582643868358,1.96741410524908,1.9211348663669279,0.0467612468419659,0.9896921491113598,0,1.0133839537276423,0.0,0.0
2021-11-23,209.13,110.26,1.8966987121349537,1.9540581955021579,1.9211631347045885,0.046745691567915935,0.7037025166218089,0,1.0133839537276423,0.0,0.0
2021-11-24,210.6,111.46,1.8894670733895569,1.935901278128339,1.9210351226606777,0.046823024488999644,0.3174966937719671,0,1.0133839537276423,0.0,0.0
2021-11-26,199.21,99.36,2.0049315619967794,1.9355985211298492,1.9236427390894377,0.0470695377309499,0.2540025378781259,0,1.0133839537276423,0.0,0.0
2021-11-29,198.5,99.69,1.991172635169024,1.9423705253117345,1.9253124228730534,0.04766476533765149,0.3578765639113831,0,1.0133839537276423,0.0,0.0
2021-11-30,197.85,98.72,2.0041531604538085,1.9572846286288246,1.9269525133996013,0.04866271886997651,0.6233132043087987,0,1.0133839537276423,0.0,0.0
2021-12-01,188.19,101.92,1.8464481946624802,1.94723452513433,1.926432463591098,0.04936025460168825,0.4214334328518708,0,1.0133839537276423,0.0,0.0
2021-12-02,202.38,101.1,2.001780415430267,1.969697193542472,1.9288158714998112,0.04949040655459866,0.8260453871511433,0,1.0133839537276423,0.0,0.0
2021-12-03,198.49,98.55,2.014104515474379,1.9715317842379918,1.9314323124984583,0.04978454431139631,0.8054602546669141,0,1.0133839537276423,0.0,0.0
2021-12-06,205.88,102.84,2.00194476857254,1.9736862109186952,1.9341492303797039,0.049094154449493756,0.8053296972385079,0,1.0133839537276423,0.0,0.0
2021-12-07,208.83,105.88,1.9723271628258408,1.9673210113931012,1.9359589004495101,0.048452056397428535,0.6472813183891108,0,1.0133839537276423,0.0,0.0
2021-12-08,211.03,107.26,1.967462241282864,1.9915238207171782,1.9374785058543607,0.04797625611059467,1.1265012996894226,-2,1.0133839537276423,0.0,0.0
2021-12-09,207.56,105.5,1.96739336492891,1.9846464106169066,1.938492555706534,0.04795446277243839,0.962451714439794,0,1.0133839537276423,0.0,0.0
2021-12-10,205.06,105.58,1.9422239060428113,1.9702702887305932,1.9399089151433664,0.04675398296100428,0.6493858205096678,0,1.0133839537276423,0.0,0.0
2021-12-13,197.4,103.08,1.9150174621653087,1.952884827449147,1.9403679818340904,0.046364002594380754,0.26996904742157957,0,1.0133839537276423,0.0,0.0
2021-12-14,195.5,102.5,1.9073170731707316,1.939882809518125,1.9409642943185659,0.045688912893679726,-0.02367061792337798,0,1.0133839537276423,0.0,0.0
2021-12-15,195.43,99.99,1.9544954495449547,1.9372894511705432,1.942861546632074,0.04377665928311836,-0.12728462045251557,0,1.0133839537276423,0.0,0.0
2021-12-16,190.79,102.4,1.8631835937499999,1.9164474969347611,1.9426962593824193,0.044062308963806536,-0.5957191773408722,0,1.0133839537276423,0.0,0.0
2021-12-17,192.63,104.14,1.84972152871135,1.8979470214684688,1.9419428466253117,0.04526307476973508,-0.9720025734146642,0,1.0133839537276423,0.0,0.0
2021-12-20,188.48,102.06,1.8467568097197726,1.884294890979362,1.9407478344707279,0.046813577094636544,-1.2059096312431488,-2,1.0133839537276423,0.0,0.0
2021-12-21,199.52,106.8,1.8681647940074908,1.8764644351467137,1.9400176571207672,0.047604943176862924,-1.335013083366978,-2,1.0133839537276423,0.0,0.0
2021-12-22,201.69,111.08,1.8157184011523226,1.8487090254681875,1.9381680684878908,0.05021565784936201,-1.7814969842287924,-1,1.0132639537276424,0.0014874312063067083,-0.002700756211739287
2021-12-23,204.22,111.84,1.8260014306151644,1.8412725928412201,1.936580965306754,0.05222480211772732,-1.8249637835043553,-1,1.0149745799586765,0.0014874312063067083,-0.002700756211739287
2021-12-27,203.17,112.34,1.808527683816984,1.833033823862347,1.934875424676481,0.05469172719464063,-1.8621024794425172,-1,1.0120623990861848,0.0014874312063067083,-0.002700756211739287
2021-12-28,206.13,113.42,1.817404337859284,1.8271633294902494,1.932855781185264,0.05675115011338402,-1.8623843126324313,-1,1.0135483787481743,0.0014874312063067083,-0.002700756211739287
2021-12-29,203.66,112.12,1.8164466642882624,1.8168197035464033,1.9303141845905964,0.05849556561905025,-1.9402236706850713,-1,1.013385406743858,0.0014874312063067083,-0.002700756211739287
2021-12-30,202.71,112.68,1.7989882854100105,1.8134736803979412,1.927795295105743,0.060835372224174525,-1.8791964366805207,-1,1.0104599236192926,0.0014874312063067083,-0.002700756211739287
2021-12-31,201.32,112.36,1.7917408330366678,1.8066215608822418,1.9245961599272057,0.06285957676081845,-1.8767959493882507,-1,1.009256636230283,0.0014874312063067083,-0.002700756211739287
2022-01-03,207.86,116.14,1.7897365248837611,1.8028633290955973,1.9213719788328867,0.06473658820299093,-1.8306285985552462,-1,1.0087755778391545,0.0014874312063067083,-0.002700756211739287
2022-01-04,213.63,118.88,1.7970222072678332,1.798786902977307,1.9179963759221617,0.06586128149876778,-1.8100084029960009,-1,1.0099579838793784,0.0014874312063067083,-0.002700756211739287
2022-01-05,213.07,120.4,1.7696843853820596,1.7894344471960664,1.9143320340877137,0.0678977805315654,-1.8394943975169107,-1,1.0050198729620028,0.0014874312063067083,-0.002700756211739287
2022-01-06,211.34,118.64,1.781355360755226,1.7859078622651097,1.9111162506560526,0.06955820469014366,-1.8000520420085666,-1,1.0071999479077534,0.0014874312063067083,-0.002700756211739287
2022-01-07,215.5,117.7,1.8309260832625318,1.7937449123102822,1.908728593572454,0.06981488402473793,-1.6469794782073832,-1,1.015926372565024,0.0014874312063067083,-0.002700756211739287
2022-01-10,209.31,117.92,1.775016960651289,1.790800999463788,1.906343261100599,0.07190175259783245,-1.6069463881231496,-1,1.0061250070314027,0.0014874312063067083,-0.002700756211739287
2022-01-11,216.02,118.42,1.82418510386759,1.7962335787837393,1.9052638976591116,0.0726495287730875,-1.5007711779647743,-1,1.014755292319851,0.0014874312063067083,-0.002700756211739287
2022-01-12,217.45,118.68,1.8322379507920457,1.8087442918657366,1.9038829856003794,0.07324454706429523,-1.298918452606834,-2,1.0161801223298175,0.0014874312063067083,-0.002700756211739287
2022-01-13,223.9,117.3,1.9087809036658143,1.8342294004478539,1.9036491701771459,0.0732054852098171,-0.9482864505347554,0,1.0293711302725503,0.0,0.0
2022-01-14,225.96,117.34,1.9256860405658769,1.8531813919085234,1.9036216717091639,0.07319674620395086,-0.6891054919312508,0,1.0293711302725503,0.0,0.0
2022-01-18,225.01,115.88,1.9417500862961685,1.8865280170374992,1.9039107907328765,0.07331438628355093,-0.2370990821384996,0,1.0293711302725503,0.0,0.0
2022-01-19,217.08,115.12,1.8856845031271716,1.8988278968894154,1.903006018271788,0.07319670592846249,-0.05708072964999308,0,1.0293711302725503,0.0,0.0
2022-01-20,214.19,115.72,1.8509332872450743,1.902566964180021,1.9010289133010019,0.07297031705911688,0.021077760670451598,0,1.0293711302725503,0.0,0.0
2022-01-21,205.44,113.4,1.8116402116402115,1.8831388257749004,1.8994161737563602,0.07386832614748974,-0.22035625863457983,0,1.0293711302725503,0.0,0.0
2022-01-24,204.2,107.34,1.902366312651388,1.8784748801920028,1.8998177335126711,0.07381690930234691,-0.2891323075211678,0,1.0293711302725503,0.0,0.0
2022-01-25,204.1,108.34,1.883884068672697,1.8669016766673086,1.9002857418000731,0.07362188362302667,-0.4534530154607873,0,1.0293711302725503,0.0,0.0
2022-01-26,194.27,114.22,1.700840483277885,1.829932872697451,1.8974350723381284,0.07792594334479366,-0.8662352580321658,0,1.0293711302725503,0.0,0.0
2022-01-27,189.75,114.42,1.6583639223911903,1.7914189997266743,1.8924615462467882,0.08340469830268708,-1.2114730773728917,-2,1.0293711302725503,0.0,0.0
2022-01-28,190.57,111.38,1.7109894056383552,1.7712888385263028,1.8888278399067928,0.08647800413204508,-1.3591780078668008,-2,1.0293711302725503,0.0,0.0
2022-01-31,200.24,112.12,1.7859436318230468,1.7480043023606349,1.8856645547581645,0.08671590008121427,-1.587485712177388,-1,1.0292511302725504,0.0014982021574111066,-0.0026757046022119154
2022-02-01,208.34,115.44,1.8047470547470548,1.7321768995755065,1.8831702778418693,0.08685742097510578,-1.7384050386395777,-1,1.032503228468237,0.0014982021574111066,-0.0026757046022119154
2022-02-02,207.52,113.3,1.8315975286849075,1.758328308656911,1.8808523027931732,0.08633680541064655,-1.4191397695744856,-2,1.0370007105478933,0.0014982021574111066,-0.0026757046022119154
2022-02-03,206.39,111.64,1.848710139734862,1.7963975521256454,1.879570283964472,0.08623164924865086,-0.9645267435277278,0,1.0396278258286789,0.0,0.0
2022-02-04,206.45,110.32,1.871374184191443,1.828474507836263,1.8791244227060395,0.08620323657078076,-0.5875639579749227,0,1.0396278258286789,0.0,0.0
2022-02-07,211.92,112.94,1.8763945457765185,1.8465646906269573,1.8790580208441967,0.08620378853329903,-0.37693622020670037,0,1.0396278258286789,0.0,0.0
2022-02-08,213.27,115.64,1.8442580421999308,1.8544668881175324,1.8779182936486623,0.0862043034796452,-0.2720444871602879,0,1.0396278258286789,0.0,0.0
2022-02-09,215.86,117.5,1.8371063829787235,1.8555686589762956,1.8756968308621504,0.08549531343730161,-0.235430119811373,0,1.0396278258286789,0.0,0.0
2022-02-10,218.75,118.3,1.849112426035503,1.855649116236424,1.8724498387344013,0.08264981929248143,-0.20327597376254297,0,1.0396278258286789,0.0,0.0
2022-02-11,212.3,118.5,1.7915611814345993,1.8396865156850548,1.869584554077152,0.0824202516446658,-0.36275111754080946,0,1.0396278258286789,0.0,0.0
2022-02-14,210.04,116.3,1.806018916595013,1.8256113898487538,1.8666806750160911,0.08151948982422137,-0.5037971318993052,0,1.0396278258286789,0.0,0.0
2022-02-15,217.73,118.4,1.8389358108108107,1.82454694357093,1.8638888494131176,0.07949503370023019,-0.49489765600380686,0,1.0396278258286789,0.0,0.0
2022-02-16,218.93,117.88,1.8572276891754327,1.8285712048102716,1.8622207673283815,0.07854585014706425,-0.4284066243487926,0,1.0396278258286789,0.0,0.0
2022-02-17,213.58,116.32,1.8361416781292987,1.8259770552290309,1.8606634178993973,0.07811275641736616,-0.44405503353425213,0,1.0396278258286789,0.0,0.0
2022-02-18,209.03,115.0,1.8176521739130436,1.8311952537247198,1.8593459755956987,0.07816126805535077,-0.3601620415247568,0,1.0396278258286789,0.0,0.0
2022-02-22,198.74,114.08,1.7421107994389904,1.8184136302935152,1.8568900376965227,0.0795023455314917,-0.48396568863199896,0,1.0396278258286789,0.0,0.0
2022-02-23,196.42,113.94,1.7238897665437949,1.7954044214401121,1.8522060077723062,0.07890920815692366,-0.7198347019176129,0,1.0396278258286789,0.0,0.0
2022-02-24,198.43,108.92,1.8217958134410577,1.7883180462932369,1.8493830607435067,0.07685646310932315,-0.794533237411783,0,1.0396278258286789,0.0,0.0
2022-02-25,201.48,115.92,1.738095238095238,1.7687087582864252,1.8449487620375307,0.07543764455938687,-1.0106360583817937,-2,1.0396278258286789,0.0,0.0
2022-02-28,205.34,114.9,1.787119234116623,1.7626021703271408,1.843959946028433,0.07580559383666123,-1.0732423767643626,-2,1.0396278258286789,0.0,0.0
2022-03-01,194.91,104.18,1.8708965252447685,1.7883593154882962,1.8417785478586746,0.07301910177503736,-0.7315788755517193,0,1.0396278258286789,0.0,0.0
2022-03-02,197.81,109.68,1.8035193289569655,1.8042852279709305,1.8382687947500511,0.06957546700407004,-0.48844180632136674,0,1.0396278258286789,0.0,0.0
2022-03-03,188.85,105.02,1.7982289087792802,1.799571847038575,1.8348735304201635,0.0663485518714479,-0.5320641127177337,0,1.0396278258286789,0.0,0.0
2022-03-04,180.84,97.1,1.8624098867147272,1.8244347767624731,1.8330415758183116,0.0639635855339961,-0.13455779540788967,0,1.0396278258286789,0.0,0.0
2022-03-07,169.17,93.99,1.7998723268432812,1.8269853953078043,1.8302484105776518,0.06161007149086509,-0.052962367854600026,0,1.0396278258286789,0.0,0.0
2022-03-08,173.8,94.13,1.8463826622755766,1.8220826227139661,1.8282315655334296,0.058968501987934234,-0.10427503857434924,0,1.0396278258286789,0.0,0.0
2022-03-09,178.56,103.14,1.731239092495637,1.8076265754217005,1.82471515197431,0.05834310347279701,-0.29289796969023296,0,1.0396278258286789,0.0,0.0
2022-03-10,178.39,99.79,1.7876540735544642,1.8055116083767373,1.8225924288307958,0.057309715321341874,-0.298044063877903,0,1.0396278258286789,0.0,0.0
2022-03-11,176.23,103.56,1.7017188103514869,1.7733733931040891,1.819165791117142,0.05829606787726565,-0.7855143525196654,0,1.0396278258286789,0.0,0.0
2022-03-14,175.52,104.56,1.6786534047436878,1.7491296086841703,1.8145684237037873,0.05831953583103065,-1.1220736600032803,-2,1.0396278258286789,0.0,0.0
2022-03-15,179.89,103.12,1.7444724592707523,1.7287475680832056,1.8125899047958,0.05865499018756304,-1.4294152372115139,-2,1.0396278258286789,0.0,0.0
2022-03-16,188.99,106.82,1.769237970417525,1.7363473436675831,1.8112485121575694,0.05871169681449906,-1.275745252715796,-2,1.0396278258286789,0.0,0.0
2022-03-17,190.19,107.24,1.7734986945169713,1.7335162678600846,1.8100275435708562,0.058722487377778715,-1.3029297485059244,-2,1.0396278258286789,0.0,0.0
2022-03-18,192.83,106.14,1.8167514603354062,1.7565227978568685,1.8091706546763215,0.05823283431655758,-0.9040922949629376,0,1.0396278258286789,0.0,0.0
2022-03-21,185.9,105.32,1.765096847702241,1.773811486448579,1.80832696211882,0.058502445988154385,-0.5899834628663179,0,1.0396278258286789,0.0,0.0
2022-03-22,191.04,108.26,1.764640679844818,1.7778451305633922,1.8073042829393142,0.058724144987932866,-0.5016531510501433,0,1.0396278258286789,0.0,0.0
2022-03-23,186.04,107.24,1.7348004475941814,1.7709576259987236,1.8060754956689344,0.05946480249493802,-0.590565648867668,0,1.0396278258286789,0.0,0.0
2022-03-24,189.05,107.4,1.76024208566108,1.7683063042275453,1.805122791465631,0.05973750511146437,-0.6163043998806049,0,1.0396278258286789,0.0,0.0
2022-03-25,188.95,107.54,1.757020643481495,1.756360140856763,1.8041323577855182,0.06003845244001065,-0.79569367609014,0,1.0396278258286789,0.0,0.0
2022-03-28,188.16,107.7,1.747075208913649,1.7527558130990446,1.803267139843912,0.060486231959617574,-0.8350880044667064,0,1.0396278258286789,0.0,0.0
2022-03-29,193.8,113.56,1.7065868263473054,1.7411450423995423,1.8018479063990895,0.06174713950673944,-0.9830878723203333,0,1.0396278258286789,0.0,0.0
2022-03-30,194.91,111.36,1.7502693965517242,1.7442388321910507,1.8011901209268888,0.06208762823497702,-0.9172727378198453,0,1.0396278258286789,0.0,0.0
2022-03-31,191.5,110.36,1.73523015585357,1.7392364462295486,1.8001602534033176,0.06266770707227284,-0.9721722721322378,0,1.0396278258286789,0.0,0.0
2022-04-01,190.76,111.02,1.7182489641506036,1.7314821103633704,1.7993029963827933,0.0634387248027727,-1.0690770697279006,-2,1.0396278258286789,0.0,0.0
2022-04-04,191.18,110.1,1.7364214350590375,1.729351355592448,1.7985540976211902,0.0639176056805469,-1.0826867072369675,-2,1.0396278258286789,0.0,0.0
2022-04-05,182.65,105.24,1.7355568225009503,1.735145354823177,1.7969646099418306,0.06428370402580232,-0.9616629292836093,0,1.0396278258286789,0.0,0.0
2022-04-06,178.72,103.8,1.7217726396917148,1.7294460034511754,1.7960772045925042,0.06495580836475567,-1.0257928092768096,-2,1.0396278258286789,0.0,0.0
2022-04-07,177.97,101.98,1.7451461070798195,1.7314291936964252,1.7947598879793747,0.06517719897240855,-0.9716694684863526,0,1.0396278258286789,0.0,0.0
2022-04-08,175.2,103.4,1.6943907156673113,1.7266575439997667,1.7924624340606292,0.0662543425599907,-0.9932162559952776,0,1.0396278258286789,0.0,0.0
2022-04-11,175.03,104.44,1.6758904634239755,1.7145513496727542,1.7885809267232655,0.06614617974409606,-1.11918144535201,-2,1.0396278258286789,0.0,0.0
2022-04-12,176.28,104.66,1.6843111026180013,1.7043022056961643,1.7845580110908008,0.06499635733672453,-1.2347738963101862,-2,1.0396278258286789,0.0,0.0
2022-04-13,182.87,104.36,1.7522997316979687,1.710407624097415,1.7814005051808308,0.06175129436964592,-1.149658186247065,-2,1.0396278258286789,0.0,0.0
2022-04-14,181.94,106.12,1.7144741801733885,1.704273238716129,1.7785469997982675,0.06079913444361906,-1.2216253037453162,-2,1.0396278258286789,0.0,0.0
2022-04-18,179.85,106.12,1.694779494911421,1.704350994564951,1.7759444365927066,0.060989908910645554,-1.1738571725470992,-2,1.0396278258286789,0.0,0.0
2022-04-19,185.98,104.22,1.784494338898484,1.7260717696598527,1.7754920053803445,0.0608210770196362,-0.8125511441459085,0,1.0396278258286789,0.0,0.0
2022-04-20,183.55,105.82,1.7345492345492348,1.7361193960460994,1.772695054078642,0.058709691635278165,-0.6229918266265339,0,1.0396278258286789,0.0,0.0
2022-04-21,181.02,108.52,1.6680796166605236,1.71927537303861,1.7690983132117728,0.05839201908994639,-0.8532491417434293,0,1.0396278258286789,0.0,0.0
2022-04-22,176.92,104.66,1.6904261417924709,1.714465765362427,1.7689247408536823,0.05861341566763259,-0.9291213431420735,0,1.0396278258286789,0.0,0.0
2022-04-25,175.91,103.0,1.7078640776699028,1.7170826819141234,1.769749743441661,0.057365951268360506,-0.9180892212727135,0,1.0396278258286789,0.0,0.0
2022-04-26,167.04,102.04,1.637005096040768,1.68758483334258,1.7685166716150345,0.059409156641380065,-1.3622788615060601,-2,1.0396278258286789,0.0,0.0
2022-04-27,154.46,102.12,1.5125342734038387,1.6431818411135009,1.7639598489747144,0.06792503806539096,-1.7781073268584902,-1,1.039507825828679,0.0019422504208209243,-0.0029377203290246764
2022-04-28,154.22,103.34,1.49235533191407,1.6080369841642104,1.7587533202608312,0.07621265721127814,-1.9775761876246123,-1,1.0354576669262718,0.0019422504208209243,-0.0029377203290246764
2022-04-29,148.84,105.54,1.410270987303392,1.5520059532663943,1.751731211237806,0.08790102627654053,-2.2721607065549745,2,1.018425548627169,0.0,0.0
2022-05-02,148.61,103.98,1.429217157145605,1.4962765691615347,1.7447396615279849,0.09633507301552884,-2.579155073940712,2,1.018425548627169,0.0,0.0
2022-05-03,153.58,106.54,1.4415243101182655,1.4571804119770344,1.7375754969600985,0.10254143958060416,-2.73445629522936,2,1.018425548627169,0.0,0.0
2022-05-04,156.97,102.58,1.530220315851043,1.4607176204664751,1.7318059264613408,0.10432171794287086,-2.5985797716954804,2,1.018425548627169,0.0,0.0
2022-05-05,150.47,109.02,1.3802054668868098,1.438287647461023,1.7240717168727886,0.1127083046434104,-2.5356079156361804,2,1.018425548627169,0.0,0.0
2022-05-06,148.9,107.5,1.3851162790697675,1.4332567058142982,1.7165385484743063,0.11990077746085125,-2.362635578009512,2,1.018425548627169,0.0,0.0
2022-05-09,133.31,103.72,1.2852873119938295,1.404470736783943,1.7071414632402784,0.1309223520044253,-2.311833860471012,2,1.018425548627169,0.0,0.0
2022-05-10,132.95,104.6,1.2710325047801148,1.3703723757163129,1.6984659852960367,0.14201023911422034,-2.310351786083781,2,1.018425548627169,0.0,0.0
2022-05-11,129.39,107.48,1.2038518794194266,1.3050986884299896,1.6884298680097771,0.15496744515824262,-2.4736239226784362,2,1.018425548627169,0.0,0.0
2022-05-12,123.14,104.4,1.1795019157088122,1.26495797819439,1.6774393030914105,0.16702723340591644,-2.4695453339312126,2,1.018425548627169,0.0,0.0
2022-05-13,127.2,106.36,1.1959383226776985,1.2271223869159762,1.6664178136497818,0.17651132588872684,-2.4887662280138243,2,1.018425548627169,0.0,0.0
2022-05-16,124.05,105.84,1.1720521541950113,1.2044753553562129,1.6553496549175433,0.1862411234906151,-2.4209169871338885,2,1.018425548627169,0.0,0.0
2022-05-17,132.05,108.28,1.2195234577022536,1.1941735459406406,1.6453808429806966,0.19328118370476827,-2.3344605428806915,2,1.018425548627169,0.0,0.0
2022-05-18,125.52,107.94,1.1628682601445248,1.1859768220856601,1.6357268006591223,0.20260879139218305,-2.219794982651549,2,1.018425548627169,0.0,0.0
2022-05-19,127.14,106.4,1.194924812030075,1.1890614013499126,1.6269107180838938,0.21007824629925315,-2.0842201629495314,2,1.018425548627169,0.0,0.0
2022-05-20,120.7,106.92,1.1288814066591843,1.1756500181462097,1.6153621446375293,0.21807672908160763,-2.0163184230756346,2,1.018425548627169,0.0,0.0
2022-05-23,124.07,107.18,1.1575853704049262,1.1727566613881926,1.605686980176024,0.2252971582194832,-1.9215968910094874,-1,1.018305548627169,0.0024179898444426536,-0.002799029669714499
2022-05-24,119.4,102.74,1.162156900914931,1.1612833500307282,1.5952709412893291,0.23113798788172554,-1.8776125691665815,-1,1.0194412277871543,0.0024179898444426536,-0.002799029669714499
2022-05-25,122.06,104.76,1.165139366170294,1.1617375712358822,1.5835083219714212,0.23480260565315927,-1.7962779823600485,-1,1.0202190408405485,0.0024179898444426536,-0.002799029669714499
2022-05-26,127.73,109.06,1.171190170548322,1.1569906429395316,1.5729695026646104,0.23891495422275966,-1.7411168801816745,-1,1.0218932156787661,0.0024179898444426536,-0.002799029669714499
2022-05-27,132.23,111.86,1.1821026282853566,1.167634887264766,1.562700731323045,0.24228604817504332,-1.630576118740678,-1,1.0249368869035576,0.0024179898444426536,-0.002799029669714499
2022-05-31,131.4,108.78,1.207942636514065,1.1777063404865937,1.5517929438197007,0.24329441457326428,-1.537588127492572,-1,1.031550966715391,0.0024179898444426536,-0.002799029669714499
2022-06-01,130.65,108.26,1.2068169222242748,1.1866383447484625,1.5419086870760508,0.24508529545689012,-1.4495783668509783,-2,1.0311929697603106,0.0024179898444426536,-0.002799029669714499
2022-06-02,140.5,108.96,1.2894640234948607,1.2115032762133757,1.5326267097630386,0.24390175576079584,-1.3166097658788543,-2,1.0530508489592707,0.0024179898444426536,-0.002799029669714499
2022-06-03,139.25,108.68,1.2812845049687154,1.2335221430974546,1.52512746663759,0.24460787117543134,-1.1921338513714377,-2,1.0508120899612374,0.0024179898444426536,-0.002799029669714499
2022-06-06,139.24,111.34,1.2505837973774026,1.2472183769158636,1.5161762953679725,0.244664911865232,-1.0992909297932274,-2,1.0433424911413525,0.0024179898444426536,-0.002799029669714499
2022-06-07,140.82,110.26,1.2771630691093776,1.2610624634349263,1.5091003663472704,0.24534622364493697,-1.010970942317427,-2,1.0501858671388635,0.0024179898444426536,-0.002799029669714499
2022-06-08,139.63,108.32,1.2890509601181683,1.277509271013705,1.5026069922701784,0.24593767544144915,-0.9152632708771892,0,1.0526104138200623,0.0,0.0
2022-06-09,133.73,105.4,1.2687855787476279,1.2733735820642584,1.4946788775947932,0.24567573092087908,-0.9008024305087226,0,1.0526104138200623,0.0,0.0
2022-06-10,127.0,102.0,1.2450980392156863,1.2661362889136525,1.4859432120747624,0.24506541877756186,-0.8969316203712191,0,1.0526104138200623,0.0,0.0
2022-06-13,115.86,97.52,1.1880639868744873,1.2536323268130694,1.4761859669473878,0.245076887165166,-0.9080972208706554,0,1.0526104138200623,0.0,0.0
2022-06-14,122.16,96.36,1.2677459526774595,1.251748903526686,1.4670358751530885,0.24238004512465144,-0.8882206929026873,0,1.0526104138200623,0.0,0.0
2022-06-15,133.72,96.45,1.3864178330741317,1.2712222781178784,1.4607245582426203,0.2393991791713159,-0.7915744773257247,0,1.0526104138200623,0.0,0.0
2022-06-16,133.36,93.0,1.433978494623656,1.3042608612930842,1.4552135218222673,0.2360671444231488,-0.6394479879783755,0,1.0526104138200623,0.0,0.0
2022-06-17,136.8,94.12,1.4534636634084148,1.3459339861316297,1.4505245754191711,0.23319625631968646,-0.4485088694741273,0,1.0526104138200623,0.0,0.0
2022-06-21,136.75,96.08,1.423293089092423,1.392979806575217,1.4449087588096936,0.2296413385412918,-0.2261306808449004,0,1.0526104138200623,0.0,0.0
2022-06-22,137.16,92.96,1.475473321858864,1.4345252804114978,1.4402163034493165,0.2260033273107994,-0.025181147134140946,0,1.0526104138200623,0.0,0.0
2022-06-23,133.97,90.92,1.4734931808183018,1.4519403499603318,1.4356566029810607,0.22243910779725284,0.07320541401430787,0,1.0526104138200623,0.0,0.0
2022-06-24,141.53,92.5,1.5300540540540541,1.4711554618464115,1.4327143901095065,0.21994831980900806,0.17477320022396764,0,1.0526104138200623,0.0,0.0
2022-06-27,138.72,93.21,1.4882523334406181,1.4781131958528522,1.428347439057655,0.21610408686262897,0.23028605112328054,0,1.0526104138200623,0.0,0.0
2022-06-28,138.7,94.94,1.460922688013482,1.4856391156370639,1.4237756479269867,0.2123711044252431,0.291298893404087,0,1.0526104138200623,0.0,0.0
2022-06-29,138.45,92.21,1.501464049452337,1.4908372611557588,1.420162566015349,0.20909511929242403,0.33800260560634954,0,1.0526104138200623,0.0,0.0
2022-06-30,136.72,92.45,1.4788534342888047,1.4919093118498592,1.4158697660025117,0.205097935418203,0.3707474952992569,0,1.0526104138200623,0.0,0.0
2022-07-01,139.84,95.24,1.4682906341873163,1.4795566278765118,1.411415329530618,0.2008963910689607,0.33918627399584916,0,1.0526104138200623,0.0,0.0
2022-07-05,137.7,89.42,1.5399239543726235,1.4898909520629127,1.408384518108633,0.19747747755481124,0.4127378725083068,0,1.0526104138200623,0.0,0.0
2022-07-06,136.31,92.66,1.4710770559033024,1.4919218256408768,1.4038167005890243,0.19266700804793485,0.457292226336604,0,1.0526104138200623,0.0,0.0
2022-07-07,139.97,94.68,1.4783481199831008,1.4872986397470296,1.4002159906609541,0.1891308286738891,0.46043603624361334,0,1.0526104138200623,0.0,0.0
2022-07-08,139.07,96.04,1.4480424822990419,1.4811364493490768,1.3964185243088718,0.18575925116753017,0.45606301978360536,0,1.0526104138200623,0.0,0.0
2022-07-11,136.99,96.71,1.4165029469548136,1.4707789119025763,1.3919550550478188,0.18190188071175087,0.4333317310757493,0,1.0526104138200623,0.0,0.0
2022-07-12,147.15,100.46,1.464762094365917,1.455746539901235,1.3871627610922845,0.1759373912275132,0.3898192324578775,0,1.0526104138200623,0.0,0.0
2022-07-13,143.95,101.28,1.4213072669826223,1.445792582117099,1.3822766458724385,0.17068578561202966,0.3721220019400605,0,1.0526104138200623,0.0,0.0
2022-07-14,147.15,99.62,1.4771130295121462,1.4455455640229082,1.3786488714491172,0.16618505467069108,0.4025433737489341,0,1.0526104138200623,0.0,0.0
2022-07-15,147.74,103.72,1.4244118781334363,1.4408194431897872,1.3726474971030334,0.15755836104883003,0.43267742589443514,0,1.0526104138200623,0.0,0.0
2022-07-18,147.72,104.34,1.4157561817136284,1.4406700901415501,1.367334279555773,0.15035806220470135,0.48774112615215687,0,1.0526104138200623,0.0,0.0
2022-07-19,156.13,105.84,1.475151171579743,1.4427479055843153,1.3641188054710933,0.1458116752275566,0.539251057849187,0,1.0526104138200623,0.0,0.0
2022-07-20,158.38,104.66,1.5132811007070515,1.4611426723292011,1.3611663881196696,0.14079986636990513,0.7100595106168416,0,1.0526104138200623,0.0,0.0
2022-07-21,161.41,104.56,1.5437069625095639,1.4744614589286846,1.3584304362003305,0.13544178730800538,0.8566855549867363,0,1.0526104138200623,0.0,0.0
2022-07-22,158.16,105.58,1.4980109869293428,1.4891812806878657,1.3561138677151403,0.13173426557482892,1.0101199744203166,-2,1.0526104138200623,0.0,0.0
2022-07-25,156.64,105.84,1.4799697656840511,1.5020239974819503,1.3555711259198102,0.13114465767031083,1.116727697214423,-2,1.0526104138200623,0.0,0.0
2022-07-26,155.92,105.0,1.4849523809523808,1.503984239356478,1.3554477434037824,0.13101720870550473,1.1337174514728825,-2,1.0526104138200623,0.0,0.0
2022-07-27,156.09,106.16,1.4703278070836474,1.4953935806317973,1.3564486904001198,0.1316709275729905,1.0552434982631582,-2,1.0526104138200623,0.0,0.0
2022-07-28,159.09,103.04,1.54396350931677,1.4954448899932384,1.3583611296029727,0.1335654393696563,1.0263415524046762,-2,1.0526104138200623,0.0,0.0
2022-07-29,159.31,104.88,1.5189740655987796,1.4996375057271258,1.359651958860981,0.13475176771595618,1.0388401520729655,-2,1.0526104138200623,0.0,0.0
2022-08-01,169.07,102.48,1.6497853239656517,1.533600617383446,1.3616447089962247,0.13815796885968004,1.244632573904355,-2,1.0526104138200623,0.0,0.0
2022-08-02,163.28,102.74,1.589254428654857,1.5544610269239414,1.3651288583590255,0.14123565846792174,1.340540842296693,-2,1.0526104138200623,0.0,0.0
2022-08-03,166.64,104.1,1.6007684918347742,1.5805491638741664,1.3687230619051087,0.14446010557603178,1.4663294140925993,-2,1.0526104138200623,0.0,0.0
2022-08-04,166.5,103.84,1.6034283513097072,1.592442132272754,1.3740254125603737,0.1471591296684759,1.4842213337659405,-2,1.0526104138200623,0.0,0.0
2022-08-05,165.04,104.78,1.5751097537698033,1.6036692699069586,1.3790933667102017,0.148779160703175,1.5094580594173521,1,1.0524904138200624,-0.001817741153659719,0.002863141820958198
2022-08-08,165.89,106.06,1.5641146520837261,1.5865351355305737,1.3850977462546068,0.14885661532663041,1.3532310192191357,-2,1.0546101553702782,-0.001817741153659719,0.002863141820958198
2022-08-09,164.85,106.44,1.548759864712514,1.578436222742105,1.3912520454046684,0.14784223974189722,1.2661075594107774,-2,1.0575886000620485,-0.001817741153659719,0.002863141820958198
2022-08-10,169.02,107.52,1.5719866071428572,1.5726798458037217,1.3975195168124208,0.14739219001183151,1.188396271045571,-2,1.0531008126179222,-0.001817741153659719,0.002863141820958198
2022-08-11,167.88,107.84,1.5567507418397626,1.5633443239097327,1.4039311599398336,0.1457764427433269,1.0935454382748433,-2,1.0560892429158009,-0.001817741153659719,0.002863141820958198
2022-08-12,169.99,108.42,1.5678841542150894,1.5618992039987898,1.409737171548381,0.1452436469461221,1.0476329646752327,-2,1.0539144313377344,-0.001817741153659719,0.002863141820958198
2022-08-15,170.47,108.8,1.5668198529411765,1.56244024417028,1.4164696980949916,0.14295064907981922,1.0211254514401193,-2,1.054129909475942,-0.001817741153659719,0.002863141820958198
2022-08-16,172.08,110.54,1.5567215487606296,1.564032580979903,1.4224996437071675,0.14106527078617467,1.003315248919556,-2,1.056185212987017,-0.001817741153659719,0.002863141820958198
2022-08-17,167.2,108.14,1.5461438875531717,1.558864037061966,1.429454018388734,0.13655815530096968,0.9476550000841506,0,1.0580615401510947,0.0,0.0
2022-08-18,168.69,108.66,1.552457205963556,1.5580053298867247,1.4360352156480445,0.13269425478527128,0.9191815759925318,0,1.0580615401510947,0.0,0.0
2022-08-19,162.92,106.24,1.5335090361445782,1.5511303062726225,1.4422244179018722,0.12829069155612025,0.8488993788228968,0,1.0580615401510947,0.0,0.0
2022-08-22,158.98,103.24,1.539907012785742,1.5457477382415354,1.4484705453454627,0.12360931536289754,0.7869729931800218,0,1.0580615401510947,0.0,0.0
2022-08-23,160.07,102.88,1.5558903576982892,1.5455815000290674,1.4548822151312955,0.11886928778243477,0.7630169793208307,0,1.0580615401510947,0.0,0.0
2022-08-24,163.6,103.32,1.5834301200154859,1.5530387465215303,1.461571006660131,0.1144697437649806,0.7990560374555645,0,1.0580615401510947,0.0,0.0
2022-08-25,169.38,103.9,1.6302213666987486,1.5685915786685687,1.4686089854965425,0.11155599164573249,0.8962548017101595,0,1.0580615401510947,0.0,0.0
2022-08-26,164.53,101.92,1.6143053375196232,1.5847508389435778,1.4754004590847984,0.1076847653674395,1.0154675035568541,-2,1.0580615401510947,0.0,0.0
2022-08-29,165.42,100.38,1.647937836222355,1.6063570036309003,1.4813750226302567,0.10713681864858803,1.1665642360595778,-2,1.0580615401510947,0.0,0.0
2022-08-30,162.21,100.62,1.6121049493142516,1.617599921954093,1.486888696702682,0.10515925284405005,1.2429835864776857,-2,1.0580615401510947,0.0,0.0
2022-08-31,160.25,97.89,1.637041577280621,1.6283222134071198,1.493329659701069,0.10223488748327389,1.3204157311576854,-2,1.0580615401510947,0.0,0.0
2022-09-01,153.66,94.97,1.6179846267242286,1.6258748654122157,1.4990100189946498,0.09945114105042026,1.275649983274172,-2,1.0580615401510947,0.0,0.0
2022-09-02,151.82,98.96,1.5341552142279709,1.6098448407538855,1.50309508989648,0.09564166420701156,1.1161427578921137,-2,1.0580615401510947,0.0,0.0
2022-09-06,152.39,97.09,1.5695746214852198,1.5941721978064585,1.5081082406087731,0.09091838660108491,0.9466067361632917,0,1.0580615401510947,0.0,0.0
2022-09-07,155.95,95.97,1.6249869750963841,1.5967486029628848,1.5144397228734514,0.08534913747392525,0.9643785810322841,0,1.0580615401510947,0.0,0.0
2022-09-08,157.79,96.28,1.6388658080598255,1.5971134491187258,1.5219530865598736,0.07539250202996015,0.9969209209820927,0,1.0580615401510947,0.0,0.0
2022-09-09,157.52,96.0,1.6408333333333334,1.6016831904405469,1.5281712095708049,0.06920236540820848,1.0622755513646402,-2,1.0580615401510947,0.0,0.0
2022-09-12,158.72,99.69,1.5921356204233124,1.613279271679615,1.531599839359958,0.06712512617556175,1.2168235200933455,-2,1.0580615401510947,0.0,0.0
2022-09-13,147.31,97.5,1.510871794871795,1.60153870635693,1.5328813943640938,0.06595354723340661,1.040994986211448,-2,1.0580615401510947,0.0,0.0
2022-09-14,149.26,95.48,1.5632593213238373,1.5891931756024207,1.5347113219960173,0.06523193009294773,0.8352022319249667,0,1.0580615401510947,0.0,0.0
2022-09-15,149.78,94.9,1.5782929399367756,1.5770786019778107,1.5372946528434235,0.06379814518561565,0.6235909996856329,0,1.0580615401510947,0.0,0.0
2022-09-16,144.29,91.74,1.5728144756921736,1.563474830449579,1.5389170054073118,0.06343605556570539,0.38712723896949686,0,1.0580615401510947,0.0,0.0
2022-09-19,144.88,93.44,1.5505136986301369,1.5551504460909436,1.5402006807041757,0.06286644341240274,0.23780199062157295,0,1.0580615401510947,0.0,0.0
2022-09-20,145.94,91.97,1.586821789714037,1.5703404450593923,1.5411468096318421,0.0631377370983649,0.46238013538667344,0,1.0580615401510947,0.0,0.0
2022-09-21,143.29,93.37,1.534647102923851,1.5646180013793949,1.5419200557898958,0.06276193963076371,0.3616514359344843,0,1.0580615401510947,0.0,0.0
2022-09-22,138.71,92.34,1.5021659085986572,1.549392595111771,1.5426074427996488,0.062081967616474575,0.10929344820446261,0,1.0580615401510947,0.0,0.0
2022-09-23,131.26,91.98,1.4270493585562076,1.5202395716845778,1.54136719795138,0.06364156395101134,-0.3319784265997217,0,1.0580615401510947,0.0,0.0
2022-09-26,127.34,91.48,1.3919982509838216,1.488536482155315,1.5399196115629636,0.06603055948337061,-0.7781719526485169,0,1.0580615401510947,0.0,0.0
2022-09-27,127.51,89.8,1.419933184855234,1.4551587611835544,1.5391136540740957,0.06720435701438597,-1.2492477663698163,-2,1.0580615401510947,0.0,0.0
2022-09-28,133.44,89.29,1.494456266099227,1.4471205938186293,1.538355859269539,0.06745095908874742,-1.3526162812728646,-2,1.0580615401510947,0.0,0.0
2022-09-29,125.33,88.09,1.422749460778749,1.431237304254648,1.5375503993507964,0.06854761515789984,-1.550937911570746,-1,1.0579415401510948,0.0023936806829968882,-0.00340560790101033
2022-09-30,121.08,88.89,1.3621329733378333,1.418254027210973,1.5356134802400419,0.07181296578252945,-1.6342376582032203,-1,1.0450439109275498,0.0023936806829968882,-0.00340560790101033
2022-10-03,126.05,89.21,1.4129581885438853,1.4224460147229858,1.535028742010789,0.07267575388790713,-1.5491098649137847,-1,1.055850709393721,0.0023936806829968882,-0.00340560790101033
2022-10-04,133.51,94.7,1.409820485744456,1.4204234749008302,1.5349173676572834,0.0728653443556722,-1.5713079210547969,-1,1.0550107799123312,0.0023936806829968882,-0.00340560790101033
2022-10-05,132.11,93.35,1.415211569362614,1.4045745355535075,1.534091525573895,0.0739467216520599,-1.7514906290207326,-1,1.0562571976224995,0.0023936806829968882,-0.00340560790101033
2022-10-06,132.2,93.14,1.4193686922911743,1.4038983818559925,1.534059215995704,0.07399724202350755,-1.758995748765365,-1,1.0571878065431815,0.0023936806829968882,-0.00340560790101033
2022-10-07,129.79,92.33,1.4057186180006498,1.4126155107885559,1.5328693091371792,0.07548750104609157,-1.5930292655362661,-1,1.0541775784969774,0.0023936806829968882,-0.00340560790101033
2022-10-10,131.9,93.01,1.418127083109343,1.4136492897016475,1.5327645625534445,0.07564474415966846,-1.5746668744145975,-1,1.0569124313654137,0.0023936806829968882,-0.00340560790101033
2022-10-11,131.57,93.93,1.400723943362078,1.4118299812251718,1.5325140252475853,0.07606258680906498,-1.5866413316359973,-1,1.0529893574710953,0.0023936806829968882,-0.00340560790101033
2022-10-12,130.42,93.25,1.3986058981233243,1.408508846977314,1.5312382706899783,0.07766603277360376,-1.5802200695691546,-1,1.052552438058336,0.0023936806829968882,-0.00340560790101033
2022-10-13,132.4,96.9,1.3663570691434468,1.3979065223477682,1.5287895368305848,0.0805060603024016,-1.6257535642805785,-1,1.044861456971982,0.0023936806829968882,-0.00340560790101033
2022-10-14,133.15,96.59,1.3785070918314526,1.3924642171139288,1.5260362056526164,0.08278005908152594,-1.613576868882629,-1,1.0477124559335431,0.0023936806829968882,-0.00340560790101033
2022-10-17,136.09,99.1,1.3732593340060546,1.3834906672932712,1.5239570114372283,0.0850319709984923,-1.6519238880920177,-1,1.046201801310018,0.0023936806829968882,-0.00340560790101033
2022-10-18,137.34,100.24,1.3701117318435756,1.3773682249895707,1.5221260442065538,0.0871515410392771,-1.6609897827480102,-1,1.0453115091566123,0.0023936806829968882,-0.00340560790101033
2022-10-19,138.39,100.88,1.3718279143536876,1.3720126282356433,1.5202406364299086,0.08916965700321658,-1.662314437173604,-1,1.0456452848171125,0.0023936806829968882,-0.00340560790101033
2022-10-20,139.13,101.36,1.3726322020520916,1.3732676548173726,1.5186123763460495,0.09097031752694934,-1.5977158866750087,-1,1.0457819167300453,0.0023936806829968882,-0.00340560790101033
2022-10-21,141.32,100.92,1.4003170828378912,1.3776296530186602,1.516218269238068,0.0921740719801671,-1.503553149406565,-1,1.0525225449022528,0.0023936806829968882,-0.00340560790101033
2022-10-24,142.05,102.54,1.3853130485664131,1.3800403959307317,1.5139905856208622,0.0937087392688884,-1.4294311366816392,-2,1.048752847001204,0.0023936806829968882,-0.00340560790101033
2022-10-25,146.65,104.06,1.409283105900442,1.387874670742105,1.509982215319775,0.09294227883481827,-1.3137997702282054,-2,1.054587254133454,0.0023936806829968882,-0.00340560790101033
2022-10-26,133.79,105.9,1.2633616619452313,1.3661814202604137,1.504550669207948,0.09763519756895148,-1.4172066262253,-2,1.017538202012255,0.0023936806829968882,-0.00340560790101033
2022-10-27,139.76,106.12,1.3169996230682246,1.3550549044636404,1.499821188061839,0.09974550008606506,-1.4513565371198456,-2,1.0310792419515242,0.0023936806829968882,-0.00340560790101033
2022-10-28,143.84,110.0,1.3076363636363637,1.336518760623335,1.4948913216006163,0.10182596235163685,-1.555325943597482,-1,1.0276317004822315,0.0023936806829968882,-0.00340560790101033
2022-10-31,142.51,109.58,1.3005110421609782,1.3195583593422477,1.490314676407136,0.10430033436928275,-1.637159824054958,-1,1.02587846049227,0.0023936806829968882,-0.00340560790101033
2022-11-01,143.38,112.52,1.2742623533594029,1.2925542088340403,1.4854838047617307,0.10748803290554418,-1.7948937264228157,-1,1.0179484754575068,0.0023936806829968882,-0.00340560790101033
2022-11-02,147.41,111.86,1.3178079742535311,1.3034434712957002,1.4816346065874144,0.10930359683902235,-1.6302403621186092,-1,1.0298427098246512,0.0023936806829968882,-0.00340560790101033
2022-11-03,156.75,111.4,1.4070915619389586,1.321461859069847,1.4788863558340162,0.10906609014906081,-1.4433862674367148,-2,1.053766267038307,0.0023936806829968882,-0.00340560790101033
2022-11-04,160.01,114.0,1.40359649122807,1.3406538845881881,1.4763337849904878,0.10900505922277144,-1.2447119552957027,-2,1.05271508552225,0.0023936806829968882,-0.00340560790101033
2022-11-07,164.91,113.98,1.4468327776802947,1.3699182316920515,1.474316262048241,0.10840044160201805,-0.963077537446545,0,1.064355650412957,0.0,0.0
2022-11-08,169.62,113.16,1.4989395546129376,1.4148536719427585,1.4731849237427708,0.107771044604864,-0.5412516136767561,0,1.064355650412957,0.0,0.0
2022-11-09,168.74,113.3,1.4893203883495147,1.4491561547619551,1.472061571069252,0.10723548896207205,-0.2135992154183042,0,1.064355650412957,0.0,0.0
2022-11-10,177.58,113.14,1.5695598373696307,1.4816498098480895,1.4724518368995263,0.10755181166507967,0.08552132043303928,0,1.064355650412957,0.0,0.0
2022-11-11,177.49,113.0,1.57070796460177,1.5150721045228297,1.4727560162101632,0.10780742367781232,0.3925155325029397,0,1.064355650412957,0.0,0.0
2022-11-14,173.55,112.86,1.5377458798511432,1.5332547249569992,1.4728266302719393,0.10784927092993328,0.5603013739825689,0,1.064355650412957,0.0,0.0
2022-11-15,175.35,114.38,1.5330477356181151,1.5400763611580346,1.4727123089858123,0.10778057345291399,0.6250110758749263,0,1.064355650412957,0.0,0.0
2022-11-16,172.69,114.26,1.5113775599509889,1.5444877954783296,1.4719704290233573,0.10735067354381732,0.6755185045520269,0,1.064355650412957,0.0,0.0
2022-11-17,172.78,113.06,1.5282151070228198,1.5362188494089675,1.4710501788068127,0.10661313311219373,0.6112630658136172,0,1.064355650412957,0.0,0.0
2022-11-18,173.89,114.64,1.5168353105373342,1.5254443185960802,1.4691604112041223,0.10473224835669202,0.5374076110757106,0,1.064355650412957,0.0,0.0
2022-11-21,172.94,114.18,1.514626029076896,1.5208203484412308,1.4674990893967437,0.10316978439130725,0.5168301878217342,0,1.064355650412957,0.0,0.0
2022-11-22,172.5,114.08,1.5120967741935485,1.5166301561563176,1.4652350716962634,0.10060154039272301,0.510877708824544,0,1.064355650412957,0.0,0.0
2022-11-23,174.85,113.76,1.5370077355836849,1.5217561912828566,1.4639834514674208,0.09920071136398084,0.5823823138068005,0,1.064355650412957,0.0,0.0
2022-11-25,178.36,113.82,1.5670356703567039,1.5295203039496337,1.462816686352022,0.09752835758235812,0.683940745554785,0,1.064355650412957,0.0,0.0
2022-11-28,171.83,107.36,1.6005029806259317,1.546253837967353,1.4625253255837172,0.0970820362405186,0.862451135410883,0,1.064355650412957,0.0,0.0
2022-11-29,175.32,109.18,1.6057886059717896,1.5644863533463318,1.4637192154461143,0.0984092447820531,1.0239600773625126,-2,1.064355650412957,0.0,0.0
2022-11-30,178.88,109.2,1.638095238095238,1.5896860461266695,1.4648612257229479,0.10004251359811815,1.247717754325494,-2,1.064355650412957,0.0,0.0
2022-12-01,175.78,110.14,1.5959687670237879,1.6014782524146902,1.464377588921738,0.09932284839589538,1.38035372230241,-2,1.064355650412957,0.0,0.0
2022-12-02,182.87,110.98,1.647774373761038,1.617625993095557,1.4645260650167582,0.09959439640806587,1.5372343585627641,1,1.064235650412957,-0.0016405096516651171,0.002703189763921427
2022-12-05,185.1,110.32,1.6778462654097173,1.6330946500523145,1.465142947218031,0.10081212652144345,1.6659871052175346,1,1.0587932086455556,-0.0016405096516651171,0.002703189763921427
2022-12-06,178.43,110.84,1.6097979068928185,1.6338965102365197,1.4654373186591898,0.10121421530517734,1.6643827259777495,1,1.071141066699401,-0.0016405096516651171,0.002703189763921427
2022-12-07,176.5,108.4,1.6282287822878228,1.631923219075037,1.4673932684494566,0.10322116702822397,1.5939555360829494,1,1.0677114673031465,-0.0016405096516651171,0.002703189763921427
2022-12-08,179.08,110.14,1.625930633738878,1.6379155924180548,1.4684377903230408,0.10451666679027208,1.6215385287314603,1,1.0681825025910736,-0.0016405096516651171,0.002703189763921427
2022-12-09,179.54,111.64,1.6082049444643496,1.6300017065587173,1.4689363237318338,0.10511914756691536,1.5322173605370484,1,1.0714826527971897,-0.0016405096516651171,0.002703189763921427
2022-12-12,186.27,112.1,1.66164139161463,1.6267607317996997,1.4704167723305412,0.10721158748532722,1.4582748295799222,-2,1.0616854901328874,-0.0016405096516651171,0.002703189763921427
2022-12-13,187.13,113.48,1.6490130419457172,1.6346037588102795,1.4720584280524676,0.10919462897975613,1.4885835711566606,-2,1.0640050537066672,-0.0016405096516651171,0.002703189763921427
2022-12-14,188.25,113.0,1.665929203539823,1.6421438430606794,1.4733768849495639,0.1110653725328973,1.5195281325070706,1,1.06087015181012,-0.0016405096516651171,0.002703189763921427
2022-12-15,183.72,110.68,1.6599204915070471,1.6489418146143133,1.4754647747592842,0.11338986458770078,1.529916633076621,1,1.0620302602798652,-0.0016405096516651171,0.002703189763921427
2022-12-16,184.7,109.98,1.6793962538643388,1.6631800764943112,1.4784186138470454,0.11636660434366985,1.5877533222642024,1,1.0585303279864884,-0.0016405096516651171,0.002703189763921427
2022-12-19,185.68,110.94,1.6736974941409772,1.6655912969995808,1.4825294161067917,0.11885121939640213,1.5402608557361654,1,1.0595176907012211,-0.0016405096516651171,0.002703189763921427
2022-12-20,188.29,111.08,1.6950846236946344,1.674805613349364,1.4875808556519716,0.12135282155723089,1.5428133874010985,1,1.0556144070773241,-0.0016405096516651171,0.002703189763921427
2022-12-21,196.0,113.3,1.7299205648720213,1.6876038856158035,1.4927473119855847,0.12496879079763605,1.5592418906073369,1,1.0489671589388916,-0.0016405096516651171,0.002703189763921427
2022-12-22,188.25,111.84,1.6832081545064377,1.6922614182156817,1.4958931767923718,0.12736530577661143,1.5417718367333417,1,1.057734451683971,-0.0016405096516651171,0.002703189763921427
2022-12-23,189.06,111.74,1.6919634866654736,1.6947748647759089,1.5003800772238172,0.1294695155868399,1.5014714982980228,1,1.05613531988973,-0.0016405096516651171,0.002703189763921427
2022-12-27,189.4,112.82,1.678780358092537,1.6957914375662206,1.5056575336363955,0.1301903611614219,1.4604299598960304,-2,1.058496991553199,-0.0016405096516651171,0.002703189763921427
2022-12-28,188.38,111.62,1.6876903780684465,1.694312588440983,1.5102364034618048,0.1316973355430968,1.3977214058286018,-2,1.0569264836811918,-0.0016405096516651171,0.002703189763921427
2022-12-29,188.91,112.02,1.6863952865559722,1.6856075327777735,1.51484598347533,0.13295728924554037,1.2843338659461359,-2,1.057138289471378,-0.0016405096516651171,0.002703189763921427
2022-12-30,190.49,111.02,1.7158169699153307,1.692129295859552,1.519856073484542,0.13479029952076008,1.2780832373510436,-2,1.0518430944578256,-0.0016405096516651171,0.002703189763921427
2023-01-03,195.39,114.54,1.7058669460450495,1.694909987735467,1.5246310443804398,0.13623704267152545,1.2498725751525483,-2,1.05331982513367,-0.0016405096516651171,0.002703189763921427
2023-01-04,203.64,115.38,1.7649505980239208,1.7121440357217437,1.5306182440474947,0.13879224231494325,1.3078958063256592,-2,1.0420562999091267,-0.0016405096516651171,0.002703189763921427
2023-01-05,204.99,115.2,1.7794270833333334,1.7304913767747212,1.5366399107178943,0.1416375090444079,1.3686449822839533,-2,1.039355037721873,-0.0016405096516651171,0.002703189763921427
2023-01-06,213.0,116.54,1.8276986442423202,1.758752048311991,1.5437561557325652,0.14536997998223156,1.4789566085494716,-2,1.0298368296956901,-0.0016405096516651171,0.002703189763921427
2023-01-09,208.57,117.5,1.775063829787234,1.7706014202863716,1.5500304545936303,0.14711266678244436,1.4993336095180012,-2,1.0396993496259312,-0.0016405096516651171,0.002703189763921427
2023-01-10,206.69,115.1,1.795742832319722,1.7885765975413062,1.5571868839799015,0.14846399198745128,1.5585578055920968,1,1.0362958523376502,-0.0016405096516651171,0.002703189763921427
2023-01-11,208.03,113.9,1.8264266900790167,1.8008718159523252,1.5646522106173608,0.15057356989204243,1.568798597950012,1,1.0308537416877133,-0.0016405096516651171,0.002703189763921427
2023-01-12,214.32,116.24,1.843771507226428,1.813740700730944,1.5724940801710336,0.1526743654733204,1.5801383540190177,1,1.0268604000263157,-0.0016405096516651171,0.002703189763921427
2023-01-13,214.13,116.84,1.8326771653543306,1.814736404953346,1.5802035040628797,0.15395513105901423,1.5233847633214967,1,1.028794010718485,-0.0016405096516651171,0.002703189763921427
2023-01-17,211.41,116.32,1.8174862448418159,1.8232208879642626,1.5876311429043486,0.15448115917943284,1.5250386928173683,1,1.031850538293775,-0.0016405096516651171,0.002703189763921427
2023-01-18,209.41,118.54,1.7665766829762104,1.8173876580955604,1.5941968842530838,0.15355734909038787,1.4534685260234639,-2,1.0411326388730109,-0.0016405096516651171,0.002703189763921427
2023-01-19,207.09,116.92,1.7712110845022238,1.8063445369802018,1.6003784509474894,0.15308486910614996,1.345437254741971,-2,1.0405594538473213,-0.0016405096516651171,0.002703189763921427
2023-01-20,206.76,118.92,1.7386478304742683,1.7853198016297696,1.606267363979287,0.15145890464710796,1.1821849502191117,-2,1.0465072015602137,-0.0016405096516651171,0.002703189763921427
2023-01-23,209.97,119.22,1.7611977856064418,1.771023925680192,1.6121326086410537,0.15051238813451612,1.055669363887402,-2,1.042052122507545,-0.0016405096516651171,0.002703189763921427
2023-01-24,211.98,120.78,1.7550919026328862,1.7585450572384063,1.6203281126525146,0.14446575861116093,0.9567453624627522,0,1.0428368248402862,0.0,0.0
2023-01-25,212.68,120.14,1.7702680206425836,1.7592833247716808,1.6278825859454207,0.14012104746782755,0.9377658902844724,0,1.0428368248402862,0.0,0.0
2023-01-26,212.73,120.94,1.7589713907722837,1.7568353860256927,1.6354048363976859,0.1346453058841229,0.9018550541413687,0,1.0428368248402862,0.0,0.0
2023-01-27,211.17,116.62,1.8107528725776023,1.7712563944463597,1.6439088669046298,0.1291357263701239,0.98615256305394,0,1.0428368248402862,0.0,0.0
2023-01-30,209.67,115.52,1.8150103878116344,1.782018914887398,1.6529213341455,0.12154721655039165,1.0621187749566936,-2,1.0428368248402862,0.0,0.0
2023-01-31,213.0,114.84,1.8547544409613375,1.8019514225530884,1.6618704419239634,0.1161005023744764,1.2065493065421953,-2,1.0428368248402862,0.0,0.0
2023-02-01,214.75,116.04,1.850654946570148,1.8180288077386013,1.66926316500115,0.11369960740232157,1.3084094671589317,-2,1.0428368248402862,0.0,0.0
2023-02-02,209.34,117.76,1.7776834239130435,1.8217712143667533,1.6754979472125662,0.10904611550666855,1.3413890671350137,-2,1.0428368248402862,0.0,0.0
2023-02-03,206.01,117.12,1.7589651639344261,1.811413672638118,1.6807001536501351,0.10533461633591727,1.240936014530409,-2,1.0428368248402862,0.0,0.0
2023-02-06,206.81,115.74,1.7868498358389495,1.805781562243581,1.6854986583372351,0.10345528825044358,1.162655925477355,-2,1.0428368248402862,0.0,0.0
2023-02-07,214.76,112.3,1.9123775601068567,1.8173061860726847,1.6925496111998577,0.10427164406690659,1.1964573493516235,-2,1.0428368248402862,0.0,0.0
2023-02-08,213.5,113.3,1.884377758164166,1.8240507483914885,1.6977965765464333,0.1058862264701021,1.1923568914858265,-2,1.0428368248402862,0.0,0.0
2023-02-09,211.99,113.66,1.865124054196727,1.841538874448225,1.7027035113730158,0.10671552341574107,1.3009856357480074,-2,1.0428368248402862,0.0,0.0
2023-02-10,212.89,113.74,1.8717249868120274,1.8640908390237452,1.7082698298223638,0.10667566702935766,1.4606987098425992,-2,1.0428368248402862,0.0,0.0
2023-02-13,215.65,115.6,1.8654844290657442,1.8798177576691042,1.7138104413798243,0.10605194790126002,1.5653396243493942,1,1.0427168248402863,-0.0013911430558775793,0.0025951557093425604
2023-02-14,218.45,115.98,1.8835143990343162,1.8740451254545962,1.7200127220312134,0.1048878487580779,1.4685438327432578,-2,1.0398077834533792,-0.0013911430558775793,0.0025951557093425604
2023-02-15,217.44,119.06,1.8263060641693263,1.8624307866556282,1.7249809046503217,0.10268572816489475,1.3385490317075688,-2,1.0492059175245907,-0.0013911430558775793,0.0025951557093425604
2023-02-16,212.21,124.94,1.698495277733312,1.829105031362945,1.7280085707702546,0.09905862514428122,1.020572014253591,-2,1.0717411112777646,-0.0013911430558775793,0.0025951557093425604
2023-02-17,211.66,125.66,1.6843864395989177,1.7916373219203234,1.7308379109456216,0.09521025199318796,0.6385805068455433,0,1.0742506407480954,0.0,0.0
2023-02-21,205.52,122.82,1.6733431037290345,1.7532090568529815,1.733525349771213,0.09111913986128664,0.2160216515622673,0,1.0742506407480954,0.0,0.0
2023-02-22,205.76,122.78,1.6758429711679426,1.7116747712797067,1.7358392703642842,0.0877444277722112,-0.27539639494042556,0,1.0742506407480954,0.0,0.0
2023-02-23,208.13,124.44,1.6725329476052717,1.6809201479668956,1.7375975583184269,0.08532823287744522,-0.6642281041133902,0,1.0742506407480954,0.0,0.0
2023-02-24,198.15,121.94,1.6249794981138266,1.6662169920429986,1.7380055002765584,0.08471802196422816,-0.8473817798044467,0,1.0742506407480954,0.0,0.0
2023-02-27,200.46,123.64,1.6213199611776126,1.6536036963587377,1.7382643561966555,0.08433002551500543,-1.003920718876737,-2,1.0742506407480954,0.0,0.0
2023-02-28,201.55,124.02,1.625141106273182,1.643963296867567,1.7380484539996213,0.08460695363745711,-1.1120262943777819,-2,1.0742506407480954,0.0,0.0
2023-03-01,204.55,122.32,1.6722531066056248,1.6432453239551037,1.7393198596593185,0.08299349183911385,-1.1576152969977336,-2,1.0742506407480954,0.0,0.0
2023-03-02,210.06,122.9,1.709194467046379,1.6505776278433248,1.7403435278807406,0.08222038914368221,-1.0917717730640708,-2,1.0742506407480954,0.0,0.0
2023-03-03,215.11,124.16,1.732522551546392,1.6720862385298383,1.741254799316352,0.08181798587874983,-0.8453955452902268,0,1.0742506407480954,0.0,0.0
2023-03-06,211.92,123.9,1.7104116222760288,1.6899045707495213,1.7429316945727389,0.0800908863310502,-0.6620868647155885,0,1.0742506407480954,0.0,0.0
2023-03-07,207.92,124.02,1.6765037897113368,1.7001771074371526,1.7437362780297976,0.07915609139697952,-0.5502946118725006,0,1.0742506407480954,0.0,0.0
2023-03-08,207.2,123.98,1.671237296338119,1.699973945383651,1.7444913890731184,0.07822384682000309,-0.5691032274582983,0,1.0742506407480954,0.0,0.0
2023-03-09,201.24,124.5,1.6163855421686748,1.6814121604081105,1.7446277323681902,0.07798905183108612,-0.8105698232746342,0,1.0742506407480954,0.0,0.0
2023-03-10,203.07,121.62,1.6697089294523926,1.6688494359893107,1.744762191332153,0.07785038341251818,-0.9751108731294397,0,1.0742506407480954,0.0,0.0
2023-03-13,203.37,118.16,1.721140825998646,1.6709952767338336,1.7459643210663682,0.07689786446410038,-0.9749171170746068,0,1.0742506407480954,0.0,0.0
2023-03-14,207.28,122.18,1.6965133409723359,1.6749971869860336,1.7464740566902437,0.07645845238878608,-0.9348458865051964,0,1.0742506407480954,0.0,0.0
2023-03-15,198.21,116.3,1.704299226139295,1.6816095729462688,1.7472137022674479,0.07581893839159666,-0.8652736468339984,0,1.0742506407480954,0.0,0.0
2023-03-16,203.19,119.28,1.7034708249496981,1.6990266295024736,1.7476149451188703,0.07551705913117637,-0.6434084718791374,0,1.0742506407480954,0.0,0.0
2023-03-17,201.05,116.74,1.7222031865684428,1.7095254809256837,1.7484233733259948,0.07496999416863512,-0.5188461441362191,0,1.0742506407480954,0.0,0.0
2023-03-20,204.77,118.6,1.726559865092749,1.7106092887445041,1.7489479606826301,0.07470007609863956,-0.513234710597895,0,1.0742506407480954,0.0,0.0
2023-03-21,204.7,121.6,1.6833881578947367,1.7079842521289845,1.748172420566342,0.07514121609087795,-0.5348352146544019,0,1.0742506407480954,0.0,0.0
2023-03-22,196.16,121.0,1.6211570247933884,1.6913558118598029,1.7471382350711244,0.07646582503533031,-0.7295078969663611,0,1.0742506407480954,0.0,0.0
2023-03-23,197.9,119.94,1.6499916624979156,1.6806599793694468,1.7464387046683318,0.0771678958270091,-0.8524105082033638,0,1.0742506407480954,0.0,0.0
2023-03-24,197.53,117.4,1.6825383304940373,1.6727270081545655,1.7465013375416902,0.07711355650579288,-0.9566972751617631,0,1.0742506407480954,0.0,0.0
2023-03-27,200.57,119.08,1.6843298622774605,1.6642810075915075,1.746445328945174,0.07715820313891615,-1.0648812182126284,-2,1.0742506407480954,0.0,0.0
2023-03-28,204.96,118.72,1.7264150943396228,1.672886394880485,1.747112325741568,0.0768024562647657,-0.966452565074213,0,1.0742506407480954,0.0,0.0
2023-03-29,207.97,120.9,1.7201819685690654,1.6926913836356203,1.7471850757191303,0.0767743719706049,-0.7097901380993948,0,1.0742506407480954,0.0,0.0
2023-03-30,211.04,122.24,1.7264397905759163,1.7079810092512204,1.7475279564613115,0.07663252310856224,-0.5160595737408584,0,1.0742506407480954,0.0,0.0
2023-03-31,212.43,123.28,1.7231505515898768,1.7161034534703883,1.7468312890207438,0.07666144601250408,-0.40082514938921937,0,1.0742506407480954,0.0,0.0
2023-04-03,215.39,125.2,1.720367412140575,1.7233109634430115,1.7458469611675311,0.07661497152803545,-0.2941461345616127,0,1.0742506407480954,0.0,0.0
2023-04-04,213.9,125.44,1.7051977040816326,1.7190674853914132,1.74380527883152,0.07602674974672821,-0.3253827570232452,0,1.0742506407480954,0.0,0.0
2023-04-05,210.0,124.38,1.688374336710082,1.7127059590196165,1.7423604539469006,0.07624605298434842,-0.3889315415890644,0,1.0742506407480954,0.0,0.0
2023-04-06,211.37,126.18,1.6751466159454746,1.7024473240935283,1.7403505170073297,0.07640434432296507,-0.4960868815728941,0,1.0742506407480954,0.0,0.0
2023-04-10,210.78,126.18,1.6704707560627674,1.6919113649881061,1.7377512514403923,0.0760785174898401,-0.6025339079248999,0,1.0742506407480954,0.0,0.0
2023-04-11,212.32,126.0,1.685079365079365,1.6848537555758643,1.7351063824046082,0.0750821946920327,-0.6693015172887122,0,1.0742506407480954,0.0,0.0
2023-04-12,212.34,126.24,1.6820342205323195,1.6802210588660018,1.7325956666575744,0.07427858654099949,-0.7051104528310239,0,1.0742506407480954,0.0,0.0
2023-04-13,213.59,125.92,1.6962357052096568,1.681793332565917,1.7305748243303718,0.07357595003648963,-0.6630086562288623,0,1.0742506407480954,0.0,0.0
2023-04-14,201.71,126.28,1.5973234082990182,1.6662286910366255,1.7277539364190853,0.07539434930658864,-0.8160458435985614,0,1.0742506407480954,0.0,0.0
2023-04-17,205.03,128.08,1.6007963772642098,1.652293815276914,1.7249136912984515,0.07692389427338535,-0.9440483572431803,0,1.0742506407480954,0.0,0.0
2023-04-18,208.37,128.32,1.6238310473815463,1.64004415173735,1.7230000782469062,0.07799708866018948,-1.0635772172339766,-2,1.0742506407480954,0.0,0.0
2023-04-19,208.71,128.52,1.6239495798319328,1.628427223597273,1.7207126081506645,0.07886560008730562,-1.170160176949519,-2,1.0742506407480954,0.0,0.0
2023-04-20,207.23,129.28,1.6029548267326732,1.609771047901876,1.7181769902189943,0.08017632976793934,-1.3520940984812606,-2,1.0742506407480954,0.0,0.0
2023-04-21,205.15,127.32,1.6112943763744896,1.6125652415169704,1.7155274294811926,0.08104775687919806,-1.2703891128990485,-2,1.0742506407480954,0.0,0.0
2023-04-24,205.77,128.24,1.604569557080474,1.613319877480223,1.7129540655863293,0.08208950617143496,-1.213726245325817,-2,1.0742506407480954,0.0,0.0
2023-04-25,202.19,125.9,1.605957108816521,1.6097450897672183,1.7095408028569778,0.08221172075560326,-1.2138866839489892,-2,1.0742506407480954,0.0,0.0
2023-04-26,203.03,124.08,1.636283043197937,1.612211782440419,1.706562013780083,0.08156080498560718,-1.15680848608978,-2,1.0742506407480954,0.0,0.0
2023-04-27,206.04,125.54,1.641229886888641,1.6198667944716125,1.7030032712122045,0.07962040685680369,-1.044160410912141,-2,1.0742506407480954,0.0,0.0
2023-04-28,206.78,127.14,1.626396098788737,1.6228871389544621,1.6992656237491812,0.0778149241940013,-0.981540309726435,0,1.0742506407480954,0.0,0.0
2023-05-01,203.87,127.14,1.6035079439987416,1.6226748163381157,1.6963626990839427,0.07808829712919348,-0.9436482220109595,0,1.0742506407480954,0.0,0.0
2023-05-02,203.25,125.36,1.621330567964263,1.6257495081676638,1.6940687891511068,0.07823954714305839,-0.8732064982242734,0,1.0742506407480954,0.0,0.0
2023-05-03,200.93,124.4,1.615192926045016,1.6215314847370794,1.6912078406545412,0.07792718842678738,-0.894121260167403,0,1.0742506407480954,0.0,0.0
2023-05-04,197.05,122.1,1.613841113841114,1.6160537301275741,1.6862322332167787,0.07293720546514924,-0.9621770212013016,0,1.0742506407480954,0.0,0.0
2023-05-05,198.34,122.2,1.623076923076923,1.6153898949852112,1.6818772192986582,0.06857623444286688,-0.9695388621671802,0,1.0742506407480954,0.0,0.0
2023-05-08,197.26,121.26,1.6267524327890481,1.620038792743273,1.6779043589418634,0.06456787498361849,-0.8961974699224898,0,1.0742506407480954,0.0,0.0
2023-05-09,201.88,121.62,1.6599243545469493,1.62775755005981,1.6743743484041123,0.05937253896706833,-0.7851575687231224,0,1.0742506407480954,0.0,0.0
2023-05-10,200.84,121.7,1.6502875924404272,1.6347764833388923,1.670787734460357,0.053877778433657375,-0.6683878245983611,0,1.0742506407480954,0.0,0.0
2023-05-11,201.84,121.32,1.6636993076162216,1.644748122093914,1.6671241496033886,0.046076279102864305,-0.4856300887387336,0,1.0742506407480954,0.0,0.0
2023-05-12,200.7,122.8,1.6343648208469055,1.6470057016479103,1.6639251288813484,0.041247219514472695,-0.4101955824562054,0,1.0742506407480954,0.0,0.0
2023-05-15,202.77,123.06,1.6477328132618236,1.6512017777424657,1.6630790878068236,0.0410462332767428,-0.2893641904795119,0,1.0742506407480954,0.0,0.0
2023-05-16,200.87,126.24,1.5911755386565274,1.637452014564381,1.661525572791117,0.04197943711965333,-0.5734607197833423,0,1.0742506407480954,0.0,0.0
2023-05-17,206.87,128.2,1.613650546021841,1.6301246052806637,1.6605306968293305,0.042399850649725325,-0.7171273266941043,0,1.0742506407480954,0.0,0.0
2023-05-18,207.24,128.8,1.6090062111801242,1.6191859859934443,1.6594167508295332,0.04286615889110841,-0.9385204057654402,0,1.0742506407480954,0.0,0.0
2023-05-19,205.49,129.24,1.5899876199319096,1.6103105458104452,1.6580409953683108,0.04375349952504154,-1.09089444446719,-2,1.0742506407480954,0.0,0.0
2023-05-22,205.91,128.2,1.6061622464898597,1.6019964324560525,1.6577273745079113,0.04406085834012035,-1.2648628318053454,-2,1.0742506407480954,0.0,0.0
2023-05-23,202.6,126.28,1.60437123851758,1.604635572428263,1.6574448957969106,0.04435159693139033,-1.1906972245067267,-2,1.0742506407480954,0.0,0.0
2023-05-24,199.27,123.8,1.6096122778675284,1.6038279187974003,1.6571860819901498,0.044587980123228683,-1.1966938857800362,-2,1.0742506407480954,0.0,0.0
2023-05-25,200.87,124.54,1.6128954552754136,1.6046057676164582,1.656196787801313,0.04490538311341513,-1.1488827532003045,-2,1.0742506407480954,0.0,0.0
2023-05-26,203.63,125.68,1.620225970719287,1.6106534377739337,1.654713979529195,0.04459351913372529,-0.9880480978218894,0,1.0742506407480954,0.0,0.0
2023-05-30,204.69,124.44,1.6448891031822566,1.618398809112413,1.6532534220564592,0.0434216019821486,-0.8027021425505093,0,1.0742506407480954,0.0,0.0
2023-05-31,205.7,122.54,1.6786355475763015,1.6332516709241574,1.6527238208114639,0.04290333229480597,-0.45386101372046267,0,1.0742506407480954,0.0,0.0
2023-06-01,207.96,125.94,1.6512625059552168,1.641581716541695,1.6523031327488618,0.04278980735820448,-0.2505600485044249,0,1.0742506407480954,0.0,0.0
2023-06-02,213.32,128.38,1.6616295373111076,1.6513285329488336,1.6521430034317448,0.04273569341316232,-0.01905831912067011,0,1.0742506407480954,0.0,0.0
2023-06-05,208.78,126.72,1.6475694444444444,1.6567972276938654,1.652662735136341,0.04248232815882858,0.09732264536130852,0,1.0742506407480954,0.0,0.0
2023-06-06,207.29,127.44,1.6265693659761455,1.6531332802526433,1.6519437424117371,0.04255393751485177,0.027953649189125674,0,1.0742506407480954,0.0,0.0
2023-06-07,211.93,126.44,1.676130971211642,1.6526323649797114,1.651193578165287,0.04170161139010366,0.03450194768171467,0,1.0742506407480954,0.0,0.0
2023-06-08,218.11,126.54,1.723644697328908,1.6671088032544497,1.6516457674378962,0.04234352138992053,0.36518067720825725,0,1.0742506407480954,0.0,0.0
2023-06-09,217.31,128.42,1.6921819031303538,1.6732192764182987,1.651443812054414,0.04211642435835776,0.5170302250400696,0,1.0742506407480954,0.0,0.0
2023-06-12,221.56,129.44,1.71168108776267,1.6860416050819438,1.6515806497679637,0.04230125908364112,0.8146555459694799,0,1.0742506407480954,0.0,0.0
2023-06-13,220.38,130.04,1.6947093202091665,1.699669595928548,1.6511224186619757,0.041667435492081434,1.1651107559954874,-2,1.0742506407480954,0.0,0.0
2023-06-14,216.9,129.52,1.6746448424953675,1.6993723701852932,1.6502571682853528,0.040599722854290296,1.2097422949464836,-2,1.0742506407480954,0.0,0.0
2023-06-15,219.41,129.9,1.6890685142417243,1.6924571335678564,1.6503518408911357,0.040684822594493,1.03491400457575,-2,1.0742506407480954,0.0,0.0
2023-06-16,219.99,131.18,1.6770086903491386,1.6894224910116133,1.6512827019837315,0.0406444469025421,0.938376381879031,0,1.0742506407480954,0.0,0.0
2023-06-20,212.37,132.02,1.608619906074837,1.6688102546740466,1.6505931727100136,0.04101595661208273,0.4441462169546606,0,1.0742506407480954,0.0,0.0
2023-06-21,212.08,129.78,1.6341501001695178,1.6566984106661171,1.6497867022046049,0.04085258138839078,0.1691865783413226,0,1.0742506407480954,0.0,0.0
2023-06-22,205.61,127.64,1.6108586649952994,1.6439411751661033,1.6485621822499021,0.04090072026749479,-0.11298106863588268,0,1.0742506407480954,0.0,0.0
2023-06-23,205.41,126.74,1.6207195833990848,1.6302713889975755,1.6468005904008933,0.03975075060051543,-0.41582111415786677,0,1.0742506407480954,0.0,0.0
2023-06-26,205.58,127.66,1.6103712987623375,1.6169439106802155,1.6449704125707814,0.038832212252941686,-0.721733330772129,0,1.0742506407480954,0.0,0.0
2023-06-27,209.43,128.92,1.6244958113558798,1.620119091736424,1.6432713462504471,0.037411418985430864,-0.6188552891575488,0,1.0742506407480954,0.0,0.0
2023-06-28,210.72,130.46,1.6152077265062086,1.6163306170037621,1.6414722991657196,0.03607664323574841,-0.6968963824506962,0,1.0742506407480954,0.0,0.0
2023-06-29,211.83,130.66,1.6212306750344407,1.6184050190115904,1.6398200202139506,0.03464380737934603,-0.6181480276653247,0,1.0742506407480954,0.0,0.0
2023-06-30,211.16,132.36,1.5953460259897247,1.613330307529718,1.6379891589124187,0.03402740207402196,-0.7246762867485056,0,1.0742506407480954,0.0,0.0
