date,C,WFC,ratio,ins_ratio,long_mean,long_std,z_score,action,capital,holding1,holding2
2021-01-04,60.14,29.7,2.024915824915825,,,,,0,0.0,0.0,0.0
2021-01-05,61.7,30.53,2.02096298722568,,,,,0,0.0,0.0,0.0
2021-01-06,65.25,32.69,1.9960232486999083,,,,,0,0.0,0.0,0.0
2021-01-07,66.02,33.43,1.9748728686808255,,,,,0,0.0,0.0,0.0
2021-01-08,65.37,33.19,1.9695691473335344,1.9972688153711544,,,,0,0.0,0.0,0.0
2021-01-11,66.44,33.24,1.9987966305655835,1.9920449765011063,,,,0,0.0,0.0,0.0
2021-01-12,66.67,33.94,1.9643488509133766,1.9807221492386458,,,,0,0.0,0.0,0.0
2021-01-13,66.86,33.8,1.9781065088757397,1.9771388012738118,,,,0,0.0,0.0,0.0
2021-01-14,69.01,34.75,1.9858992805755398,1.9793440836527547,,,,0,0.0,0.0,0.0
2021-01-15,64.23,32.04,2.004681647940075,1.986366583774063,,,,0,0.0,0.0,0.0
2021-01-19,63.69,32.63,1.9518847686178362,1.9769842113845137,,,,0,0.0,0.0,0.0
2021-01-20,63.25,32.46,1.9485520640788663,1.9738248540176115,,,,0,0.0,0.0,0.0
2021-01-21,61.87,32.0,1.9334375,1.9648910522424636,,,,0,0.0,0.0,0.0
2021-01-22,61.33,31.9,1.9225705329153606,1.9522253027104277,,,,0,0.0,0.0,0.0
2021-01-25,60.56,32.24,1.878411910669975,1.9269713552564078,,,,0,0.0,0.0,0.0
2021-01-26,60.91,31.38,1.9410452517527086,1.9248034518833819,,,,0,0.0,0.0,0.0
2021-01-27,59.4,30.17,1.9688432217434535,1.9288616834162995,,,,0,0.0,0.0,0.0
2021-01-28,60.34,30.81,1.9584550470626423,1.933865192828828,,,,0,0.0,0.0,0.0
2021-01-29,57.99,29.88,1.9407630522088355,1.9375036966875232,,,,0,0.0,0.0,0.0
2021-02-01,58.43,29.99,1.9483161053684563,1.9514845356272192,,,,0,0.0,0.0,0.0
2021-02-02,59.58,30.75,1.937560975609756,1.9507876803986288,,,,0,0.0,0.0,0.0
2021-02-03,61.1,31.7,1.9274447949526814,1.9425079950404744,,,,0,0.0,0.0,0.0
2021-02-04,62.41,32.66,1.9109001837109616,1.932997022370138,,,,0,0.0,0.0,0.0
2021-02-05,62.58,32.56,1.9219901719901717,1.9292424463264055,,,,0,0.0,0.0,0.0
2021-02-08,63.65,33.4,1.9056886227544911,1.9207169498036123,,,,0,0.0,0.0,0.0
2021-02-09,63.12,33.26,1.8977751052315093,1.912759775727963,,,,0,0.0,0.0,0.0
2021-02-10,63.62,33.2,1.9162650602409637,1.9105238287856197,,,,0,0.0,0.0,0.0
2021-02-11,63.2,32.72,1.9315403422982886,1.914651860503085,,,,0,0.0,0.0,0.0
2021-02-12,63.63,33.53,1.8977035490605427,1.9097945359171589,,,,0,0.0,0.0,0.0
2021-02-16,64.12,34.79,1.8430583501006037,1.8972684813863814,,,,0,0.0,0.0,0.0
2021-02-17,64.76,36.59,1.7698824815523366,1.8716899566505472,,,,0,0.0,0.0,0.0
2021-02-18,63.48,36.96,1.7175324675324675,1.8319434381088477,,,,0,0.0,0.0,0.0
2021-02-19,65.78,37.83,1.738831615120275,1.793401692673245,,,,0,0.0,0.0,0.0
2021-02-22,65.52,37.26,1.7584541062801933,1.7655518041171754,,,,0,0.0,0.0,0.0
2021-02-23,66.74,37.14,1.7969843834141086,1.7563370107798761,,,,0,0.0,0.0,0.0
2021-02-24,68.6,38.29,1.7915904936014624,1.7606786131897014,,,,0,0.0,0.0,0.0
2021-02-25,67.41,37.56,1.794728434504792,1.7761178065841663,,,,0,0.0,0.0,0.0
2021-02-26,65.88,36.17,1.8213989494055844,1.7926312734412282,,,,0,0.0,0.0,0.0
2021-03-01,69.54,37.09,1.8748988945807494,1.8159202311013396,,,,0,0.0,0.0,0.0
2021-03-02,68.91,37.14,1.855411954765751,1.8276057453716679,,,,0,0.0,0.0,0.0
2021-03-03,70.38,37.69,1.8673388166622447,1.8427554099838244,,,,0,0.0,0.0,0.0
2021-03-04,69.81,37.16,1.878632938643703,1.8595363108116065,,,,0,0.0,0.0,0.0
2021-03-05,70.23,37.43,1.876302431204916,1.870517007171473,,,,0,0.0,0.0,0.0
2021-03-08,72.22,38.67,1.8675976208947502,1.869056752434273,,,,0,0.0,0.0,0.0
2021-03-09,70.99,38.13,1.8617886178861787,1.8703320850583587,,,,0,0.0,0.0,0.0
2021-03-10,73.75,39.58,1.8633148054573017,1.86952728281737,,,,0,0.0,0.0,0.0
2021-03-11,73.31,38.88,1.885545267489712,1.870909748586572,,,,0,0.0,0.0,0.0
2021-03-12,75.18,39.97,1.8809106830122595,1.8718313989480404,,,,0,0.0,0.0,0.0
2021-03-15,74.22,39.7,1.869521410579345,1.8722161568849593,,,,0,0.0,0.0,0.0
2021-03-16,73.33,39.35,1.8635324015247776,1.872564913612679,,,,0,0.0,0.0,0.0
2021-03-17,73.6,39.84,1.8473895582329314,1.869379864167805,,,,0,0.0,0.0,0.0
2021-03-18,73.84,40.81,1.8093604508698848,1.8541429008438395,,,,0,0.0,0.0,0.0
2021-03-19,73.01,39.63,1.8422911935402473,1.8464190029494372,,,,0,0.0,0.0,0.0
2021-03-22,71.96,38.97,1.846548627149089,1.8418244462633862,,,,0,0.0,0.0,0.0
2021-03-23,70.91,38.24,1.8543410041841002,1.8399861667952506,,,,0,0.0,0.0,0.0
2021-03-24,70.08,38.12,1.8384050367261282,1.83818926249389,,,,0,0.0,0.0,0.0
2021-03-25,71.72,39.3,1.824936386768448,1.8413044496736024,,,,0,0.0,0.0,0.0
2021-03-26,73.02,39.76,1.8365191146881288,1.8401500339031789,,,,0,0.0,0.0,0.0
2021-03-29,71.58,38.44,1.8621227887617067,1.8432648662257023,,,,0,0.0,0.0,0.0
2021-03-30,72.96,39.39,1.852246763137852,1.8428460180164528,1.890812388404427,0.07072839161895368,-0.6781770274996652,0,1.0,0.0,0.0
2021-03-31,72.75,39.07,1.8620424878423343,1.847573508239694,1.8880978327865354,0.06858740115582196,-0.5908421060418259,0,1.0,0.0,0.0
2021-04-01,73.14,39.63,1.84557153671461,1.8517005382289262,1.8851746419446842,0.06653561530703453,-0.5031005358752414,0,1.0,0.0,0.0
2021-04-05,72.75,39.48,1.8427051671732524,1.8529377487259509,1.8826193405859069,0.06513568197552567,-0.45568866341352926,0,1.0,0.0,0.0
2021-04-06,72.6,39.85,1.8218318695106648,1.8448795648757426,1.8800686572664038,0.06445479443167933,-0.5459499592068504,0,1.0,0.0,0.0
2021-04-07,72.69,39.99,1.8177044261065265,1.8379710974694778,1.8775375785792872,0.0638596699120464,-0.6195848046866517,0,1.0,0.0,0.0
2021-04-08,72.33,40.03,1.806894828878341,1.826941565676679,1.8743392152178333,0.06247416520158181,-0.7586759965214268,0,1.0,0.0,0.0
2021-04-09,72.42,40.5,1.7881481481481483,1.8154568879633868,1.8714025368384128,0.062312495478231776,-0.8978239187125815,0,1.0,0.0,0.0
2021-04-12,72.69,40.77,1.7829286239882265,1.8035015793263813,1.8681495720902876,0.061739607277234494,-1.0471072884155557,-2,1.0,0.0,0.0
2021-04-13,72.06,39.79,1.8110077909022368,1.8013367636046957,1.8652347139290657,0.060195356079828066,-1.0615096327303337,-2,1.0,0.0,0.0
2021-04-14,72.91,41.99,1.736365801381281,1.7850690386596468,1.8607627831530857,0.05962413799189686,-1.2695151165745318,-2,1.0,0.0,0.0
2021-04-15,72.54,42.24,1.7173295454545454,1.7671559819748874,1.8568535294336974,0.06121650569604816,-1.4652510207651466,-2,1.0,0.0,0.0
2021-04-16,72.45,43.84,1.6526003649635035,1.7400464253379588,1.8519210011151084,0.06547753106809395,-1.7085949019794984,-1,0.99988,0.004140786749482401,-0.006843065693430656
2021-04-19,72.13,43.88,1.6438012762078393,1.7122209557818813,1.8470937307185722,0.06989360502108581,-1.929686913359268,-1,0.9982812256124284,0.004140786749482401,-0.006843065693430656
2021-04-20,69.79,42.54,1.640573577809121,1.678134113163258,1.8423937814668014,0.07408770568169915,-2.2170975169517004,2,0.9976454747434678,0.0,0.0
2021-04-21,70.65,43.24,1.6339037927844589,1.6576417114438935,1.8383186461687098,0.07865658742173055,-2.2970350055499664,2,0.9976454747434678,0.0,0.0
2021-04-22,69.81,42.7,1.6348946135831381,1.6411547250696121,1.83321613553255,0.08174900720862423,-2.3494035832483617,2,0.9976454747434678,0.0,0.0
2021-04-23,71.38,43.86,1.6274509803921569,1.6361248481553428,1.827526264843362,0.08399891297162422,-2.2786177810738657,2,0.9976454747434678,0.0,0.0
2021-04-26,72.2,44.14,1.6357045763479838,1.6345055081833717,1.822147090331451,0.08578750931388103,-2.1872832496107626,2,0.9976454747434678,0.0,0.0
2021-04-27,72.99,45.09,1.6187624750499,1.6301432876315274,1.8167804140454686,0.08827708601110312,-2.1142193840705934,2,0.9976454747434678,0.0,0.0
2021-04-28,72.91,45.08,1.6173469387755102,1.6268319168297378,1.8112642612689198,0.09023736940972783,-2.043857723752524,2,0.9976454747434678,0.0,0.0
2021-04-29,73.84,46.24,1.5968858131487889,1.619230156742868,1.8055863418945703,0.09283638973667796,-2.0073613986959735,2,0.9976454747434678,0.0,0.0
2021-04-30,71.24,45.05,1.581354051054384,1.6100107708753135,1.7998181628295984,0.09583985977601342,-1.9804639989862487,-1,0.9975254747434678,0.004211117349803482,-0.006659267480577137
2021-05-03,71.71,45.48,1.5767370272647316,1.598217261058663,1.794248776888828,0.09893469329350008,-1.9814233946085746,-1,0.9966412148812273,0.004211117349803482,-0.006659267480577137
2021-05-04,72.33,45.74,1.5813292522955835,1.5907306165077997,1.7885710948939182,0.10122797180321133,-1.9544052386105624,-1,0.9975206980931554,0.004211117349803482,-0.006659267480577137
2021-05-05,73.71,45.94,1.6044841097083151,1.5881580506943607,1.783551019676482,0.10277822658350294,-1.9011124775866117,-1,1.0020001865397687,0.004211117349803482,-0.006659267480577137
2021-05-06,74.78,46.63,1.6036886124812353,1.5895186105608499,1.7786495781306442,0.1042406248084489,-1.8143690899525853,-1,1.0019111875424602,0.004211117349803482,-0.006659267480577137
2021-05-07,75.08,46.54,1.6132359260850881,1.5958949855669906,1.7735990925613794,0.10479953218814307,-1.695657445067241,-1,1.0037738568206531,0.004211117349803482,-0.006659267480577137
2021-05-10,75.13,46.6,1.6122317596566522,1.602993932045375,1.7682772828506854,0.1047505716265203,-1.5778754066814533,-1,1.0035848566393086,0.004211117349803482,-0.006659267480577137
2021-05-11,74.87,45.72,1.6375765529308839,1.614243392172435,1.763941832915191,0.10468613363545144,-1.42997391864763,-2,1.0083501215112676,0.004211117349803482,-0.006659267480577137
2021-05-12,74.23,45.64,1.626424189307625,1.618631408092297,1.7603312635686414,0.10564262704653385,-1.3413132505113488,-2,1.0061877478058394,0.004211117349803482,-0.006659267480577137
2021-05-13,75.29,46.4,1.6226293103448277,1.6224195476650156,1.7578770440485165,0.10711713253413516,-1.2645735857458142,-2,1.0055904889113925,0.004211117349803482,-0.006659267480577137
2021-05-14,76.56,46.96,1.6303236797274276,1.6258370983934831,1.7564235642517658,0.10825942981920543,-1.206236408933279,-2,1.0072094181565197,0.004211117349803482,-0.006659267480577137
2021-05-17,77.42,47.9,1.616283924843424,1.6266475314308377,1.7543811027471514,0.10974280312771478,-1.1639357449951582,-2,1.0045712676456082,0.004211117349803482,-0.006659267480577137
2021-05-18,76.62,46.86,1.6350832266325226,1.6261488661711652,1.7523249214196903,0.11081571268154236,-1.1386115939273405,-2,1.0081280119455656,0.004211117349803482,-0.006659267480577137
2021-05-19,76.46,46.17,1.6560537145332466,1.6320747712162895,1.7499760769383426,0.11134538279802304,-1.0588791628290706,-2,1.0120491277311952,0.004211117349803482,-0.006659267480577137
2021-05-20,76.2,45.73,1.6663022086157886,1.640809350870482,1.747887938855248,0.11172589030349923,-0.958404427961066,0,1.0137592318229118,0.0,0.0
2021-05-21,77.65,45.88,1.6924585876198779,1.6532363324489718,1.7461834414071662,0.11177928172353319,-0.8315235840223328,0,1.0137592318229118,0.0,0.0
2021-05-24,78.03,46.24,1.6875,1.667479547480287,1.7439517922504064,0.11158863769610687,-0.685304940977762,0,1.0137592318229118,0.0,0.0
2021-05-25,77.28,46.09,1.6767194619223258,1.6758067945382478,1.7406488017060995,0.11057537329267042,-0.5864055009448457,0,1.0137592318229118,0.0,0.0
2021-05-26,77.52,46.4,1.6706896551724137,1.6787339826660812,1.737570096712877,0.10989539502137986,-0.5353828887493374,0,1.0137592318229118,0.0,0.0
2021-05-27,78.76,46.76,1.6843455945252355,1.6823426598479707,1.7345202096772603,0.10876640271915239,-0.4797212054904319,0,1.0137592318229118,0.0,0.0
2021-05-28,78.71,46.72,1.6847174657534245,1.6807944354746798,1.731288285129089,0.1072825199199828,-0.47066241259126146,0,1.0137592318229118,0.0,0.0
2021-06-01,79.76,47.26,1.6876851460008466,1.6808314646748492,1.728144663709021,0.10571323503114707,-0.4475617364299892,0,1.0137592318229118,0.0,0.0
2021-06-02,79.86,46.81,1.706045716727195,1.6866967156358228,1.7254521319728953,0.10414691775101304,-0.37212254739718875,0,1.0137592318229118,0.0,0.0
2021-06-03,79.63,46.46,1.713947481704692,1.6953482809422789,1.722988113036537,0.10260411697332146,-0.2693832655998091,0,1.0137592318229118,0.0,0.0
2021-06-04,79.49,46.96,1.692717206132879,1.6970226032638074,1.7201448197144633,0.10100078641720385,-0.22893105361719673,0,1.0137592318229118,0.0,0.0
2021-06-07,79.31,47.11,1.6835066864784547,1.6967804474088133,1.7167775100309426,0.09873548730682079,-0.2025316648307855,0,1.0137592318229118,0.0,0.0
2021-06-08,79.08,46.61,1.6966316241149968,1.6985697430316435,1.7137061923826546,0.09638141651262529,-0.1570473842229569,0,1.0137592318229118,0.0,0.0
2021-06-09,78.14,45.92,1.7016550522648084,1.6976916101391661,1.7109084197440791,0.09419331594391105,-0.14031579069562825,0,1.0137592318229118,0.0,0.0
2021-06-10,76.89,45.09,1.7052561543579507,1.695953344669818,1.7082704822912986,0.0920382023475892,-0.13382636022120434,0,1.0137592318229118,0.0,0.0
2021-06-11,76.48,45.68,1.6742556917688267,1.6922610417970074,1.7053849178502303,0.09030026282841709,-0.14533596738428123,0,1.0137592318229118,0.0,0.0
2021-06-14,75.16,45.15,1.664673311184939,1.6884943667383046,1.7029734655221478,0.0894040274996851,-0.16195130341185396,0,1.0137592318229118,0.0,0.0
2021-06-15,73.82,45.46,1.6238451385833699,1.6739370696319789,1.6993326979395331,0.08807241620983544,-0.2883493992835207,0,1.0137592318229118,0.0,0.0
2021-06-16,71.46,45.57,1.5681369321922316,1.6472334456174635,1.6946925030235855,0.08751718416545691,-0.5422827283427855,0,1.0137592318229118,0.0,0.0
2021-06-17,68.86,42.79,1.6092544987146529,1.628033114488804,1.690607727932428,0.08563888307201901,-0.7306799341486178,0,1.0137592318229118,0.0,0.0
2021-06-18,67.61,41.75,1.6194011976047904,1.6170622156559964,1.6869576639470725,0.08388188091296997,-0.8332603838914241,0,1.0137592318229118,0.0,0.0
2021-06-21,68.45,43.28,1.581561922365989,1.6004399378922067,1.6829014228736983,0.08297610189724447,-0.9937980104634195,0,1.0137592318229118,0.0,0.0
2021-06-22,68.96,43.54,1.5838309600367477,1.5924371021828823,1.6786899536295086,0.08144555721922997,-1.059024634265272,-2,1.0137592318229118,0.0,0.0
2021-06-23,69.65,43.96,1.5843949044585988,1.5956886966361556,1.67406115555779,0.07868923576079756,-0.9959743307188018,0,1.0137592318229118,0.0,0.0
2021-06-24,71.32,45.18,1.5785745905267816,1.5895527149985813,1.6694999526809389,0.07607389947562276,-1.0509154681623225,-2,1.0137592318229118,0.0,0.0
2021-06-25,71.55,46.38,1.5426908150064682,1.5742106384789172,1.664177424800341,0.07350259122299459,-1.223994757524664,-2,1.0137592318229118,0.0,0.0
2021-06-28,71.51,45.79,1.5616946931644464,1.5702371926386085,1.659446144074505,0.07071199757732632,-1.2615815489916404,-2,1.0137592318229118,0.0,0.0
2021-06-29,69.68,44.79,1.5557043983031928,1.5646118802918978,1.6546627979266708,0.06775037253353641,-1.3291575273655927,-2,1.0137592318229118,0.0,0.0
2021-06-30,70.75,45.29,1.5621550011039964,1.560163899620977,1.650334850119893,0.06513414993443216,-1.3843882293648913,-2,1.0137592318229118,0.0,0.0
2021-07-01,71.01,45.41,1.5637524774278795,1.5571994770011965,1.6461023176419154,0.062261621908451824,-1.4278914990592393,-2,1.0137592318229118,0.0,0.0
2021-07-02,70.41,45.07,1.562236520967384,1.5611086181933798,1.6420246791767328,0.059502980448434974,-1.3598656802321782,-2,1.0137592318229118,0.0,0.0
2021-07-06,68.21,43.49,1.5684065302368357,1.562450985607858,1.6383623188782108,0.05706945915765513,-1.3301568718330916,-2,1.0137592318229118,0.0,0.0
2021-07-07,67.93,43.4,1.5652073732718896,1.5643515806015968,1.6347336313662717,0.05458947779256509,-1.2892970149324392,-2,1.0137592318229118,0.0,0.0
2021-07-08,66.73,42.32,1.57679584120983,1.5672797486227639,1.6308300988713986,0.04994753320218548,-1.2723421193071869,-2,1.0137592318229118,0.0,0.0
2021-07-09,68.45,43.91,1.558870416761558,1.5663033364894994,1.6278718424610699,0.048834890068433286,-1.2607483273801443,-2,1.0137592318229118,0.0,0.0
2021-07-12,69.44,44.16,1.5724637681159421,1.5683487859192111,1.6254574128387598,0.04790943940207826,-1.192012004988548,-2,1.0137592318229118,0.0,0.0
2021-07-13,68.37,43.23,1.5815405968077727,1.5709755992333982,1.6242730833694976,0.04810499416410938,-1.107940767111953,-2,1.0137592318229118,0.0,0.0
2021-07-14,68.17,44.95,1.5165739710789765,1.5612489187948158,1.6221526282840166,0.0499964924252189,-1.218159645505056,-2,1.0137592318229118,0.0,0.0
2021-07-15,68.45,45.0,1.521111111111111,1.5501119727750718,1.6201615871723831,0.05160336149926023,-1.3574622342832354,-2,1.0137592318229118,0.0,0.0
2021-07-16,66.9,44.28,1.510840108401084,1.5405059111029773,1.6181105257659933,0.05346017597405979,-1.4516341042474634,-2,1.0137592318229118,0.0,0.0
2021-07-19,65.08,43.05,1.5117305458768875,1.5283592666551664,1.6160577913042227,0.05514289693898527,-1.5903866049346893,-1,1.013639231822912,0.004609711124769514,-0.006968641114982578
2021-07-20,66.29,44.84,1.4783675289919715,1.5077246530920063,1.6135730671142194,0.05791021370154962,-1.8278021657409411,-1,1.006743114688064,0.004609711124769514,-0.006968641114982578
2021-07-21,67.89,45.8,1.4823144104803494,1.5008727409722806,1.611016564349759,0.0602549480440772,-1.8279631292173184,-1,1.0074287570173122,0.004609711124769514,-0.006968641114982578
2021-07-22,66.93,45.03,1.4863424383744173,1.493919006424942,1.608809563738501,0.06235495094272754,-1.842525021294379,-1,1.00836928799607,0.004609711124769514,-0.006968641114982578
2021-07-23,66.71,44.59,1.49607535321821,1.4909660553883672,1.6067883706458792,0.06401684850724565,-1.8092473771870041,-1,1.0104213536392128,0.004609711124769514,-0.006968641114982578
2021-07-26,67.77,45.01,1.5056654076871807,1.4897530277504258,1.6052680305548526,0.06532582789608148,-1.7682899172465874,-1,1.012380818163176,0.004609711124769514,-0.006968641114982578
2021-07-27,67.98,45.14,1.505981391227293,1.49527580019749,1.6040118195577342,0.0665075041003026,-1.6349436177345515,-1,1.0124429341544299,0.004609711124769514,-0.006968641114982578
2021-07-28,68.1,45.51,1.4963744232036915,1.4980878027421585,1.6026724428233834,0.06786151114455286,-1.5411481164698435,-1,1.0104177022768588,0.004609711124769514,-0.006968641114982578
2021-07-29,68.81,46.5,1.479784946236559,1.496776304314587,1.6009800377224,0.06964557342065694,-1.4962003798637122,-2,1.0067916424716123,0.004609711124769514,-0.006968641114982578
2021-07-30,67.62,45.94,1.4719198955158905,1.4919452127741228,1.598770634152526,0.0716075937960378,-1.4918169388944627,-2,1.005208525257527,0.004609711124769514,-0.006968641114982578
2021-08-02,67.73,45.79,1.4791439178860015,1.486640914813887,1.5966948892426056,0.07324894209732387,-1.5024650360477951,-1,1.006760889648499,0.004609711124769514,-0.006968641114982578
2021-08-03,68.88,46.83,1.4708520179372198,1.4796150401558728,1.5943218241068078,0.07498971450992062,-1.52963355975652,-1,1.004814670682402,0.004609711124769514,-0.006968641114982578
2021-08-04,68.52,46.15,1.484723726977248,1.4772849009105837,1.5921966902288176,0.07626936932286449,-1.5066571329807092,-1,1.0078938506356732,0.004609711124769514,-0.006968641114982578
2021-08-05,69.69,46.99,1.4830815067035539,1.4779442130039828,1.5896217727916955,0.0773121522740992,-1.444502015566399,-2,1.007433554115068,0.004609711124769514,-0.006968641114982578
2021-08-06,71.07,48.77,1.4572483083863028,1.4750098955780653,1.5868021747763403,0.07901343725081698,-1.4148514871389062,-2,1.0013907742825812,0.004609711124769514,-0.006968641114982578
2021-08-09,71.52,48.65,1.4700924974306269,1.4731996114869903,1.5842598945611035,0.08028487905911531,-1.3833275253779402,-2,1.0043013812225254,0.004609711124769514,-0.006968641114982578
2021-08-10,72.98,49.63,1.4704815635704211,1.4731255206136307,1.58159585929182,0.08137503237947613,-1.3329683012887747,-2,1.004202291172006,0.004609711124769514,-0.006968641114982578
2021-08-11,74.3,50.66,1.4666403474141334,1.4695088447010076,1.5791017996679986,0.08257817514493691,-1.327141884337346,-2,1.0031094095082698,0.004609711124769514,-0.006968641114982578
2021-08-12,74.13,51.15,1.449266862170088,1.4627459157943146,1.5760048602602912,0.08391661260696374,-1.3496605850434187,-2,0.9989111244707174,0.004609711124769514,-0.006968641114982578
2021-08-13,73.11,50.37,1.4514592019058965,1.4615880944982331,1.572594951716502,0.08476128271300694,-1.309641072730422,-2,0.9996447591931389,0.004609711124769514,-0.006968641114982578
2021-08-16,72.1,49.41,1.4592187816231532,1.4594133513367384,1.569143561266625,0.0850963967817814,-1.2894812715898567,-2,1.001678846427505,0.004609711124769514,-0.006968641114982578
2021-08-17,71.62,48.71,1.4703346335454732,1.4593839653317489,1.5654414953653846,0.08447010291742815,-1.2555629313878056,-2,1.0043442338681035,0.004609711124769514,-0.006968641114982578
2021-08-18,71.12,47.97,1.4825932874713363,1.4625745533431895,1.562026383489907,0.0835892364509046,-1.1897683765197413,-2,1.0071961727308059,0.004609711124769514,-0.006968641114982578
2021-08-19,69.84,47.25,1.4780952380952381,1.4683402285282194,1.5587159797594556,0.0829002744911436,-1.0901743303743974,-2,1.0063131640938883,0.004609711124769514,-0.006968641114982578
2021-08-20,70.25,47.42,1.4814424293547026,1.4743368740179807,1.5555618593291602,0.0821646821109332,-0.9885632515624537,0,1.0068876196318592,0.0,0.0
2021-08-23,70.89,47.61,1.4889729048519218,1.4802876986637343,1.5523056478346051,0.08083502007977234,-0.8909251101787271,0,1.0068876196318592,0.0,0.0
2021-08-24,72.04,48.36,1.4896608767576511,1.4841529473061699,1.5490547046846757,0.0793277996181739,-0.8181464466542051,0,1.0068876196318592,0.0,0.0
2021-08-25,73.18,49.29,1.4846824913775616,1.484570788087415,1.5456713271076208,0.07762574661342561,-0.7871169255799236,0,1.0068876196318592,0.0,0.0
2021-08-26,72.44,49.05,1.4768603465851173,1.484323809785391,1.5418515709385863,0.0752013353721341,-0.7649832395730595,0,1.0068876196318592,0.0,0.0
2021-08-27,72.99,49.81,1.4653683999196947,1.4811090038983894,1.5377085862421696,0.07235295119821489,-0.782270541926099,0,1.0068876196318592,0.0,0.0
2021-08-30,71.67,48.41,1.4804792398264823,1.4794102708933015,1.5341712868037298,0.06978888259408139,-0.7846667531408864,0,1.0068876196318592,0.0,0.0
2021-08-31,71.91,45.7,1.573522975929978,1.4961826907277669,1.532338224961255,0.06719623259063108,-0.5380589482412305,0,1.0068876196318592,0.0,0.0
2021-09-01,71.31,43.45,1.6411967779056387,1.5274855480333822,1.5314143108577658,0.06525196708451177,-0.060209109394284054,0,1.0068876196318592,0.0,0.0
2021-09-02,71.5,44.57,1.6042180839129458,1.5529570954989478,1.5297903613852348,0.06207862427468117,0.37318375502663204,0,1.0068876196318592,0.0,0.0
2021-09-03,71.17,44.17,1.611274620783337,1.5821383396716764,1.5282240024923246,0.05866824439651946,0.9189696697750565,0,1.0068876196318592,0.0,0.0
2021-09-07,70.82,44.31,1.5982848115549535,1.6056994540173704,1.5269578211554267,0.05623239926766711,1.400289404105492,-2,1.0068876196318592,0.0,0.0
2021-09-08,70.04,43.82,1.5983569146508445,1.6106662417615438,1.5258525478798584,0.054090610973480335,1.5679928984952327,1,1.0067676196318593,-0.004283266704740148,0.006846188954815153
2021-09-09,70.46,44.36,1.5883678990081154,1.6001004659820393,1.5252612605536042,0.05318762784411351,1.4070792111236785,-2,1.0086655896514687,-0.004283266704740148,0.006846188954815153
2021-09-10,69.57,44.33,1.5693661177532143,1.593130072750093,1.5252817469796203,0.05320465629136689,1.2752328555401635,-2,1.0122723113500431,-0.004283266704740148,0.006846188954815153
2021-09-13,70.52,45.76,1.541083916083916,1.5790919318102088,1.5241455706024416,0.05209740279851797,1.054685229132579,-2,1.0179932581859257,-0.004283266704740148,0.006846188954815153
2021-09-14,68.78,46.05,1.4935939196525516,1.5581537534297283,1.522048782636571,0.05071191499688649,0.7119622833287608,0,1.0273095630320057,0.0,0.0
2021-09-15,70.45,46.64,1.5105060034305318,1.5405835711856657,1.52086451732098,0.05012483973135012,0.3933988411807837,0,1.0273095630320057,0.0,0.0
2021-09-16,70.0,46.28,1.512532411408816,1.525416473665806,1.519676208177181,0.049447352637897374,0.11608842905424817,0,1.0273095630320057,0.0,0.0
2021-09-17,69.96,46.47,1.5054874112330534,1.5126407323617737,1.5183610832900887,0.04874117727953953,-0.11736177186504476,0,1.0273095630320057,0.0,0.0
2021-09-20,67.3,45.81,1.4691115476970094,1.4982462586843925,1.516536699242926,0.04849717571130756,-0.37714444790377283,0,1.0273095630320057,0.0,0.0
2021-09-21,66.94,45.85,1.459978189749182,1.4915231127037185,1.5151581554886377,0.04891490212054114,-0.48318695858115646,0,1.0273095630320057,0.0,0.0
2021-09-22,68.24,47.08,1.449447748513169,1.4793114617202459,1.5132873730777832,0.049250244764868736,-0.6898627919464282,0,1.0273095630320057,0.0,0.0
2021-09-23,70.88,47.8,1.4828451882845188,1.4733740170953866,1.512073052910805,0.04908461358085129,-0.7884148003258515,0,1.0273095630320057,0.0,0.0
2021-09-24,71.18,47.92,1.4853923205342239,1.4693549989556205,1.510793674901309,0.04875641802035539,-0.8499122295733067,0,1.0273095630320057,0.0,0.0
2021-09-27,72.26,47.56,1.5193439865433138,1.4794014867248815,1.5100535333865663,0.04827353454117431,-0.6349658659351033,0,1.0273095630320057,0.0,0.0
2021-09-28,71.37,45.92,1.5542247386759582,1.4982507965102365,1.509920003681709,0.04813763379609186,-0.24241339366414721,0,1.0273095630320057,0.0,0.0
2021-09-29,71.53,47.03,1.5209440782479269,1.5125500624571884,1.5091289628152273,0.04754658503378528,0.07195258375612222,0,1.0273095630320057,0.0,0.0
2021-09-30,70.18,46.41,1.5121741004093947,1.5184158448821634,1.5082450749341858,0.04697593982617095,0.2165101961900788,0,1.0273095630320057,0.0,0.0
2021-10-01,71.18,47.02,1.5138239047213953,1.5241021617195978,1.5071955426593786,0.04611397470741217,0.3666268016905876,0,1.0273095630320057,0.0,0.0
2021-10-04,71.29,47.02,1.5161633347511698,1.5234660313611692,1.5064837579592054,0.04562989496743256,0.37217428210353215,0,1.0273095630320057,0.0,0.0
2021-10-05,72.53,47.96,1.512301918265221,1.5150814672790216,1.5054810604616935,0.04480907079068817,0.2142514149015376,0,1.0273095630320057,0.0,0.0
2021-10-06,72.42,47.87,1.5128472947566327,1.5134621105807626,1.5043361720941744,0.043696541937109395,0.2088480708547338,0,1.0273095630320057,0.0,0.0
2021-10-07,72.19,47.76,1.5115159128978224,1.5133304730784483,1.5042518711244883,0.04367740707001691,0.2078557900519715,0,1.0273095630320057,0.0,0.0
2021-10-08,72.35,48.0,1.5072916666666665,1.5120240254675026,1.5040215470504144,0.04362340004282876,0.18344462855328852,0,1.0273095630320057,0.0,0.0
2021-10-11,71.68,47.28,1.5160744500846024,1.512006248534189,1.504108786078473,0.04364249676328776,0.18095808080254847,0,1.0273095630320057,0.0,0.0
2021-10-12,70.64,46.65,1.5142550911039658,1.512396883101938,1.5041508618322577,0.043651185543413185,0.1889071549151712,0,1.0273095630320057,0.0,0.0
2021-10-13,70.26,46.05,1.5257328990228014,1.5149740039551716,1.5049402846661049,0.04360526844504243,0.23010337160778252,0,1.0273095630320057,0.0,0.0
2021-10-14,70.8,45.31,1.5625689693224452,1.525184615240096,1.5062778606468064,0.044127230394677044,0.4284600330495792,0,1.0273095630320057,0.0,0.0
2021-10-15,72.29,48.38,1.4942124844977265,1.5225687788063085,1.506409028082195,0.04407863836039134,0.36661184022949717,0,1.0273095630320057,0.0,0.0
2021-10-18,71.61,49.43,1.448715355047542,1.5090969597988964,1.5056196947793505,0.044686677093699945,0.07781435644128597,0,1.0273095630320057,0.0,0.0
2021-10-19,71.76,50.34,1.4255065554231228,1.4913472526627276,1.5042837139082825,0.04586791459816499,-0.2820372663306664,0,1.0273095630320057,0.0,0.0
2021-10-20,71.82,50.16,1.4318181818181819,1.4725643092218035,1.5030476604181309,0.04681097425374105,-0.6512009562349841,0,1.0273095630320057,0.0,0.0
2021-10-21,70.51,50.33,1.4009537055434136,1.4402412564659972,1.5014573151237929,0.04862719873678277,-1.2588851557984233,-2,1.0273095630320057,0.0,0.0
2021-10-22,71.37,50.66,1.4088037899723649,1.423159517560925,1.500274295852723,0.05000723253389881,-1.5420725040027679,-1,1.0271895630320058,0.004203446826397646,-0.005921831819976313
2021-10-25,70.83,50.62,1.3992493085736863,1.4132663082661538,1.4990631194036863,0.051561504193830314,-1.6639702909947036,-1,1.02515657501855,0.004203446826397646,-0.005921831819976313
2021-10-26,70.65,50.63,1.39541773651985,1.4072485444854992,1.4976676830475837,0.05321613913722732,-1.6990924187288858,-1,1.0243407362715988,0.004203446826397646,-0.005921831819976313
2021-10-27,70.31,50.05,1.4047952047952048,1.4018439490809038,1.4965667361618835,0.05444932065916209,-1.7396504847860002,-1,1.02634622680621,0.004203446826397646,-0.005921831819976313
2021-10-28,70.88,51.36,1.38006230529595,1.397665669031411,1.494822379133862,0.056473999019915934,-1.7203794983278569,-1,1.0209845918130875,0.004203446826397646,-0.005921831819976313
2021-10-29,69.16,51.16,1.3518373729476154,1.3862723856264612,1.4926349769045963,0.059402280038231364,-1.7905472855533513,-1,1.0149390296356788,0.004203446826397646,-0.005921831819976313
2021-11-01,69.61,51.71,1.3461612840843165,1.3756547807285873,1.490783526499563,0.06218968738616346,-1.8512513989030064,-1,1.0135735732065707,0.004203446826397646,-0.005921831819976313
2021-11-02,68.6,51.3,1.3372319688109162,1.3640176271868005,1.488569184355901,0.06522992441747523,-1.9094236009222307,-1,1.0117560429580992,0.004203446826397646,-0.005921831819976313
2021-11-03,69.0,52.0,1.3269230769230769,1.348443201612375,1.4861765429117788,0.06845763967578034,-2.0119498999924255,2,1.009172544797543,0.0,0.0
2021-11-04,67.0,50.62,1.3235875148162781,1.3371482435164406,1.483792329035148,0.07156991579208781,-2.0489626667259433,2,1.009172544797543,0.0,0.0
2021-11-05,66.99,50.44,1.328112609040444,1.3324032907350063,1.4817730914829874,0.07422051958043127,-2.0125135419742257,2,1.009172544797543,0.0,0.0
2021-11-08,68.45,50.87,1.345586789856497,1.3322883918894424,1.4800085512821641,0.07618592409727086,-1.9389429365471647,-1,1.0090525447975431,0.004382761139517896,-0.005897385492431689
2021-11-09,67.99,49.89,1.3627981559430746,1.3374016293158744,1.4784015408541624,0.07763501308053554,-1.8161897054363891,-1,1.012815912455948,0.004382761139517896,-0.005897385492431689
2021-11-10,68.21,50.36,1.3544479745830023,1.3429066088478592,1.4764700965381217,0.07926357051901345,-1.6850551497452892,-1,1.011008348725199,0.004382761139517896,-0.005897385492431689
2021-11-11,68.87,50.59,1.3613362324570073,1.3504563523760051,1.4744491456212159,0.08063869636217434,-1.5376339008299338,-1,1.0125445724140216,0.004382761139517896,-0.005897385492431689
2021-11-12,69.16,50.96,1.357142857142857,1.3562624019964877,1.4724332726053428,0.08204556489255177,-1.4159311446145129,-2,1.011633540512282,0.004382761139517896,-0.005897385492431689
2021-11-15,68.74,51.08,1.345732184808144,1.356291480986817,1.4701714351962336,0.08364797652526258,-1.3614191154405713,-2,1.0090850945745928,0.004382761139517896,-0.005897385492431689
2021-11-16,67.74,50.37,1.344848123883264,1.3527014745748551,1.4677693555134226,0.08515472383749491,-1.351280067071292,-2,1.0088894771347015,0.004382761139517896,-0.005897385492431689
2021-11-17,66.85,49.84,1.3412921348314604,1.3500703066245465,1.465296543147986,0.08664936678672948,-1.3297989448329897,-2,1.0081144340315193,0.004382761139517896,-0.005897385492431689
2021-11-18,67.11,49.9,1.3448897795591184,1.3467810160449687,1.4629666646176789,0.08798833963571596,-1.3204664283214689,-2,1.0089001087982483,0.004382761139517896,-0.005897385492431689
2021-11-19,66.34,48.82,1.3588693158541583,1.347126307787229,1.4610001474388292,0.0889854414898298,-1.2796906746213632,-2,1.0118945590526458,0.004382761139517896,-0.005897385492431689
2021-11-22,67.04,50.34,1.3317441398490266,1.3443286987954055,1.4587730764376516,0.09053293830638894,-1.2641186708746175,-2,1.0059984659018122,0.004382761139517896,-0.005897385492431689
2021-11-23,68.07,51.4,1.3243190661478599,1.3402228872483246,1.4561704068763413,0.0921289490755489,-1.2585351378852232,-2,1.004261481253538,0.004382761139517896,-0.005897385492431689
2021-11-24,67.28,51.31,1.3112453712726564,1.334213534536564,1.451799113465386,0.09268700751145673,-1.2686306537007108,-2,1.0013298646476378,0.004382761139517896,-0.005897385492431689
2021-11-26,65.5,48.43,1.3524674788354325,1.3357290743918266,1.4469869584808825,0.09014751456301441,-1.234175835333597,-2,1.0105130200374992,0.004382761139517896,-0.005897385492431689
2021-11-29,65.04,49.16,1.3230268510984542,1.3285605814406858,1.442300437933974,0.08913849075007581,-1.2759903778513504,-2,1.0041918585038458,0.004382761139517896,-0.005897385492431689
2021-11-30,63.7,47.78,1.3331938049393053,1.3288505144587417,1.437665757669907,0.08741656832870827,-1.244789692521361,-2,1.0064573505564476,0.004382761139517896,-0.005897385492431689
2021-12-01,62.52,47.21,1.3242957000635458,1.3288458412418787,1.4330992724783838,0.08602924719015415,-1.2118370745017593,-2,1.0046472021425026,0.004382761139517896,-0.005897385492431689
2021-12-02,63.81,48.91,1.3046411776732776,1.3275250025220031,1.4282040101954243,0.08481429656524606,-1.187052321962851,-2,1.000275408675347,0.004382761139517896,-0.005897385492431689
2021-12-03,62.76,47.75,1.31434554973822,1.3199006167025606,1.4236369710409258,0.083409774266625,-1.2436954211956603,-2,1.002514476650074,0.004382761139517896,-0.005897385492431689
2021-12-06,62.52,48.81,1.2808850645359557,1.311472259390061,1.418828953487305,0.08318127404884028,-1.2906353662509322,-2,0.9952113853546121,0.004382761139517896,-0.005897385492431689
2021-12-07,62.9,50.25,1.2517412935323382,1.2951817571086675,1.4140065764447785,0.0843524715360552,-1.408670275717068,-2,0.9883845994785273,0.004382761139517896,-0.005897385492431689
2021-12-08,62.46,49.41,1.2641165755919854,1.2831459322143552,1.410181954043769,0.08587142840537428,-1.47937473719097,-2,0.9914099883907821,0.004382761139517896,-0.005897385492431689
2021-12-09,62.14,49.69,1.2505534312738982,1.2723283829344794,1.405849411174492,0.08727031117087955,-1.5299708050607477,-1,0.9883562368882556,0.004382761139517896,-0.005897385492431689
2021-12-10,60.71,50.2,1.2093625498007967,1.2513317829469948,1.4007965801476916,0.08973069723686597,-1.6657041770905692,-1,0.9790812218576048,0.004382761139517896,-0.005897385492431689
2021-12-13,60.18,48.56,1.239291598023064,1.2430130896444165,1.3963599832608584,0.0910379851054725,-1.6844275874381573,-1,0.9864300706612483,0.004382761139517896,-0.005897385492431689
2021-12-14,60.64,48.89,1.240335446921661,1.240731920322281,1.392547048247936,0.09271475543061605,-1.6374430070008354,-1,0.9865000035729241,0.004382761139517896,-0.005897385492431689
2021-12-15,60.24,48.94,1.2308949734368615,1.2340875998912564,1.3887289946427306,0.09458878969712138,-1.6348807849920126,-1,0.9844520298424955,0.004382761139517896,-0.005897385492431689
2021-12-16,61.07,50.3,1.2141153081510936,1.2267999752666954,1.3848067873033625,0.09687974888169623,-1.6309581090018679,-1,0.9800692773185883,0.004382761139517896,-0.005897385492431689
2021-12-17,59.54,47.95,1.2417101147028153,1.2332694882470991,1.3807878694103344,0.09774157265159404,-1.509269568324563,-1,0.9872225086823404,0.004382761139517896,-0.005897385492431689
2021-12-20,58.28,46.85,1.2439701173959445,1.234205192121675,1.3767641660246963,0.09832987383148319,-1.4498032830524885,-2,0.9881873536882227,0.004382761139517896,-0.005897385492431689
2021-12-21,59.38,47.81,1.2419995816774734,1.2345380190728377,1.3721417592769323,0.09803212639291416,-1.403659649823129,-2,0.987346900868958,0.004382761139517896,-0.005897385492431689
2021-12-22,59.6,48.03,1.2408911097230897,1.2365372463300832,1.3669195321277179,0.09650184794396972,-1.351085897063198,-2,0.987013683511317,0.004382761139517896,-0.005897385492431689
2021-12-23,60.21,48.36,1.2450372208436724,1.242721628868599,1.3623210845043137,0.09560749443207321,-1.2509422649987676,-2,0.9877410305939205,0.004382761139517896,-0.005897385492431689
2021-12-27,60.65,48.77,1.2435923723600573,1.2430980804000473,1.357844722370158,0.09475616326606237,-1.210967582635419,-2,0.9872515174434113,0.004382761139517896,-0.005897385492431689
2021-12-28,60.62,48.42,1.251961999173895,1.2446964567556376,1.3534803572776997,0.09347200096704894,-1.1638126861156097,-2,0.9891841195315769,0.004382761139517896,-0.005897385492431689
2021-12-29,60.54,48.45,1.2495356037151701,1.2462036611631768,1.349036561760433,0.09193197599771673,-1.1185759849196557,-2,0.9886565770756425,0.004382761139517896,-0.005897385492431689
2021-12-30,60.43,48.1,1.2563409563409562,1.2492936304867501,1.3447705457283619,0.09014891348059124,-1.0591022293592876,-2,0.9902385582726466,0.004382761139517896,-0.005897385492431689
2021-12-31,60.39,47.98,1.2586494372655275,1.2520160737711212,1.340533914770177,0.08806516065483394,-1.0051402886323684,-2,0.9907709340861577,0.004382761139517896,-0.005897385492431689
2022-01-03,63.1,50.73,1.243839936920954,1.2520655866833006,1.3360726485038958,0.08601276872249013,-0.9766812889332043,0,0.9863152613512771,0.0,0.0
2022-01-04,63.59,52.75,1.2054976303317537,1.2427727129148722,1.3310427478983136,0.08464376755807665,-1.0428415172195233,-2,0.9863152613512771,0.0,0.0
2022-01-05,62.85,52.29,1.2019506597819851,1.2332557241282354,1.32580735139327,0.08269742168069998,-1.1191597680322172,-2,0.9863152613512771,0.0,0.0
2022-01-06,64.91,53.63,1.210330039157188,1.2240535406914816,1.320741933860824,0.08023016692014383,-1.2051376294103935,-2,0.9863152613512771,0.0,0.0
2022-01-07,65.78,54.77,1.2010224575497535,1.212528144748327,1.3153300931696066,0.07705710818498826,-1.3341007837263588,-2,0.9863152613512771,0.0,0.0
2022-01-10,66.03,55.35,1.1929539295392955,1.2023509432719952,1.3091698425065539,0.07153309292692141,-1.4932794719736981,-2,0.9863152613512771,0.0,0.0
2022-01-11,67.11,56.06,1.1971102390296111,1.2006734650115667,1.3042181384154186,0.06873523664102568,-1.50642783038081,-1,0.9861952613512771,0.004470272686633884,-0.005351409204423831
2022-01-12,67.28,56.4,1.1929078014184398,1.1988648933388575,1.299954679188267,0.06754375268038927,-1.4966563425600137,-2,0.9851357285785007,0.004470272686633884,-0.005351409204423831
2022-01-13,67.78,56.0,1.210357142857143,1.1988703140788486,1.2963688556455006,0.06646782197202065,-1.4668532633383662,-2,0.9895114286035872,0.004470272686633884,-0.005351409204423831
2022-01-14,66.93,58.06,1.1527729934550466,1.1892204212599071,1.2917181025061153,0.06659207866267358,-1.5391872923116983,-1,0.9746877938588353,0.004470272686633884,-0.005351409204423831
2022-01-18,65.3,56.69,1.1518786382077968,1.1810053629936075,1.2875668513838547,0.06742534819173703,-1.5804366050468,-1,0.9747326799896827,0.004470272686633884,-0.005351409204423831
2022-01-19,64.24,55.57,1.1560194349469137,1.172787202177068,1.2833537788000973,0.06761879763279668,-1.6351455585392118,-1,0.9759877692508054,0.004470272686633884,-0.005351409204423831
2022-01-20,64.46,55.0,1.172,1.1686056418933801,1.2795662903238691,0.06738115613196174,-1.6467608275105816,-1,0.9800215324883864,0.004470272686633884,-0.005351409204423831
2022-01-21,63.27,53.67,1.1788708775852432,1.162308388839,1.2759571760082926,0.0668681295335266,-1.6995957261270624,-1,0.9818192822331757,0.004470272686633884,-0.005351409204423831
2022-01-24,62.7,53.32,1.1759189797449363,1.166937586096978,1.2721425722574546,0.06591530120384356,-1.5960631938118508,-1,0.9811442200233427,0.004470272686633884,-0.005351409204423831
2022-01-25,64.11,53.59,1.1963052808359769,1.1758229146226138,1.2690799551831218,0.06507969529285218,-1.4329667669902348,-2,0.986002424026302,0.004470272686633884,-0.005351409204423831
2022-01-26,64.75,54.14,1.1959734022903583,1.183813708091303,1.2664822223388341,0.06483061666206284,-1.2751461964097992,-2,0.9859201234833146,0.004470272686633884,-0.005351409204423831
2022-01-27,64.15,53.76,1.1932663690476193,1.188066981900827,1.2639339737548891,0.06465026073747716,-1.173498621484798,-2,0.9852714953690154,0.004470272686633884,-0.005351409204423831
2022-01-28,64.69,54.19,1.1937626868425908,1.1910453437522963,1.2615428190554172,0.06454640595383646,-1.0921983069598118,-2,0.9853843366618954,0.004470272686633884,-0.005351409204423831
2022-01-31,65.12,53.8,1.2104089219330856,1.1979433321899262,1.2596009164722506,0.0642982867354079,-0.9589304383186724,0,0.9892778015123629,0.0,0.0
2022-02-01,66.56,55.6,1.1971223021582733,1.1981067364543854,1.2574931629279504,0.064237990492474,-0.9244751589874635,0,0.9892778015123629,0.0,0.0
2022-02-02,66.23,55.93,1.1841587698909353,1.1957438099745008,1.2550939322754584,0.06424398600061698,-0.9238237848502677,0,0.9892778015123629,0.0,0.0
2022-02-03,65.26,55.17,1.182889251404749,1.1936683864459268,1.2523823066345963,0.06379170000034262,-0.9204006193337715,0,0.9892778015123629,0.0,0.0
2022-02-04,66.08,56.33,1.1730871649210013,1.1895332820616091,1.2492204567842284,0.06292175668555566,-0.9485935845831385,0,0.9892778015123629,0.0,0.0
2022-02-07,66.36,57.33,1.1575091575091576,1.1789533291768233,1.2459381431663308,0.06247459379902492,-1.0721928693925016,-2,0.9892778015123629,0.0,0.0
2022-02-08,67.12,58.75,1.142468085106383,1.1680224857664452,1.242290340710487,0.06201043699583019,-1.197667014490414,-2,0.9892778015123629,0.0,0.0
2022-02-09,67.84,59.06,1.1486623772434812,1.1609232072369544,1.2388156660454976,0.06130267457030581,-1.2706208881508294,-2,0.9892778015123629,0.0,0.0
2022-02-10,67.5,59.05,1.1430990685859441,1.1529651706731934,1.2354384474417943,0.060892966025833536,-1.354397431283148,-2,0.9892778015123629,0.0,0.0
2022-02-11,67.15,58.31,1.151603498542274,1.148668437397448,1.232217703686111,0.06011354726351215,-1.389857529491957,-2,0.9892778015123629,0.0,0.0
2022-02-14,66.46,57.85,1.1488331892826273,1.146933243752142,1.2290100545936304,0.05932431408563632,-1.38352734635934,-2,0.9892778015123629,0.0,0.0
2022-02-15,67.0,58.38,1.1476533059266871,1.1479702879162028,1.2257227800330897,0.058249248153369966,-1.3348239605113001,-2,0.9892778015123629,0.0,0.0
2022-02-16,66.95,58.14,1.151530787753698,1.148543970018246,1.2222671378980823,0.05633517787087739,-1.3086524382476052,-2,0.9892778015123629,0.0,0.0
2022-02-17,64.71,56.15,1.1524487978628672,1.1504139158736308,1.219278882198313,0.05517293152341124,-1.2481658020194373,-2,0.9892778015123629,0.0,0.0
2022-02-18,64.14,55.63,1.152975013481934,1.1506882188615628,1.2164231479872143,0.05406721173293585,-1.2158002423048584,-2,0.9892778015123629,0.0,0.0
2022-02-22,63.89,55.28,1.155752532561505,1.1520720875173383,1.2138316006753618,0.05316415929658372,-1.1616757224258814,-2,0.9892778015123629,0.0,0.0
2022-02-23,63.22,53.95,1.1718257645968488,1.1569065792513706,1.2108209054380519,0.05021309988300256,-1.0737103726378696,-2,0.9892778015123629,0.0,0.0
2022-02-24,60.67,52.71,1.1510149876683742,1.1568034192343057,1.2079540410475507,0.048582170033466876,-1.0528681979007672,-2,0.9892778015123629,0.0,0.0
2022-02-25,61.98,54.11,1.145444464978747,1.1554025526574818,1.2048248853815413,0.046375102758201864,-1.0657083172784712,-2,0.9892778015123629,0.0,0.0
2022-02-28,59.23,53.37,1.109799512834926,1.1467674525280802,1.2012499489277308,0.04526346504821878,-1.2036748919158289,-2,0.9892778015123629,0.0,0.0
2022-03-01,58.59,50.29,1.1650427520381788,1.1486254964234148,1.1989233085004793,0.04340868350342486,-1.158703927823476,-2,0.9892778015123629,0.0,0.0
2022-03-02,59.56,52.22,1.1405591727307545,1.142372178050196,1.1960268688836881,0.04132451794731739,-1.2983742702551015,-2,0.9892778015123629,0.0,0.0
2022-03-03,57.62,51.24,1.1245120999219358,1.1370716005009085,1.193420652806788,0.04080983977122625,-1.3807712213957177,-2,0.9892778015123629,0.0,0.0
2022-03-04,56.59,48.79,1.1598688255790122,1.1399564726209614,1.1918894450075659,0.04030495836159334,-1.2885008320984013,-2,0.9892778015123629,0.0,0.0
2022-03-07,55.55,45.81,1.2126173324601615,1.1605200365460084,1.1910311242887022,0.039275984489955784,-0.7768382674276813,0,0.9892778015123629,0.0,0.0
2022-03-08,54.87,46.46,1.1810159276797245,1.1637146716743179,1.1898721658954658,0.03850828274595471,-0.6792692988600182,0,0.9892778015123629,0.0,0.0
2022-03-09,55.95,49.16,1.1381204231082183,1.1632269217498103,1.1886847971172563,0.0389924285788907,-0.6528927870173246,0,0.9892778015123629,0.0,0.0
2022-03-10,54.88,49.01,1.119771475209141,1.1622787968072514,1.1866927950703576,0.03941394251533258,-0.619425429303572,0,0.9892778015123629,0.0,0.0
2022-03-11,54.16,48.47,1.117392201361667,1.1537834719637823,1.184643740977691,0.039772061107966036,-0.7759283314519433,0,0.9892778015123629,0.0,0.0
2022-03-14,54.23,49.86,1.087645407139992,1.1287890868997486,1.1822562482060766,0.041221741589577955,-1.2970621629399095,-2,0.9892778015123629,0.0,0.0
2022-03-15,55.11,50.11,1.0997804829375375,1.1125419979513111,1.1803506677858506,0.04235124810615022,-1.601102042248723,-1,0.9891578015123629,0.005443658138268917,-0.005986828976252245
2022-03-16,56.8,51.6,1.1007751937984496,1.1050729520893574,1.1780017524374444,0.04279638327984696,-1.7040879335808168,-1,0.9894372085914215,0.005443658138268917,-0.005986828976252245
2022-03-17,57.29,51.48,1.1128593628593628,1.1036905296194017,1.175816573195168,0.04271813415069522,-1.6884174604005362,-1,0.9928230205563237,0.005443658138268917,-0.005986828976252245
2022-03-18,57.35,51.42,1.115324776351614,1.1032770446173914,1.173705326439737,0.04252160472511671,-1.6562940716286034,-1,0.9935088497831949,0.005443658138268917,-0.005986828976252245
2022-03-21,56.98,51.14,1.114196323816973,1.1085872279527873,1.1715937466746351,0.04227372285696077,-1.4904416848981918,-2,0.993171008385386,0.005443658138268917,-0.005986828976252245
2022-03-22,57.5,53.39,1.0769807079977525,1.1040272729648302,1.1687928047938698,0.042888099900517763,-1.5101049470428458,-1,0.9825313454207183,0.005443658138268917,-0.005986828976252245
2022-03-23,56.35,51.12,1.1023082942097027,1.104333893047081,1.1664380701580306,0.04258918578396924,-1.458214707977017,-2,0.9898612403378017,0.005443658138268917,-0.005986828976252245
2022-03-24,56.42,51.33,1.099162283265147,1.1015944771282378,1.163891408226218,0.04195216118284951,-1.4849516530616265,-2,0.9889850623224675,0.005443658138268917,-0.005986828976252245
2022-03-25,56.74,52.56,1.0795281582952816,1.0944351535169714,1.1610579508025531,0.04181062364115015,-1.5934418452445986,-1,0.9833632332859233,0.005443658138268917,-0.005986828976252245
2022-03-28,55.92,51.81,1.0793283149971047,1.0874615517529977,1.1581077401134892,0.04121424476971085,-1.7141206579238515,-1,0.983389555344732,0.005443658138268917,-0.005986828976252245
2022-03-29,56.47,51.6,1.0943798449612403,1.0909413791456952,1.1553699135750841,0.039855904534468925,-1.6165367511272668,-1,0.9876408014057929,0.005443658138268917,-0.005986828976252245
2022-03-30,54.97,50.11,1.0969866294152864,1.0898770461868121,1.1529223584499897,0.03882671754469241,-1.6237610658332824,-1,0.9883956893730054,0.005443658138268917,-0.005986828976252245
2022-03-31,53.4,48.46,1.101939744118861,1.0904325383575548,1.151196393679775,0.03875163336300356,-1.5680333975349783,-1,0.9897274139067395,0.005443658138268917,-0.005986828976252245
2022-04-01,52.33,48.71,1.0743173886265653,1.0893903844238115,1.1490691724938515,0.03941576254897329,-1.5140843208574317,-1,0.9824059924547287,0.005443658138268917,-0.005986828976252245
2022-04-04,52.8,48.46,1.0895583986793231,1.091436401160255,1.14705631181922,0.03931793049186796,-1.4146194869149773,-2,0.9864612190237781,0.005443658138268917,-0.005986828976252245
2022-04-05,51.58,48.12,1.07190357439734,1.086941147047475,1.1449043304333466,0.039844147105543404,-1.4547477508386002,-2,0.9818554779470159,0.005443658138268917,-0.005986828976252245
2022-04-06,50.53,47.89,1.0551263311756107,1.07856908739954,1.1426072037939519,0.04098377628251887,-1.5625235691550123,-1,0.9775166075663716,0.005443658138268917,-0.005986828976252245
2022-04-07,50.03,47.74,1.0479681608713867,1.0677747707500451,1.140121502491315,0.042128892240160844,-1.7172711622429693,-1,0.975692802843675,0.005443658138268917,-0.005986828976252245
2022-04-08,50.88,48.73,1.0441206648881594,1.061735426002364,1.1376417168824768,0.04333092554131226,-1.7517809724083295,-1,0.974392951574714,0.005443658138268917,-0.005986828976252245
2022-04-11,50.55,49.33,1.0247314007703223,1.048770026420564,1.1345479545143633,0.04465754852247338,-1.9207934813222591,-1,0.9690044470033338,0.005443658138268917,-0.005986828976252245
2022-04-12,50.34,48.42,1.0396530359355638,1.0423199187282086,1.1326626218890383,0.04623505283769966,-1.953987237301588,-1,0.9733092931626868,0.005443658138268917,-0.005986828976252245
2022-04-13,50.15,48.54,1.0331685208075814,1.0379283566546027,1.1306841199323683,0.04790847191819987,-1.9361035650675542,-1,0.9715565786392654,0.005443658138268917,-0.005986828976252245
2022-04-14,50.93,46.35,1.0988133764832793,1.0480973997769811,1.129730685624641,0.047964924170997396,-1.7019371396613285,-1,0.9889137874451075,0.005443658138268917,-0.005986828976252245
2022-04-18,52.31,47.17,1.1089675641297434,1.061066779625298,1.1286801450268034,0.04771305425545031,-1.4170831537949988,-2,0.9915168359153917,0.005443658138268917,-0.005986828976252245
2022-04-19,52.92,47.83,1.1064185657537111,1.0774042126219758,1.1274726064962777,0.047336619385398404,-1.0577095391342224,-2,0.9908861602554093,0.005443658138268917,-0.005986828976252245
2022-04-20,53.1,48.65,1.091469681397739,1.087767541714411,1.126065118190491,0.04712674484299235,-0.8126505788522498,0,0.9868407554644035,0.0,0.0
2022-04-21,52.63,47.78,1.1015069066555043,1.1014352188839953,1.1244851452874833,0.046314057084357194,-0.4976874809629504,0,0.9868407554644035,0.0,0.0
2022-04-22,51.23,46.34,1.1055243849805783,1.1027774205834553,1.1229776616656535,0.04541095034502752,-0.4448319387442663,0,0.9868407554644035,0.0,0.0
2022-04-25,51.13,45.83,1.1156447741653939,1.1041128625905852,1.1216839684176165,0.04447051214645991,-0.3951181351175448,0,0.9868407554644035,0.0,0.0
2022-04-26,50.23,44.58,1.12673844773441,1.108176838986725,1.1205668977658134,0.043459565443639304,-0.2850939408300453,0,0.9868407554644035,0.0,0.0
2022-04-27,49.6,44.58,1.1126065500224316,1.1124042127116636,1.1189368582339692,0.041836577132093884,-0.15614674933084416,0,0.9868407554644035,0.0,0.0
2022-04-28,50.02,45.17,1.1073721496568518,1.113577261311933,1.1174410223589455,0.04057931746019497,-0.09521503289951852,0,0.9868407554644035,0.0,0.0
2022-04-29,48.21,43.63,1.1049736419894567,1.113467112713709,1.1161212702272543,0.03964970607597708,-0.06694015608739531,0,0.9868407554644035,0.0,0.0
2022-05-02,48.71,43.67,1.115411037325395,1.1134203653457089,1.1149966333259316,0.03866862805713435,-0.04076348345986586,0,0.9868407554644035,0.0,0.0
2022-05-03,50.1,44.16,1.1345108695652175,1.1149748497118706,1.114353695070002,0.03800133769554221,0.016345599379821087,0,0.9868407554644035,0.0,0.0
2022-05-04,52.23,45.98,1.1359286646367985,1.119639272634744,1.113994020188796,0.03768678268162916,0.14979396075377607,0,0.9868407554644035,0.0,0.0
2022-05-05,51.31,44.76,1.1463360142984809,1.1274320455630698,1.1140584856753308,0.037739585971063645,0.3543642449599984,0,0.9868407554644035,0.0,0.0
2022-05-06,51.62,44.55,1.1586980920314254,1.1381769355714635,1.1142257475884632,0.0379173702777193,0.631667961347898,0,0.9868407554644035,0.0,0.0
2022-05-09,49.89,43.96,1.1348953594176523,1.1420737999899149,1.1140890191023252,0.03782617102826038,0.7398258963795714,0,0.9868407554644035,0.0,0.0
2022-05-10,48.75,43.08,1.1316155988857939,1.1414947458540303,1.113755887441384,0.03757738228268815,0.7381796369947141,0,0.9868407554644035,0.0,0.0
2022-05-11,47.66,42.57,1.1195677707305614,1.1382225670727828,1.113268130465516,0.037303293435006275,0.6689606817356476,0,0.9868407554644035,0.0,0.0
2022-05-12,46.56,41.81,1.1136091844056446,1.1316772010942155,1.1127007284401655,0.037029320880544433,0.5124715280430765,0,0.9868407554644035,0.0,0.0
2022-05-13,47.64,42.64,1.1172607879924954,1.1233897402864295,1.1121295617774787,0.03668290888300677,0.30695980367486664,0,0.9868407554644035,0.0,0.0
2022-05-16,47.46,42.21,1.1243781094527363,1.1212862902934464,1.111661716970643,0.03633734732789731,0.26486725175489695,0,0.9868407554644035,0.0,0.0
2022-05-17,51.05,43.71,1.167924959963395,1.1285481625089664,1.1119108827453341,0.036675120848830144,0.4536393985505563,0,0.9868407554644035,0.0,0.0
2022-05-18,49.32,42.11,1.1712182379482308,1.1388782559525006,1.1121686445017793,0.03704099664674701,0.7210824186359179,0,0.9868407554644035,0.0,0.0
2022-05-19,49.78,42.0,1.1852380952380952,1.1532040381189905,1.1123921833458004,0.03744538735107645,1.0899033942565675,-2,0.9868407554644035,0.0,0.0
2022-05-20,49.75,41.67,1.1939044876409888,1.1685327780486892,1.1131070083453438,0.038587154543358815,1.4363787731760749,-2,0.9868407554644035,0.0,0.0
2022-05-23,52.77,43.82,1.2042446371519855,1.184506083588539,1.114087011214898,0.04013787112216458,1.7544296796238126,1,0.9867207554644035,-0.005685048322910744,0.006846188954815153
2022-05-24,52.68,43.29,1.2169092169092168,1.1943029349777035,1.1158721729494694,0.04226925163462462,1.8555039182190762,1,0.9836039296674135,-0.005685048322910744,0.006846188954815153
2022-05-25,52.7,44.12,1.1944696282864915,1.1989532130453555,1.1163626208869413,0.04301361041559604,1.9201036918414138,1,0.9891725655334518,-0.005685048322910744,0.006846188954815153
2022-05-26,54.09,45.6,1.1861842105263158,1.1991424361029996,1.1171230381835342,0.043843898241729545,1.8707140835711866,1,0.9914027080177322,-0.005685048322910744,0.006846188954815153
2022-05-27,53.62,45.89,1.1684462845935932,1.1940507954935207,1.117855274594728,0.0443335325795268,1.7186882358654991,1,0.9960600755263967,-0.005685048322910744,0.006846188954815153
2022-05-31,53.41,45.77,1.1669215643434563,1.1865861809318148,1.1179728202408021,0.044455995735352735,1.5433994797792654,1,0.9964323929996303,-0.005685048322910744,0.006846188954815153
2022-06-01,52.39,45.16,1.1600974313551817,1.1752238238210075,1.1170974885557192,0.04305588105014367,1.3500208066255415,-2,0.9980549670265618,-0.005685048322910744,0.006846188954815153
2022-06-02,52.43,45.33,1.156629163909111,1.1676557309455318,1.1166910424928758,0.042554451514703925,1.1976347159602345,-2,0.9989914172159641,-0.005685048322910744,0.006846188954815153
2022-06-03,51.33,44.82,1.14524765729585,1.1594684202994385,1.1168098297293363,0.042625172508287616,1.000783998277265,-2,1.0017534140042101,-0.005685048322910744,0.006846188954815153
2022-06-06,51.4,45.12,1.1391843971631206,1.153616042813344,1.1171333784285693,0.04272160241245198,0.8539629209727659,0,1.0032890950021631,0.0,0.0
2022-06-07,52.1,45.47,1.145810424455685,1.1493938148357896,1.117607015480136,0.04288175098892683,0.7412663574270021,0,1.0032890950021631,0.0,0.0
2022-06-08,51.41,44.63,1.1519157517365,1.1477574789120533,1.118678187890078,0.042923340474909345,0.6774703622839755,0,1.0032890950021631,0.0,0.0
2022-06-09,49.97,42.67,1.171080384344973,1.1506477229992256,1.119866519580202,0.043375873029352745,0.7096388215216723,0,1.0032890950021631,0.0,0.0
2022-06-10,47.71,40.08,1.190369261477046,1.1596720438354648,1.1213597540415117,0.044241036293670544,0.8659898818743182,0,1.0032890950021631,0.0,0.0
2022-06-13,45.69,38.99,1.1718389330597587,1.1662029510147927,1.1223427468781852,0.04470179964849253,0.9811731178945162,0,1.0032890950021631,0.0,0.0
2022-06-14,45.96,37.43,1.2278920651883516,1.182619279161326,1.1242188683587977,0.04671896130757305,1.25003658403385,-2,1.0032890950021631,0.0,0.0
2022-06-15,47.58,38.17,1.2465286874508776,1.2015418663042012,1.126424407752696,0.04929062818750519,1.5239704039833486,1,1.0031690950021632,-0.006305170239596469,0.007859575582918521
2022-06-16,46.89,37.65,1.245418326693227,1.2164094547738522,1.1292317013976205,0.05118699766092821,1.703123007012692,1,1.003432683164367,-0.006305170239596469,0.007859575582918521
2022-06-17,46.52,38.48,1.2089397089397091,1.2201235442663847,1.1310088916431205,0.05207969892133111,1.7111207335871161,1,1.01228904388684,-0.006305170239596469,0.007859575582918521
2022-06-21,47.96,38.99,1.2300589894844831,1.2317675555513297,1.1331905034134429,0.05344671938477086,1.8443985575282178,1,1.0072179822891094,-0.006305170239596469,0.007859575582918521
2022-06-22,47.2,38.6,1.22279792746114,1.2307487280058873,1.1355783328995406,0.05420367995954879,1.7557921376808852,1,1.0089446771938644,-0.006305170239596469,0.007859575582918521
2022-06-23,46.35,37.9,1.2229551451187335,1.2260340195394588,1.1379721134015675,0.05484510206988724,1.6056475932103664,1,1.0088023689894783,-0.006305170239596469,0.007859575582918521
2022-06-24,47.86,40.76,1.174190382728165,1.2117884307464462,1.1393022890310163,0.054737655240935316,1.3242463784093814,-2,1.0217599480948345,-0.006305170239596469,0.007859575582918521
2022-06-27,47.83,40.24,1.1886182902584492,1.2077241470101943,1.1408294833784025,0.054815245428083775,1.2203660333794522,-2,1.017862123898905,-0.006305170239596469,0.007859575582918521
2022-06-28,47.21,40.18,1.1749626679940268,1.196704882712103,1.1420465321096551,0.0547477647194187,0.9983667987646782,0,1.0211770619456932,0.0,0.0
2022-06-29,47.1,39.71,1.1860992193402167,1.1893651410879182,1.1439095626215492,0.054304055499610565,0.8370567915815244,0,1.0211770619456932,0.0,0.0
2022-06-30,45.99,39.17,1.1741128414603013,1.1795966803562317,1.1453188033345656,0.05396576561495469,0.6351781843741169,0,1.0211770619456932,0.0,0.0
2022-07-01,46.87,39.92,1.1740981963927855,1.1795782430891557,1.1470220470344898,0.053216908700228584,0.6117641338029473,0,1.0211770619456932,0.0,0.0
2022-07-05,46.61,40.1,1.1623441396508727,1.1743234129676405,1.1488090105090774,0.05186172497838055,0.49196979987070033,0,1.0211770619456932,0.0,0.0
2022-07-06,46.15,39.5,1.1683544303797468,1.1730017654447846,1.1508154483342168,0.0501962709574107,0.4419913409382929,0,1.0211770619456932,0.0,0.0
2022-07-07,46.93,40.12,1.169740777666999,1.169730077110141,1.1529091168805308,0.04825280458356468,0.3486006746090711,0,1.0211770619456932,0.0,0.0
2022-07-08,46.82,40.18,1.1652563464410155,1.167958778106284,1.1552511993083756,0.04524237214952704,0.2808778186057412,0,1.0211770619456932,0.0,0.0
2022-07-11,46.19,39.79,1.1608444332746921,1.1653080254826653,1.1572710559306947,0.04262350383473142,0.18855722380621792,0,1.0211770619456932,0.0,0.0
2022-07-12,46.13,39.6,1.1648989898989899,1.1658189955322886,1.1594665637488846,0.03939296860334625,0.16125801148341093,0,1.0211770619456932,0.0,0.0
2022-07-13,45.5,39.07,1.1645764013309445,1.1650633897225282,1.1605626141630123,0.0385833401897518,0.11665074971169424,0,1.0211770619456932,0.0,0.0
2022-07-14,44.14,38.74,1.13939081053175,1.1589933962954784,1.1610696682697124,0.03809055760050516,-0.05450883644209121,0,1.0211770619456932,0.0,0.0
2022-07-15,49.98,41.13,1.2151714077315827,1.168976408553592,1.1628822156360104,0.0380333661831354,0.1602328042234661,0,1.0211770619456932,0.0,0.0
2022-07-18,50.07,41.19,1.2155863073561546,1.1799247833698843,1.1649508260686507,0.03745435684199416,0.3997921353823538,0,1.0211770619456932,0.0,0.0
2022-07-19,52.13,42.9,1.2151515151515153,1.1899752884203896,1.1668449028769174,0.037063076924815835,0.6240816322506949,0,1.0211770619456932,0.0,0.0
2022-07-20,52.45,42.72,1.2277621722846443,1.2026124426111295,1.1688821993319853,0.036994800776073845,0.9117563163351058,0,1.0211770619456932,0.0,0.0
2022-07-21,52.59,43.28,1.2151109057301295,1.2177564616508054,1.1705399681913975,0.03679680342247531,1.283168348002977,-2,1.0211770619456932,0.0,0.0
2022-07-22,51.91,43.17,1.2024554088487374,1.215213261874236,1.1718019175433028,0.0365668069759639,1.187178972434436,-2,1.0211770619456932,0.0,0.0
2022-07-25,52.16,43.5,1.1990804597701148,1.2119120923570281,1.1732431493724311,0.03589205788915715,1.0773676757129809,-2,1.0211770619456932,0.0,0.0
2022-07-26,51.4,42.9,1.1981351981351982,1.2085088289537649,1.1747558668470703,0.03496959356941423,0.9652088760967527,0,1.0211770619456932,0.0,0.0
2022-07-27,52.35,43.71,1.1976664378860673,1.2024896820740494,1.1763007467786801,0.03386453875225094,0.7733439243618371,0,1.0211770619456932,0.0,0.0
2022-07-28,52.23,43.32,1.2056786703601108,1.2006032350000457,1.1778052073292586,0.033110322445183,0.6885474373899921,0,1.0211770619456932,0.0,0.0
2022-07-29,51.9,43.87,1.1830408023706405,1.1967203137044264,1.1786140395426827,0.032623967713536206,0.5549991442098909,0,1.0211770619456932,0.0,0.0
2022-08-01,51.92,43.54,1.1924666972898486,1.1953975612083731,1.1795563400869,0.03218370257373495,0.4922125130003256,0,1.0211770619456932,0.0,0.0
2022-08-02,50.75,42.88,1.183535447761194,1.1924776111335722,1.180176330644612,0.03188986128792401,0.3857426778340488,0,1.0211770619456932,0.0,0.0
2022-08-03,51.61,43.89,1.175894281157439,1.1881231797878464,1.1804629337967123,0.03177060912778973,0.24111108352762797,0,1.0211770619456932,0.0,0.0
2022-08-04,51.26,42.77,1.198503624035539,1.1866881705229322,1.1815230715403438,0.03128181195824541,0.16511508315064186,0,1.0211770619456932,0.0,0.0
2022-08-05,51.66,43.76,1.1805301645338209,1.1861860429555684,1.182338314301144,0.03058882774779913,0.12578869272625628,0,1.0211770619456932,0.0,0.0
2022-08-08,51.47,43.19,1.1917110442232,1.1860349123422387,1.183540702192688,0.029477330940631805,0.08461451800280213,0,1.0211770619456932,0.0,0.0
2022-08-09,52.09,43.4,1.200230414746544,1.1893739057393085,1.1849843893650365,0.028082488870837634,0.15630795384487073,0,1.0211770619456932,0.0,0.0
2022-08-10,53.19,44.33,1.1998646514775546,1.1941679798033316,1.1863611204231208,0.026696713884923614,0.29242772776688086,0,1.0211770619456932,0.0,0.0
2022-08-11,54.0,45.25,1.1933701657458564,1.193141288145395,1.1875109880280061,0.02543788004831995,0.22133527269937806,0,1.0211770619456932,0.0,0.0
2022-08-12,54.38,45.94,1.1837178929037877,1.1937788338193884,1.1877742035770127,0.025313183029351476,0.23721355925144513,0,1.0211770619456932,0.0,0.0
2022-08-15,54.07,45.75,1.1818579234972677,1.191808209674202,1.1879515316694966,0.025232375129712967,0.15284641199566779,0,1.0211770619456932,0.0,0.0
2022-08-16,54.18,46.06,1.1762917933130699,1.1870204853875073,1.1878024266374125,0.025275078282547193,-0.030937243444472854,0,1.0211770619456932,0.0,0.0
2022-08-17,53.76,46.14,1.165149544863459,1.1800774640646883,1.1873231775911208,0.025429557896680062,-0.28493273677315917,0,1.0211770619456932,0.0,0.0
2022-08-18,53.55,46.14,1.160598179453836,1.173523066806284,1.1865957366294848,0.025561233221696504,-0.5114256307518343,0,1.0211770619456932,0.0,0.0
2022-08-19,52.61,45.35,1.160088202866593,1.1687971287988452,1.1856487197287746,0.02547153738345607,-0.6615851519380452,0,1.0211770619456932,0.0,0.0
2022-08-22,51.25,44.41,1.1540193650078812,1.1632294171009678,1.1849745486741308,0.02576770118577128,-0.8438910175336255,0,1.0211770619456932,0.0,0.0
2022-08-23,50.95,44.37,1.148298399819698,1.1576307384022937,1.1843431184956872,0.02619815150948884,-1.0196284300332565,-2,1.0211770619456932,0.0,0.0
2022-08-24,51.01,44.64,1.1426971326164874,1.1531402559528992,1.1839139659627356,0.02666962784252914,-1.1538859931432053,-2,1.0211770619456932,0.0,0.0
2022-08-25,52.06,45.39,1.1469486671072924,1.1504103534835903,1.1835810843421328,0.027007819615482067,-1.2281898846631654,-2,1.0211770619456932,0.0,0.0
2022-08-26,49.78,43.97,1.132135546963839,1.1448198223030395,1.1831150529356103,0.027653438546966638,-1.3848270828067228,-2,1.0211770619456932,0.0,0.0
2022-08-29,49.37,43.92,1.1240892531876137,1.1388337999389861,1.1825727210902521,0.028488160619456773,-1.5353367925549144,-1,1.0210570619456933,0.00607656471541422,-0.006830601092896175
2022-08-30,49.08,44.14,1.1119166289080198,1.1315574457566506,1.182017203950455,0.029534108248200675,-1.7085248611452024,-1,1.0177921259377862,0.00607656471541422,-0.006830601092896175
2022-08-31,48.81,43.71,1.116678105696637,1.1263536403726804,1.1816420990926804,0.03022224336731821,-1.8293962512322277,-1,1.0190886119345697,0.00607656471541422,-0.006830601092896175
2022-09-01,48.75,43.7,1.1155606407322654,1.120076035097675,1.1811379360306233,0.031070519861457018,-1.9652680806508027,-1,1.0187923240625738,0.00607656471541422,-0.006830601092896175
2022-09-02,48.84,43.38,1.1258644536652835,1.1188218164379637,1.1807037477294364,0.03166219091861137,-1.954442491062671,-1,1.021525007236688,0.00607656471541422,-0.006830601092896175
2022-09-06,48.22,42.88,1.1245335820895521,1.1189106822183514,1.179927967691846,0.03246211194331761,-1.8796462035506911,-1,1.0211728376595792,0.00607656471541422,-0.006830601092896175
2022-09-07,48.63,43.84,1.1092609489051095,1.1183795462177695,1.178576162482314,0.033685660150376696,-1.7870101400958076,-1,1.0171068521437188,0.00607656471541422,-0.006830601092896175
2022-09-08,49.9,45.23,1.1032500552730489,1.1156939361330518,1.177433014519202,0.03505417676637067,-1.7612474198903396,-1,1.0153295538131692,0.00607656471541422,-0.006830601092896175
2022-09-09,50.67,45.33,1.1178027796161483,1.1161423639098285,1.1755981930929984,0.03524889183436822,-1.686743216284592,-1,1.0193254485347487,0.00607656471541422,-0.006830601092896175
2022-09-12,50.87,45.53,1.1172853063913901,1.11442653445505,1.173444136742007,0.03478686639887455,-1.6965483930126701,-1,1.0191746412592522,0.00607656471541422,-0.006830601092896175
2022-09-13,49.0,43.22,1.1337343822304489,1.1162666944832291,1.1715827376676273,0.033845644275932306,-1.6343622456533804,-1,1.0235901537660177,0.00607656471541422,-0.006830601092896175
2022-09-14,48.43,43.28,1.118992606284658,1.118213025959139,1.1700836192900432,0.034153558469682335,-1.5187463811991688,-1,1.019716675812658,0.00607656471541422,-0.006830601092896175
2022-09-15,48.44,44.14,1.097417308563661,1.117046476617261,1.1678729246080295,0.03449676605780709,-1.4733684863560073,-2,1.0139031245199213,0.00607656471541422,-0.006830601092896175
2022-09-16,48.11,43.94,1.0949021392808376,1.112466348550199,1.1657413281383577,0.03499320578138904,-1.522437810384685,-1,1.0132639783824138,0.00607656471541422,-0.006830601092896175
2022-09-19,48.24,44.32,1.088447653429603,1.1066988179578416,1.1634995366102057,0.03556952993829333,-1.5968925861798835,-1,1.011458303380117,0.00607656471541422,-0.006830601092896175
2022-09-20,47.25,43.41,1.0884588804422946,1.0976437176002107,1.1620706782387744,0.03683232824996895,-1.7491959835207536,-1,1.0116583513063924,0.00607656471541422,-0.006830601092896175
2022-09-21,46.33,42.27,1.096049207475751,1.0930550378384294,1.160527860192396,0.037631542282903295,-1.792985837431936,-1,1.0138547970141127,0.00607656471541422,-0.006830601092896175
2022-09-22,45.58,41.52,1.0977842003853564,1.0931284162027688,1.1592415523989184,0.03844013029443706,-1.7198988580357972,-1,1.0144203242972243,0.00607656471541422,-0.006830601092896175
2022-09-23,44.26,40.41,1.095273447166543,1.0932026777799098,1.157727789529357,0.039146415498852644,-1.648301917996512,-1,1.0139812260859924,0.00607656471541422,-0.006830601092896175
2022-09-26,42.99,40.01,1.0744813796550863,1.0904094230250063,1.156067265165937,0.04052831680058055,-1.6200485814399799,-1,1.0089962293345747,0.00607656471541422,-0.006830601092896175
2022-09-27,42.59,40.03,1.0639520359730203,1.0855080541311515,1.1542314958256072,0.042159507708408914,-1.630081692836004,-1,1.006428991426551,0.00607656471541422,-0.006830601092896175
2022-09-28,43.4,40.81,1.0634648370497426,1.0789911800459497,1.1525835074489217,0.043739955890491386,-1.6824966076147818,-1,1.0060231399935775,0.00607656471541422,-0.006830601092896175
2022-09-29,42.39,40.5,1.0466666666666666,1.068767673302212,1.1505553780537037,0.04577037332002355,-1.7869136478227348,-1,1.002003295969807,0.00607656471541422,-0.006830601092896175
2022-09-30,41.67,40.22,1.0360517155643958,1.0569233269817824,1.1483272270186604,0.048019386462957205,-1.9034791314418027,-1,0.9995407376807198,0.00607656471541422,-0.006830601092896175
2022-10-03,42.56,41.58,1.0235690235690236,1.0467408557645697,1.1459657716374605,0.05058794206383352,-1.9614341249083744,-1,0.9956592627910996,0.00607656471541422,-0.006830601092896175
2022-10-04,44.41,43.54,1.0199816260909509,1.0379467737881558,1.1436180581843982,0.05309236880631509,-1.990329058056142,-1,0.9935129293725393,0.00607656471541422,-0.006830601092896175
2022-10-05,43.84,43.31,1.0122373585776958,1.0277012780937465,1.1410736976623768,0.055651573728494566,-2.0371826342546298,2,0.991507879750028,0.0,0.0
2022-10-06,43.06,42.24,1.019412878787879,1.0222505205179888,1.1386543056199925,0.05772913551440949,-2.01637845543259,2,0.991507879750028,0.0,0.0
2022-10-07,42.19,41.79,1.009571667863125,1.0169545109777347,1.1364906532421817,0.06008573445027207,-1.9894263315259468,-1,0.991387879750028,0.00711068973690448,-0.007178750897343862
2022-10-10,41.6,41.45,1.0036188178528347,1.012964469834497,1.1329647767442026,0.061578912964194876,-1.9487240214759853,-1,0.9896333481103512,0.00711068973690448,-0.007178750897343862
2022-10-11,40.45,40.23,1.0054685558041265,1.0100618557771321,1.1294628142183356,0.0627638745996192,-1.90238348417591,-1,0.9902141310076706,0.00711068973690448,-0.007178750897343862
2022-10-12,40.84,40.51,1.0081461367563567,1.0092436114128644,1.1260127245784162,0.06365690996377546,-1.8343509484202145,-1,0.9909772497538071,0.00711068973690448,-0.007178750897343862
2022-10-13,42.95,42.38,1.0134497404436056,1.0080509837440097,1.1224408507143988,0.0638631889536998,-1.791170607739627,-1,0.9925565409206425,0.00711068973690448,-0.007178750897343862
2022-10-14,43.23,43.17,1.001389854065323,1.0064146209844493,1.1188788331866522,0.0645632305833093,-1.7419235559640154,-1,0.9888763208380741,0.00711068973690448,-0.007178750897343862
2022-10-17,43.59,43.96,0.9915832575068244,1.0040075089152474,1.1153642973309537,0.06566662538906247,-1.6957897220382219,-1,0.9857649559344581,0.00711068973690448,-0.007178750897343862
2022-10-18,44.15,44.67,0.98835907768077,1.000585613290576,1.1118522742961312,0.06673957829215736,-1.6671765667813687,-1,0.9846500290500104,0.00711068973690448,-0.007178750897343862
2022-10-19,43.34,43.62,0.9935809261806512,0.9976725711754348,1.108443036430222,0.06747781832592174,-1.641583382553352,-1,0.9864280588053289,0.00711068973690448,-0.007178750897343862
2022-10-20,42.92,43.65,0.9832760595647194,0.9916378349996577,1.1048698634581997,0.06834384710884076,-1.6567991596699947,-1,0.9832262065889087,0.00711068973690448,-0.007178750897343862
2022-10-21,44.26,44.83,0.9872853000223065,0.9888169241910543,1.1012299739525697,0.0686986530710967,-1.6363210155689432,-1,0.9842836047774949,0.00711068973690448,-0.007178750897343862
2022-10-24,44.41,45.2,0.9825221238938052,0.9870046974684504,1.0978879959779557,0.06952370698038199,-1.5948991117633304,-1,0.9826940704060133,0.00711068973690448,-0.007178750897343862
2022-10-25,45.32,45.37,0.9988979501873485,0.9891124719697661,1.094661850192914,0.06955166614285097,-1.517567932971753,-1,0.987944410414048,0.00711068973690448,-0.007178750897343862
2022-10-26,45.41,45.7,0.9936542669584244,0.9891271401253208,1.0914971638462012,0.06975887315862538,-1.4674839068587053,-2,0.9862153846942459,0.00711068973690448,-0.007178750897343862
2022-10-27,45.44,45.65,0.9953997809419496,0.9915518844007668,1.088488922175943,0.06994920495921012,-1.385820436868492,-2,0.9867876429312202,0.00711068973690448,-0.007178750897343862
2022-10-28,46.13,46.35,0.9952535059331176,0.993145525582929,1.0851014202075693,0.06945083411936814,-1.3240430556469878,-2,0.9866688932215436,0.00711068973690448,-0.007178750897343862
2022-10-31,45.86,45.99,0.9971732985431615,0.9960757605128002,1.0820454724410584,0.0692142416474827,-1.2420812520942341,-2,0.9873333573156232,0.00711068973690448,-0.007178750897343862
2022-11-01,46.22,46.95,0.984451544195953,0.9931864793145213,1.0785911474406042,0.0688191142997121,-1.2410021401051397,-2,0.9830016047594587,0.00711068973690448,-0.007178750897343862
2022-11-02,45.55,46.88,0.9716296928327643,0.9887815644893893,1.0747811354087078,0.06829668937641369,-1.259205558930336,-2,0.9787399551985468,0.00711068973690448,-0.007178750897343862
2022-11-03,44.58,45.54,0.9789196310935441,0.985485534519708,1.0710987184023077,0.06738854694772296,-1.2704411618937956,-2,0.9814621123561903,0.00711068973690448,-0.007178750897343862
2022-11-04,45.13,46.74,0.9655541292255028,0.9795456591781851,1.0673017844603017,0.0667979638316512,-1.3137544956203382,-2,0.9767584906346752,0.00711068973690448,-0.007178750897343862
2022-11-07,45.73,47.07,0.9715317612067134,0.9744173517108955,1.0637653489320171,0.06614377186373481,-1.350814970231675,-2,0.9786559166806944,0.00711068973690448,-0.007178750897343862
2022-11-08,46.12,47.18,0.9775328529037728,0.9730336134524595,1.0603599310887923,0.06521402700676972,-1.3390726143513214,-2,0.9806394230793793,0.00711068973690448,-0.007178750897343862
2022-11-09,45.36,45.97,0.9867304763976507,0.9760537701654368,1.0572005758068685,0.06408435888381464,-1.2662497847337666,-2,0.983921587465118,0.00711068973690448,-0.007178750897343862
2022-11-10,48.42,47.95,1.0098018769551615,0.9822302193377602,1.054611448008397,0.06277386640823125,-1.153047164562509,-2,0.9914663712833048,0.00711068973690448,-0.007178750897343862
2022-11-11,50.19,47.55,1.0555205047318612,1.0002234944390318,1.0528601534296975,0.06121323623149359,-0.859890151724811,0,1.0067841454519506,0.0,0.0
2022-11-14,49.02,46.87,1.0458715596330277,1.0150914541242948,1.050956542709138,0.059576203720737485,-0.6020035911143368,0,1.0067841454519506,0.0,0.0
2022-11-15,49.03,46.71,1.0496681652751017,1.0295185165985605,1.0492173560469251,0.05801933448899156,-0.3395219821437662,0,1.0067841454519506,0.0,0.0
2022-11-16,48.37,46.21,1.0467431291928153,1.0415210471575933,1.0475247682031437,0.0565423981680513,-0.10618087028616163,0,1.0067841454519506,0.0,0.0
2022-11-17,48.25,45.99,1.0491411176342682,1.0493888952934147,1.0459655012867735,0.055146104781773946,0.06207861861120453,0,1.0067841454519506,0.0,0.0
2022-11-18,48.66,46.5,1.0464516129032257,1.0475751169276877,1.0442905503833722,0.05352946098022661,0.06135997792932794,0,1.0067841454519506,0.0,0.0
2022-11-21,48.88,46.84,1.0435525192143467,1.0471113088439514,1.0428141665875474,0.05227239721024187,0.08220671876058584,0,1.0067841454519506,0.0,0.0
2022-11-22,49.33,47.11,1.047123752918701,1.0466024263726712,1.0415314082497322,0.05117699625436144,0.09908784207918044,0,1.0067841454519506,0.0,0.0
2022-11-23,48.24,47.33,1.0192267061060638,1.041099141755321,1.039986576203033,0.050409550124072014,0.022070531269368178,0,1.0067841454519506,0.0,0.0
2022-11-25,48.29,47.44,1.0179173693086003,1.0348543920901876,1.038340563929899,0.04946649948242687,-0.07047541015005362,0,1.0067841454519506,0.0,0.0
2022-11-28,47.23,46.98,1.0053214133673904,1.0266283521830204,1.0365032434738177,0.048589236261252666,-0.2032320746451417,0,1.0067841454519506,0.0,0.0
2022-11-29,47.57,47.57,1.0,1.0179178483401512,1.0344055025793963,0.04736746878240534,-0.3480796982204269,0,1.0067841454519506,0.0,0.0
2022-11-30,48.41,47.95,1.0095933263816474,1.0104117630327405,1.0324898316509312,0.0459641227992166,-0.4803326436715338,0,1.0067841454519506,0.0,0.0
2022-12-01,47.78,46.87,1.0194154043097932,1.0104495026734863,1.0309924059076758,0.044871177882995286,-0.4578195671118006,0,1.0067841454519506,0.0,0.0
2022-12-02,47.24,45.94,1.028297779712669,1.0125255847543,1.029743201315003,0.04385731797612892,-0.39258252340178085,0,1.0067841454519506,0.0,0.0
2022-12-05,45.64,43.66,1.0453504351809437,1.0205313891170107,1.0285356622410828,0.04236364035928627,-0.18894205163172623,0,1.0067841454519506,0.0,0.0
2022-12-06,44.98,43.4,1.036405529953917,1.0278124951077943,1.027187665967125,0.04074775927887541,0.015334073620905038,0,1.0067841454519506,0.0,0.0
2022-12-07,44.67,42.45,1.0522968197879858,1.0363531937890618,1.0258303732597507,0.03842892306279234,0.2738255379188466,0,1.0067841454519506,0.0,0.0
2022-12-08,44.69,42.58,1.0495537811178957,1.0423808691506822,1.024673059506971,0.03657668550956449,0.4841283292079776,0,1.0067841454519506,0.0,0.0
2022-12-09,44.86,42.5,1.0555294117647058,1.0478271955610896,1.0239749278936554,0.03555004276331328,0.6709490569741065,0,1.0067841454519506,0.0,0.0
2022-12-12,45.77,42.86,1.0678954736350912,1.0523362032519192,1.0235248167995594,0.03479984314964962,0.8279171353865684,0,1.0067841454519506,0.0,0.0
2022-12-13,46.59,42.62,1.0931487564523699,1.0636848485516095,1.0236031685166056,0.034953447449663215,1.1467160740789846,-2,1.0067841454519506,0.0,0.0
2022-12-14,45.98,42.18,1.09009009009009,1.0712435026120306,1.0236303553440689,0.03500534313982608,1.3601679914341867,-2,1.0067841454519506,0.0,0.0
2022-12-15,44.62,41.37,1.0785593425187334,1.077044614892198,1.0233388575947855,0.03446065653573874,1.5584658766357178,1,1.0066641454519507,-0.006723442402510086,0.007251631617113851
2022-12-16,44.35,41.19,1.076717649915028,1.0812822625222624,1.0229877484202798,0.033790095788607206,1.7251952899653336,1,1.007174181209548,-0.006723442402510086,0.007251631617113851
2022-12-19,43.93,41.82,1.0504543280726926,1.0777940334097829,1.022240763102049,0.032640874697854094,1.7019540935092088,1,1.014566554937384,-0.006723442402510086,0.007251631617113851
2022-12-20,43.81,40.98,1.0690580771107858,1.072975897541466,1.0221503747263108,0.032500968442171534,1.5638156415427542,1,1.0092819974673095,-0.006723442402510086,0.007251631617113851
2022-12-21,44.81,41.12,1.0897373540856032,1.0729053503405688,1.022580130028187,0.033225476122341786,1.5146576117397363,1,1.0035737834911955,-0.006723442402510086,0.007251631617113851
2022-12-22,43.99,40.68,1.0813667649950836,1.0734668348358387,1.0228784954939427,0.03367616755623096,1.5022000130337234,1,1.0058962883497238,-0.006723442402510086,0.007251631617113851
2022-12-23,44.26,40.98,1.0800390434358225,1.0741311135399976,1.0234347017734284,0.034344678773440426,1.4761067384265043,-2,1.0062564483861802,-0.006723442402510086,0.007251631617113851
2022-12-27,44.39,41.04,1.081627680311891,1.0803657839878373,1.024194301185887,0.03512362546466206,1.5992507054394092,1,1.0058174987708808,-0.006723442402510086,0.007251631617113851
2022-12-28,44.62,41.12,1.0851167315175096,1.083577514869182,1.0252200963183618,0.03599305278713552,1.6213522897307024,1,1.0048512375476726,-0.006723442402510086,0.007251631617113851
2022-12-29,45.16,41.33,1.0926687636099686,1.0841637967740552,1.0264315486103452,0.03702228262543526,1.5593919139941517,1,1.0027434212899111,-0.006723442402510086,0.007251631617113851
2022-12-30,45.23,41.29,1.0954226204892226,1.0869749678728828,1.027817969642204,0.0380257001425902,1.5557109536142566,1,1.001982715057051,-0.006723442402510086,0.007251631617113851
2023-01-03,45.78,41.79,1.0954773869346734,1.0900626365726531,1.0290857114446506,0.03899630565903999,1.563659020963364,1,1.0019106375442275,-0.006723442402510086,0.007251631617113851
2023-01-04,46.96,42.65,1.1010550996483002,1.0939481204399348,1.0306104353077368,0.03999603951116226,1.5835989239514956,1,1.0002133786999834,-0.006723442402510086,0.007251631617113851
2023-01-05,46.75,42.42,1.102074493163602,1.0973396727691533,1.0322513632295829,0.040879797526746815,1.5921876691533148,1,0.9999574263325743,-0.006723442402510086,0.007251631617113851
2023-01-06,47.31,42.8,1.1053738317757011,1.0998806864022999,1.0339164511624426,0.041794805140473776,1.5782879000906744,1,0.9989479186016719,-0.006723442402510086,0.007251631617113851
2023-01-09,47.54,42.39,1.1214909176692616,1.1050943458383076,1.0358055308443244,0.04314983732785,1.6057723339147434,1,0.9944283578860779,-0.006723442402510086,0.007251631617113851
2023-01-10,48.19,42.36,1.1376298394711992,1.1135248363456127,1.0378751991614508,0.044997927649099045,1.6811804706672224,1,0.9898405713759328,-0.006723442402510086,0.007251631617113851
2023-01-11,48.71,42.74,1.1396817969115582,1.1212501757982642,1.0401800648755548,0.046610294682169914,1.7393177081483164,1,0.9891000013411309,-0.006723442402510086,0.007251631617113851
2023-01-12,49.09,42.83,1.1461592341816484,1.1300671240018736,1.0427563311534687,0.04812595769074947,1.8142141380219716,1,0.9871977400737172,-0.006723442402510086,0.007251631617113851
2023-01-13,49.92,44.22,1.1289009497964722,1.134772547606028,1.0450986956887303,0.0488482593854438,1.8357635061203317,1,0.9916970508274221,-0.006723442402510086,0.007251631617113851
2023-01-17,50.31,44.12,1.1402991840435177,1.1385342008808792,1.0475439999864447,0.049886867922459915,1.8239309197735625,1,0.9883497451287317,-0.006723442402510086,0.007251631617113851
2023-01-18,49.43,43.38,1.1394651913324112,1.1389012712531215,1.050147152182573,0.05054714681996433,1.755868029241441,1,0.9889001670462765,-0.006723442402510086,0.007251631617113851
2023-01-19,49.37,42.95,1.149476135040745,1.1408601388789588,1.0528503327662135,0.05145707974699958,1.7103536878786247,1,0.9861853719950682,-0.006723442402510086,0.007251631617113851
2023-01-20,51.09,43.92,1.1632513661202186,1.144278565266673,1.0558624868033204,0.052548602070633575,1.68255814578107,1,0.9816551337313512,-0.006723442402510086,0.007251631617113851
2023-01-23,51.98,45.03,1.1543415500777259,1.1493666853229236,1.05845321346816,0.05351547135515593,1.6988259572902875,1,0.9837205810881137,-0.006723442402510086,0.007251631617113851
2023-01-24,51.42,44.45,1.1568053993250844,1.1526679283792371,1.0611723990076043,0.054306263580700335,1.6848061961705105,1,0.9832797624955932,-0.006723442402510086,0.007251631617113851
2023-01-25,51.9,45.34,1.1446846052051167,1.153711811153778,1.0636604794119904,0.05466040990260646,1.6474690164643941,1,0.9865064622816196,-0.006723442402510086,0.007251631617113851
2023-01-26,52.19,45.81,1.1392709015498799,1.1516707644556052,1.0660607693389366,0.05476755235149677,1.5631517466259195,1,0.9879649308449352,-0.006723442402510086,0.007251631617113851
2023-01-27,51.86,46.12,1.1244579358196012,1.1439120783954817,1.0681821799602105,0.05451859037353955,1.3890655997596468,-2,0.9924316726390687,-0.006723442402510086,0.007251631617113851
2023-01-30,51.75,46.29,1.117952041477641,1.1366341766754646,1.0704071882482387,0.053762425464829455,1.2318452498120762,-2,0.9944040286782542,-0.006723442402510086,0.007251631617113851
2023-01-31,52.22,46.87,1.1141455088542778,1.1281021985813033,1.072782451848597,0.05245676824993723,1.0545778662751002,-2,0.9954499570870005,-0.006723442402510086,0.007251631617113851
2023-02-01,52.15,47.33,1.1018381576167335,1.1195329090636266,1.0748310939573171,0.05111191251021178,0.8745870172120511,0,0.9991175791499027,0.0,0.0
2023-02-02,52.22,47.23,1.1056531865339827,1.1128093660604472,1.0771660782457917,0.049199463566525985,0.7244649683316118,0,0.9991175791499027,0.0,0.0
2023-02-03,50.95,47.58,1.0708280790248004,1.1020833947014872,1.0788210168760932,0.04721603391918668,0.4926796237314013,0,0.9991175791499027,0.0,0.0
2023-02-06,50.86,47.68,1.0666946308724832,1.0918319125804554,1.080307046508905,0.04533998454555112,0.2541876929837021,0,0.9991175791499027,0.0,0.0
2023-02-07,51.13,48.13,1.0623311863702471,1.0814690480836493,1.0815670583417816,0.04371681540529474,-0.002241934990543812,0,0.9991175791499027,0.0,0.0
2023-02-08,51.15,48.25,1.060103626943005,1.0731221419489037,1.082405420841579,0.042789730973195335,-0.21695109273976576,0,0.9991175791499027,0.0,0.0
2023-02-09,49.98,47.57,1.0506621820475088,1.062123941051609,1.0823244487968398,0.042846027966000906,-0.47146745460886624,0,0.9991175791499027,0.0,0.0
2023-02-10,50.11,47.51,1.0547253209850558,1.05890338944366,1.0824720114860402,0.04273345390533496,-0.5515262607743002,0,0.9991175791499027,0.0,0.0
2023-02-13,51.0,48.13,1.059630168294203,1.0574904969280041,1.082638044869692,0.042623050246611345,-0.5899987869518356,0,0.9991175791499027,0.0,0.0
2023-02-14,51.61,48.5,1.0641237113402062,1.0578490019219957,1.082927721238815,0.042433605398105444,-0.5910108057407509,0,0.9991175791499027,0.0,0.0
2023-02-15,51.82,47.97,1.0802584948926413,1.061879975511923,1.0834463441931212,0.04220319956500154,-0.5110126460431419,0,0.9991175791499027,0.0,0.0
2023-02-16,51.46,47.22,1.0897924608216858,1.0697060312667586,1.084168691658429,0.041929288549808034,-0.34492978278155517,0,0.9991175791499027,0.0,0.0
2023-02-17,51.42,47.49,1.0827542640555907,1.0753118198808653,1.0848220540724498,0.041589715819341885,-0.22866792917978074,0,0.9991175791499027,0.0,0.0
2023-02-21,49.84,46.24,1.0778546712802768,1.0789567204780801,1.0853342360451428,0.04130584682723562,-0.1543974051358164,0,0.9991175791499027,0.0,0.0
2023-02-22,50.04,46.01,1.0875896544229515,1.0836499090946292,1.0864736185170907,0.04038400333517652,-0.06992148349002011,0,0.9991175791499027,0.0,0.0
2023-02-23,50.38,46.25,1.0892972972972974,1.0854576695755604,1.0876632839835692,0.039368810553220404,-0.05602441061883399,0,0.9991175791499027,0.0,0.0
2023-02-24,50.18,46.62,1.0763620763620765,1.0827715926836388,1.0888472950334807,0.03789094792067243,-0.1603470666018131,0,0.9991175791499027,0.0,0.0
2023-02-27,50.47,46.78,1.0788798631893972,1.0819967125103997,1.0901619594199705,0.03608124529051699,-0.2263016934095894,0,0.9991175791499027,0.0,0.0
2023-02-28,50.69,46.77,1.0838144109471883,1.0831886604437821,1.0913989774960628,0.034510301424423136,-0.23790916663713096,0,0.9991175791499027,0.0,0.0
2023-03-01,51.5,46.68,1.1032562125107113,1.0863219720613342,1.0927963242994114,0.03321948016615574,-0.19489625381535503,0,0.9991175791499027,0.0,0.0
2023-03-02,51.4,45.8,1.1222707423580787,1.0929166610734904,1.0943625403435016,0.032330390539130636,-0.04472198590552637,0,0.9991175791499027,0.0,0.0
2023-03-03,52.35,46.85,1.1173959445037354,1.101123434701822,1.0955632988322148,0.03181296958368067,0.17477575788647387,0,0.9991175791499027,0.0,0.0
2023-03-06,52.18,46.63,1.1190220887840445,1.1091518798207516,1.0969402414793836,0.030986260469278725,0.394098486116941,0,0.9991175791499027,0.0,0.0
2023-03-07,51.08,44.45,1.149156355455568,1.1222202687224274,1.0985545670738432,0.031143700988741103,0.7598872612198423,0,0.9991175791499027,0.0,0.0
2023-03-08,50.68,43.84,1.1560218978102188,1.132773405782329,1.1003290356853819,0.03133697910650036,1.035338153900647,-2,0.9991175791499027,0.0,0.0
2023-03-09,48.6,41.13,1.1816192560175054,1.1446431085142144,1.1024305330895954,0.03248845569402334,1.2993100017488526,-2,0.9991175791499027,0.0,0.0
2023-03-10,48.34,41.36,1.1687620889748551,1.1549163374084384,1.1041116433452582,0.033271386017167656,1.5269785886576972,1,0.9989975791499027,-0.006206040546131567,0.007253384912959381
2023-03-13,44.74,38.41,1.1648008331163762,1.1640720862749045,1.1053058446229918,0.03414563733387214,1.7210468522611895,1,0.9999418396227462,-0.006206040546131567,0.007253384912959381
2023-03-14,47.4,40.17,1.179985063480209,1.1702378278798329,1.1068040941794934,0.03541529159011219,1.7911396702448694,1,0.9961997292168447,-0.006206040546131567,0.007253384912959381
2023-03-15,44.82,38.85,1.1536679536679537,1.1697670390513797,1.108055904365314,0.035726067829670735,1.7273419224383322,1,1.0026368457407577,-0.006206040546131567,0.007253384912959381
2023-03-16,45.62,39.3,1.1608142493638678,1.1656060377206523,1.1094575143561278,0.036123200107095334,1.5543618283557263,1,1.0009360365146842,-0.006206040546131567,0.007253384912959381
2023-03-17,44.25,37.76,1.171875,1.1662286199256813,1.111481192221583,0.036162791011085264,1.513915994130986,1,0.9982680992969271,-0.006206040546131567,0.007253384912959381
2023-03-20,44.09,37.48,1.1763607257203843,1.1685405984464832,1.1132695696984096,0.03667882483846441,1.506892028070426,1,0.9972301180086794,-0.006206040546131567,0.007253384912959381
2023-03-21,45.07,38.48,1.1712577962577964,1.1667951450020007,1.114628243734613,0.03729700874995748,1.3986886084382637,-2,0.9984015831864299,-0.006206040546131567,0.007253384912959381
2023-03-22,43.71,37.2,1.1749999999999998,1.1710615542684097,1.1161887976513614,0.03783668028289516,1.4502529346332405,-2,0.9975574656405809,-0.006206040546131567,0.007253384912959381
2023-03-23,43.45,36.61,1.1868341983064736,1.176265544056931,1.1179687168992056,0.03861130274210742,1.509838389735292,1,0.994891539083929,-0.006206040546131567,0.007253384912959381
2023-03-24,43.11,36.23,1.189897874689484,1.1798701189948275,1.1197732201388322,0.0394059464132659,1.525071831183425,1,0.9942453066026892,-0.006206040546131567,0.007253384912959381
2023-03-27,44.78,37.47,1.1950894048572192,1.1836158548221944,1.1216060980278273,0.04031376455568087,1.5381782742894192,1,0.992875416182719,-0.006206040546131567,0.007253384912959381
2023-03-28,45.22,37.18,1.21624529316837,1.1926133542043094,1.1236657068538005,0.04193446577476427,1.6441761228302287,1,0.9880412767176628,-0.006206040546131567,0.007253384912959381
2023-03-29,45.95,37.97,1.210165920463524,1.199646538297014,1.1255780951867058,0.043221276745677044,1.7137032657813958,1,0.9892410412002246,-0.006206040546131567,0.007253384912959381
2023-03-30,46.07,37.38,1.2324772605671481,1.2087751507491489,1.1278614264139137,0.04517859285333354,1.7909748671878976,1,0.9842168192360428,-0.006206040546131567,0.007253384912959381
2023-03-31,46.89,37.38,1.254414125200642,1.2216784008513808,1.1304174101731193,0.047892930216234385,1.9055211336249913,1,0.9791278659882149,-0.006206040546131567,0.007253384912959381
2023-04-03,46.71,37.72,1.2383351007423118,1.2303275400283993,1.132688420299431,0.04972188599902099,1.9637050720660678,1,0.9827111041569248,-0.006206040546131567,0.007253384912959381
2023-04-04,46.09,36.81,1.252105406139636,1.2374995626226524,1.1351339465388302,0.05191570493849008,1.9717658886671265,1,0.9799582690247333,-0.006206040546131567,0.007253384912959381
2023-04-05,45.77,36.89,1.2407156410951479,1.243609506748977,1.1371210252625947,0.05363777409999792,1.9853262607030213,1,0.9825244727925321,-0.006206040546131567,0.007253384912959381
2023-04-06,45.86,37.9,1.2100263852242745,1.2391193316804023,1.1383276343584794,0.054457449740540856,1.8508339593965333,1,0.9892918479054692,-0.006206040546131567,0.007253384912959381
2023-04-10,46.52,38.63,1.20424540512555,1.229085587665384,1.1394036944953791,0.05511852568136564,1.6270735122424405,1,0.9904908321314827,-0.006206040546131567,0.007253384912959381
2023-04-11,47.2,39.37,1.1988823977647958,1.2211950470698807,1.1402824138884318,0.055645794225438236,1.4540655643020737,-2,0.9916382293957031,-0.006206040546131567,0.007253384912959381
2023-04-12,46.92,39.19,1.1972441949476909,1.2102228048314918,1.1414214679742856,0.05610644704605053,1.2262643685267776,-2,0.9920703114642873,-0.006206040546131567,0.007253384912959381
2023-04-13,47.3,39.66,1.1926374180534545,1.2006071602231532,1.1422937718744508,0.05649422196094531,1.0322009282473994,-2,0.9931211069658482,-0.006206040546131567,0.007253384912959381
2023-04-14,49.56,39.64,1.2502522704339052,1.2086523372650793,1.1441402231928093,0.05818537054447081,1.10873426547939,-2,0.9789503876333316,-0.006206040546131567,0.007253384912959381
2023-04-17,49.69,41.3,1.2031476997578692,1.208432796191543,1.145034749271428,0.05867926366900384,1.0804165382464395,-2,0.9901842213178471,-0.006206040546131567,0.007253384912959381
2023-04-18,50.08,41.87,1.1960831144017197,1.207872939518928,1.1455819450761198,0.059004198092182804,1.0557044491222554,-2,0.9918982949052427,-0.006206040546131567,0.007253384912959381
2023-04-19,50.4,42.24,1.1931818181818181,1.2070604641657532,1.1462292828778544,0.05931417394611828,1.0255757981752989,-2,0.9925961143482755,-0.006206040546131567,0.007253384912959381
2023-04-20,49.4,41.67,1.185505159587233,1.205634012472509,1.146707612215557,0.05951628675236273,0.9900886542558458,0,0.9945459601035599,0.0,0.0
2023-04-21,49.03,41.24,1.188894277400582,1.1933624138658443,1.1474444400854815,0.05976396541736239,0.7683220726686062,0,0.9945459601035599,0.0,0.0
2023-04-24,49.03,41.45,1.1828709288299155,1.1893070596802535,1.1481711072068153,0.059927740223342116,0.6864258909168017,0,0.9945459601035599,0.0,0.0
2023-04-25,47.9,40.55,1.181257706535142,1.186341978106938,1.1491177700520745,0.05999538784160675,0.6204511612315727,0,0.9945459601035599,0.0,0.0
2023-04-26,46.86,39.46,1.1875316776482514,1.185211950000225,1.150277430654918,0.06005519834822424,0.5817068348145747,0,0.9945459601035599,0.0,0.0
2023-04-27,47.03,39.66,1.1858295511850732,1.1852768283197928,1.1514721646937645,0.060037245248657126,0.5630615376508205,0,0.9945459601035599,0.0,0.0
2023-04-28,47.07,39.75,1.1841509433962265,1.1843281615189218,1.152844044456756,0.059823925671147464,0.5262796900897848,0,0.9945459601035599,0.0,0.0
2023-05-01,47.25,40.39,1.169844020797227,1.181722779912384,1.1539138916944767,0.05953898745702754,0.46707022416157873,0,0.9945459601035599,0.0,0.0
2023-05-02,46.0,38.84,1.184346035015448,1.1823404456084452,1.1558058576276542,0.05865103082476804,0.4524146908869942,0,0.9945459601035599,0.0,0.0
2023-05-03,45.67,38.65,1.1816300129366106,1.181160112666117,1.1577214473287227,0.05755801330199774,0.4072181090479168,0,0.9945459601035599,0.0,0.0
2023-05-04,44.9,36.72,1.2227668845315904,1.1885475793354205,1.160395375631412,0.056772693108125355,0.49587578398635695,0,0.9945459601035599,0.0,0.0
2023-05-05,46.32,37.94,1.2208750658935161,1.1958924038348784,1.1630748996139206,0.05574362461609457,0.5887221085275915,0,0.9945459601035599,0.0,0.0
2023-05-08,46.36,38.38,1.2079207920792079,1.2035077580912747,1.1656958764477823,0.054039551313168656,0.6997075424325048,0,0.9945459601035599,0.0,0.0
2023-05-09,46.52,38.54,1.2070576024909185,1.2080500715863687,1.1682347478062134,0.05228761550823231,0.7614675749343867,0,0.9945459601035599,0.0,0.0
2023-05-10,46.37,38.28,1.2113375130616508,1.2139915716113767,1.1707632035523374,0.05058722920684808,0.8545312470521195,0,0.9945459601035599,0.0,0.0
2023-05-11,46.03,38.33,1.2008870336551005,1.2096156014360786,1.1730425922575856,0.04874852885035611,0.7502382131522698,0,0.9945459601035599,0.0,0.0
2023-05-12,45.45,37.49,1.212323286209656,1.207905245499307,1.1752436721128692,0.04745240682241059,0.6883017232123296,0,0.9945459601035599,0.0,0.0
2023-05-15,46.05,38.77,1.1877740521021407,1.2038758975038932,1.17687669863421,0.04612937191728599,0.5852930084999877,0,0.9945459601035599,0.0,0.0
2023-05-16,45.28,38.39,1.1794738213076321,1.198359141267236,1.1784886912550774,0.044443645405355996,0.44709316328412774,0,0.9945459601035599,0.0,0.0
2023-05-17,47.08,40.46,1.1636183885318834,1.1888153163612825,1.1799180865426042,0.04248835315420187,0.20940396975114,0,0.9945459601035599,0.0,0.0
2023-05-18,46.39,40.21,1.1536931111663764,1.1793765318635376,1.1810198108216616,0.040880298857120266,-0.04019733231078811,0,0.9945459601035599,0.0,0.0
2023-05-19,45.71,40.03,1.1418935798151386,1.1652905905846342,1.181896415530292,0.03941789741506214,-0.4212762738408377,0,0.9945459601035599,0.0,0.0
2023-05-22,45.79,40.98,1.1173743289409468,1.1512106459523956,1.1825799530732732,0.03788252069106929,-0.8280681049894559,0,0.9945459601035599,0.0,0.0
2023-05-23,45.91,41.21,1.1140499878670225,1.1381258792642737,1.1831661218179004,0.0364975199812362,-1.2340630973496944,-2,0.9945459601035599,0.0,0.0
2023-05-24,44.49,40.87,1.0885735258135554,1.123116906720608,1.1832454403990065,0.0362824812285088,-1.6572332332980804,-1,0.9944259601035599,0.006743088334457181,-0.007340347443112308
2023-05-25,44.23,40.9,1.0814180929095354,1.1086619030692397,1.1828814717389868,0.03719651704334055,-1.9953365145254895,-1,0.9924525467133076,0.006743088334457181,-0.007340347443112308
2023-05-26,44.6,41.23,1.0817365995634247,1.0966305070188969,1.1822059026924092,0.03865547804016338,-2.213797371347957,2,0.9924044978878706,0.0,0.0
2023-05-30,44.7,40.98,1.0907759882869694,1.0913108388881014,1.1817622367554632,0.0395542539160041,-2.286767892511407,2,0.9924044978878706,0.0,0.0
2023-05-31,44.32,39.81,1.113288118563175,1.091158465027332,1.1816666705851153,0.039715008453111614,-2.2789421199453903,2,0.9924044978878706,0.0,0.0
2023-06-01,44.84,40.06,1.1193210184722915,1.0973079635590792,1.1811694149687275,0.040311258436659524,-2.0803481375164345,2,0.9924044978878706,0.0,0.0
2023-06-02,46.32,41.24,1.1231813773035888,1.10566062043789,1.1806220729602837,0.04087747209020542,-1.8338084203684162,-1,0.9922844978878705,0.006476683937823834,-0.0072744907856450046
2023-06-05,46.24,40.45,1.1431396786155748,1.1179412362483199,1.1799807466702512,0.0411624218316575,-1.507188053114444,-1,0.9975132108935042,0.006476683937823834,-0.0072744907856450046
2023-06-06,47.22,41.26,1.144449830344159,1.128676004659758,1.1795755423597396,0.04139374586230686,-1.2296431898020321,-2,0.9979680236161992,0.006476683937823834,-0.0072744907856450046
2023-06-07,48.01,42.07,1.1411932493463275,1.1342570308163882,1.1791820826302388,0.041647981891917304,-1.0786849631859192,-2,0.9971922663907076,0.006476683937823834,-0.0072744907856450046
2023-06-08,48.1,42.37,1.1352371961293368,1.1374402663477974,1.178436284841058,0.04203224040115525,-0.9753469741796998,0,0.9954688709750189,0.0,0.0
2023-06-09,48.3,42.13,1.1464514597673865,1.142094282840557,1.1783160099427148,0.04211456038685645,-0.8600761059698091,0,0.9954688709750189,0.0,0.0
2023-06-12,48.45,41.83,1.15825962228066,1.145118271573574,1.1782734328246613,0.042133841202092355,-0.7869009875472959,0,0.9954688709750189,0.0,0.0
2023-06-13,48.69,42.65,1.141617819460727,1.1445518693968875,1.17776914648234,0.042391998297111634,-0.7835742220181181,0,0.9954688709750189,0.0,0.0
2023-06-14,48.24,42.08,1.14638783269962,1.145590786067546,1.1772695982653276,0.042585037548642145,-0.743895368451816,0,0.9954688709750189,0.0,0.0
2023-06-15,48.56,42.36,1.1463644948064213,1.147816245802963,1.1768547099078046,0.04276548102558133,-0.6790164265303463,0,0.9954688709750189,0.0,0.0
2023-06-16,48.19,42.18,1.142484589853011,1.1470228718200879,1.1763127864053549,0.042994784865538156,-0.6812434270079085,0,0.9954688709750189,0.0,0.0
2023-06-20,47.61,41.89,1.1365481021723562,1.142680567798427,1.1754746848031197,0.043275413843925456,-0.7578001939615392,0,0.9954688709750189,0.0,0.0
2023-06-21,47.41,41.65,1.1382953181272508,1.142016067531732,1.174614642193749,0.04349611743065585,-0.7494594135669146,0,0.9954688709750189,0.0,0.0
2023-06-22,46.63,41.06,1.1356551388212373,1.1398695287560554,1.1736240710931491,0.04369822840754685,-0.7724464713371356,0,0.9954688709750189,0.0,0.0
2023-06-23,46.02,40.61,1.133218419108594,1.13724031361649,1.1722402898588198,0.04364023409932185,-0.8020116519694322,0,0.9954688709750189,0.0,0.0
2023-06-26,46.24,40.59,1.1391968465139197,1.1365827649486717,1.1710574719596596,0.04355656834289397,-0.7914927259555847,0,0.9954688709750189,0.0,0.0
2023-06-27,46.4,40.91,1.134197017844048,1.13611254808301,1.1694194679142744,0.04305271174210958,-0.7736311717314438,0,0.9954688709750189,0.0,0.0
2023-06-28,46.23,40.62,1.138109305760709,1.1360753456097015,1.1674810542569423,0.04175988890275215,-0.752054410881611,0,0.9954688709750189,0.0,0.0
2023-06-29,46.29,42.45,1.090459363957597,1.1270361906369737,1.165016458643864,0.041870867249663934,-0.9070809969238265,0,0.9954688709750189,0.0,0.0
2023-06-30,46.04,42.68,1.0787253983130272,1.1161375864778602,1.1621267918467535,0.04174126393839293,-1.1017683948614974,-2,0.9954688709750189,0.0,0.0
