date,CAT,DE,ratio,ins_ratio,long_mean,long_std,z_score,action,capital,holding1,holding2
2021-01-04,182.15,267.64,0.680578388880586,,,,,0,0.0,0.0,0.0
2021-01-05,183.64,274.28,0.6695347819746245,,,,,0,0.0,0.0,0.0
2021-01-06,193.86,290.36,0.6676539468246315,,,,,0,0.0,0.0,0.0
2021-01-07,194.23,299.73,0.6480165482267374,,,,,0,0.0,0.0,0.0
2021-01-08,194.26,293.91,0.6609506311455887,0.6653468594104336,,,,0,0.0,0.0,0.0
2021-01-11,193.86,294.92,0.657330801573308,0.660697341948978,,,,0,0.0,0.0,0.0
2021-01-12,197.54,302.09,0.6539110861001689,0.6575726027740869,,,,0,0.0,0.0,0.0
2021-01-13,195.89,301.22,0.6503220237700019,0.654106218163161,,,,0,0.0,0.0,0.0
2021-01-14,197.4,302.85,0.6518078256562655,0.6548644736490666,,,,0,0.0,0.0,0.0
2021-01-15,194.62,295.4,0.6588354773188897,0.6544414428837269,,,,0,0.0,0.0,0.0
2021-01-19,194.06,294.99,0.657852808569782,0.6545458442830216,,,,0,0.0,0.0,0.0
2021-01-20,192.34,300.94,0.6391307237323055,0.651589771809449,,,,0,0.0,0.0,0.0
2021-01-21,192.19,305.5,0.6290998363338789,0.6473453343222243,,,,0,0.0,0.0,0.0
2021-01-22,191.94,305.17,0.6289609070354228,0.6427759505980558,,,,0,0.0,0.0,0.0
2021-01-25,187.34,298.2,0.6282360831656607,0.6366560717674099,,,,0,0.0,0.0,0.0
2021-01-26,187.21,296.01,0.6324448498361542,0.6315744800206844,,,,0,0.0,0.0,0.0
2021-01-27,180.63,280.73,0.643429629893492,0.6324342612529218,,,,0,0.0,0.0,0.0
2021-01-28,184.34,292.96,0.6292326597487712,0.6324608259359001,,,,0,0.0,0.0,0.0
2021-01-29,182.84,288.8,0.6331024930747923,0.633289143143774,,,,0,0.0,0.0,0.0
2021-02-01,184.72,292.21,0.6321481126587044,0.6340715490423829,,,,0,0.0,0.0,0.0
2021-02-02,192.5,302.54,0.6362795002313744,0.6348384791214269,,,,0,0.0,0.0,0.0
2021-02-03,191.45,301.14,0.6357508135750813,0.6333027158577447,,,,0,0.0,0.0,0.0
2021-02-04,191.65,309.27,0.6196850648300838,0.6313931968740073,,,,0,0.0,0.0,0.0
2021-02-05,193.0,309.24,0.6241107230629931,0.6295948428716474,,,,0,0.0,0.0,0.0
2021-02-08,197.45,317.04,0.6227920767095634,0.6277236356818192,,,,0,0.0,0.0,0.0
2021-02-09,197.28,315.33,0.6256302920749691,0.6255937940505382,,,,0,0.0,0.0,0.0
2021-02-10,197.72,313.64,0.6304042851677082,0.6245244883690635,,,,0,0.0,0.0,0.0
2021-02-11,198.35,314.46,0.6307638491382052,0.6267402452306877,,,,0,0.0,0.0,0.0
2021-02-12,197.99,313.0,0.632555910543131,0.6284292827267153,,,,0,0.0,0.0,0.0
2021-02-16,202.38,317.09,0.6382415087199218,0.6315191691287871,,,,0,0.0,0.0,0.0
2021-02-17,202.3,312.08,0.6482312227633941,0.636039355266472,,,,0,0.0,0.0,0.0
2021-02-18,199.92,300.25,0.6658451290591174,0.6431275240447538,,,,0,0.0,0.0,0.0
2021-02-19,209.91,330.0,0.636090909090909,0.6441929360352947,,,,0,0.0,0.0,0.0
2021-02-22,218.06,337.51,0.646084560457468,0.646898666018162,,,,0,0.0,0.0,0.0
2021-02-23,220.18,337.41,0.6525592009721111,0.6497622044685999,,,,0,0.0,0.0,0.0
2021-02-24,222.47,345.66,0.6436093270844182,0.6488378253328048,,,,0,0.0,0.0,0.0
2021-02-25,221.82,348.03,0.6373588483751401,0.6431405691960094,,,,0,0.0,0.0,0.0
2021-02-26,215.88,349.12,0.6183547204399633,0.6395933314658202,,,,0,0.0,0.0,0.0
2021-03-01,219.76,359.51,0.6112764596256015,0.6326317112994468,,,,0,0.0,0.0,0.0
2021-03-02,215.82,351.44,0.6141019804234008,0.6249402671897049,,,,0,0.0,0.0,0.0
2021-03-03,214.91,343.06,0.6264501836413455,0.6215084385010903,,,,0,0.0,0.0,0.0
2021-03-04,212.77,337.95,0.6295901760615477,0.6199547040383717,,,,0,0.0,0.0,0.0
2021-03-05,220.16,349.83,0.629334248063345,0.6221506095630481,,,,0,0.0,0.0,0.0
2021-03-08,221.58,353.7,0.6264631043256998,0.6251879385030679,,,,0,0.0,0.0,0.0
2021-03-09,216.8,352.69,0.6147041311066376,0.6253083686397151,,,,0,0.0,0.0,0.0
2021-03-10,221.06,361.22,0.6119816178506173,0.6224146554815695,,,,0,0.0,0.0,0.0
2021-03-11,219.76,364.46,0.6029742632936399,0.6170914729279879,,,,0,0.0,0.0,0.0
2021-03-12,229.0,369.49,0.6197732008985358,0.615179263495026,,,,0,0.0,0.0,0.0
2021-03-15,230.74,374.37,0.6163421214306702,0.6131550669160202,,,,0,0.0,0.0,0.0
2021-03-16,226.46,373.52,0.6062861426429643,0.6114714692232855,,,,0,0.0,0.0,0.0
2021-03-17,233.63,379.26,0.616015398407425,0.612278225334647,,,,0,0.0,0.0,0.0
2021-03-18,230.68,380.41,0.6063983596645725,0.6129630446088336,,,,0,0.0,0.0,0.0
2021-03-19,225.29,372.48,0.6048378436426116,0.6099759731576487,,,,0,0.0,0.0,0.0
2021-03-22,226.02,371.59,0.6082510293603165,0.6083577547435779,,,,0,0.0,0.0,0.0
2021-03-23,218.25,357.49,0.6105065875968558,0.6092018437343563,,,,0,0.0,0.0,0.0
2021-03-24,221.23,360.91,0.6129783048405419,0.6085944250209796,,,,0,0.0,0.0,0.0
2021-03-25,224.25,366.8,0.6113685932388222,0.6095884717358296,,,,0,0.0,0.0,0.0
2021-03-26,229.5,372.29,0.616454914179806,0.6119118858432685,,,,0,0.0,0.0,0.0
2021-03-29,230.22,367.97,0.6256488300676685,0.6153914459847389,,,,0,0.0,0.0,0.0
2021-03-30,233.08,373.92,0.62334189131365,0.6179585067280977,0.6323667823248599,0.01824512013275904,-0.7897057126465374,0,1.0,0.0,0.0
2021-03-31,231.87,374.14,0.6197412733201476,0.6193111004240188,0.6313528303988527,0.017179776577205125,-0.7009247134687056,0,1.0,0.0,0.0
2021-04-01,232.74,372.12,0.6254434053531119,0.6221260628468769,0.6306179741218274,0.016446213167078463,-0.5163444732644825,0,1.0,0.0,0.0
2021-04-05,233.71,374.81,0.6235425949147568,0.6235435989938669,0.6298827849233295,0.01573302973403398,-0.40292213493689294,0,1.0,0.0,0.0
2021-04-06,230.64,375.61,0.6140411597135326,0.6212220649230398,0.6293165284481094,0.015680631573511305,-0.5162077488475186,0,1.0,0.0,0.0
2021-04-07,230.41,374.79,0.6147709383921662,0.619507874338743,0.6285468669022191,0.01522841077488831,-0.5935611205327735,0,1.0,0.0,0.0
2021-04-08,230.48,374.07,0.6161413639158446,0.6187878924578825,0.6278603762745946,0.014832094515497149,-0.6116792073589352,0,1.0,0.0,0.0
2021-04-09,230.75,377.0,0.6120689655172413,0.6161130044907083,0.6271630075982125,0.014567796165657775,-0.7585226332005944,0,1.0,0.0,0.0
2021-04-12,230.93,378.26,0.6105060011632211,0.6135056857404011,0.6264994072214328,0.014400867633967128,-0.9022874045716257,0,1.0,0.0,0.0
2021-04-13,229.35,378.67,0.6056724852774182,0.6118319508531783,0.6257304848817854,0.0142576084167613,-0.9748152440677152,0,1.0,0.0,0.0
2021-04-14,232.58,381.5,0.6096461336828309,0.6108069899113111,0.624910662487851,0.013726087849791398,-1.0275085465633402,-2,1.0,0.0,0.0
2021-04-15,232.52,382.14,0.60846810069608,0.6092723372673583,0.6240875840232893,0.013187339287936911,-1.1234447247052526,-2,1.0,0.0,0.0
2021-04-16,233.36,383.07,0.60918370010703,0.6086952841853159,0.6235884669628681,0.013175048171718351,-1.1304082219237686,-2,1.0,0.0,0.0
2021-04-19,232.39,380.72,0.6103960916158856,0.608673302275849,0.6232767378842349,0.01326341012413722,-1.1010317461125623,-2,1.0,0.0,0.0
2021-04-20,227.63,370.27,0.6147676020201475,0.6104923256243948,0.623040182800647,0.013286862987522663,-0.9443807156012319,0,1.0,0.0,0.0
2021-04-21,232.46,375.6,0.6189030883919062,0.6123437165662099,0.622884632887751,0.013279632281208226,-0.7937656780193642,0,1.0,0.0,0.0
2021-04-22,228.89,368.36,0.6213758279943533,0.6149252620258645,0.6227001491903877,0.013221327190458695,-0.5880564827208923,0,1.0,0.0,0.0
2021-04-23,230.11,376.27,0.6115555319318575,0.6153996283908301,0.6221689142243605,0.013013008195988876,-0.5201937731520823,0,1.0,0.0,0.0
2021-04-26,230.56,380.45,0.6060191878039164,0.6145242476284362,0.6217820230252795,0.013143858932654344,-0.5521799521761668,0,1.0,0.0,0.0
2021-04-27,230.34,382.36,0.6024165707710012,0.612054041378607,0.6212705909868831,0.013292073951455305,-0.6933868741579657,0,1.0,0.0,0.0
2021-04-28,232.3,379.8,0.6116377040547657,0.6106009645111788,0.6209287508434841,0.013271311813510584,-0.778203878970823,0,1.0,0.0,0.0
2021-04-29,227.47,376.39,0.6043465554345228,0.6071951099992127,0.6203965350968698,0.013285562317595836,-0.9936670185327942,0,1.0,0.0,0.0
2021-04-30,228.11,370.85,0.6151004449238237,0.6079040925976059,0.6200523622860156,0.013147823953292347,-0.9239756884155422,0,1.0,0.0,0.0
2021-05-03,228.17,373.77,0.6104556277924927,0.6087913805953212,0.6198985383353891,0.013206055303938449,-0.8410655176307933,0,1.0,0.0,0.0
2021-05-04,233.41,379.58,0.6149164866431319,0.6112913637697474,0.6197453010617248,0.013209692989614672,-0.6399798465129969,0,1.0,0.0,0.0
2021-05-05,237.88,378.86,0.6278836509528586,0.614540553149366,0.6198301606324462,0.013245901938828322,-0.39933916976801725,0,1.0,0.0,0.0
2021-05-06,237.07,389.91,0.6080121053576466,0.6152736631339907,0.6195365241871577,0.013310269220250848,-0.32026858229743893,0,1.0,0.0,0.0
2021-05-07,240.99,394.22,0.6113084064735427,0.6145152554439346,0.6192182595422548,0.013274257542865446,-0.3542950770039857,0,1.0,0.0,0.0
2021-05-10,242.61,391.4,0.6198518140010221,0.6163944926856404,0.6190363922899685,0.013187863639990322,-0.20032809531916612,0,1.0,0.0,0.0
2021-05-11,239.3,383.2,0.6244780793319415,0.6183068112234024,0.618901761769782,0.013088364710739797,-0.04545644620457422,0,1.0,0.0,0.0
2021-05-12,237.32,373.63,0.635173835077483,0.6197648480483272,0.6188506338757414,0.013017335163791062,0.07023051654449454,0,1.0,0.0,0.0
2021-05-13,240.07,378.11,0.634921054719526,0.6251466379207031,0.6186287977416769,0.012615363661035472,0.5166589211500582,0,1.0,0.0,0.0
2021-05-14,242.23,384.0,0.6308072916666666,0.6290464149593278,0.618044833785136,0.011114328478964259,0.9898556799912975,0,1.0,0.0,0.0
2021-05-17,244.79,383.55,0.6382218745926215,0.6327204270776476,0.6180803498768311,0.011176205059964197,1.309932765394643,-2,1.0,0.0,0.0
2021-05-18,239.47,369.69,0.6477589331602153,0.6373765978433024,0.6181082560885436,0.011249167037385311,1.712868312002361,1,0.99988,-0.0012527665260784232,0.0008114907084313884
2021-05-19,236.87,358.42,0.6608727191562971,0.6425163746590653,0.6182468147249468,0.011721963718335253,2.0704346573054613,2,0.9938741732224325,0.0,0.0
2021-05-20,234.99,355.22,0.6615336974269467,0.6478389032005494,0.6185455542306556,0.012576548012518778,2.329204241158622,2,0.9938741732224325,0.0,0.0
2021-05-21,237.24,359.75,0.659457956914524,0.6535690362501209,0.6189138727063119,0.013431400839135174,2.580160026408706,2,0.9938741732224325,0.0,0.0
2021-05-24,239.05,359.36,0.665210373998219,0.6589667361312405,0.6196948002656162,0.014700519817300304,2.6714657953392305,2,0.9938741732224325,0.0,0.0
2021-05-25,237.17,360.69,0.6575452604729823,0.6609240015937938,0.6204659469464059,0.015446090250523674,2.6193071509482007,2,0.9938741732224325,0.0,0.0
2021-05-26,237.71,357.74,0.6644769944652541,0.6616448566555853,0.62130553051377,0.01643193394511315,2.4549347798353423,2,0.9938741732224325,0.0,0.0
2021-05-27,241.28,362.21,0.6661329063250601,0.6625646984352078,0.6219669092251653,0.017411899104819047,2.331611788331945,2,0.9938741732224325,0.0,0.0
2021-05-28,241.08,361.1,0.6676266962060371,0.6641984462935104,0.6226008512275735,0.01836073029357113,2.2655741030356533,2,0.9938741732224325,0.0,0.0
2021-06-01,242.76,364.61,0.6658073009517018,0.6643178316842071,0.6232087354423794,0.019173231635507815,2.144088019345461,2,0.9938741732224325,0.0,0.0
2021-06-02,243.46,356.71,0.6825152084326204,0.6693118212761346,0.6241429371774949,0.020643650773559914,2.188027912024717,2,0.9938741732224325,0.0,0.0
2021-06-03,243.84,358.91,0.6793903764174862,0.6722944976665811,0.625221041266009,0.021799124805699923,2.1594195556081965,2,0.9938741732224325,0.0,0.0
2021-06-04,244.02,356.64,0.6842193808882908,0.6759117925792272,0.6264250039833035,0.023016375477704673,2.150068704078111,2,0.9938741732224325,0.0,0.0
2021-06-07,239.76,355.43,0.6745632051318121,0.6772990943643823,0.6276181530139396,0.023627544885646935,2.1026704886559084,2,0.9938741732224325,0.0,0.0
2021-06-08,240.16,356.58,0.6735094508946099,0.6788395243529639,0.6285137571805409,0.024333046964548972,2.0682065524199675,2,0.9938741732224325,0.0,0.0
2021-06-09,234.65,349.53,0.6713300718107174,0.6766024970285833,0.6294302230202083,0.024895859979741898,1.8947838735741487,1,0.9937541732224325,-0.001278499893458342,0.0008582954252853832
2021-06-10,225.73,341.44,0.6611117619493908,0.6729467741349643,0.6303439833419822,0.02503773449862618,1.7015433563016549,1,0.9982147822815223,-0.001278499893458342,0.0008582954252853832
2021-06-11,220.7,341.57,0.646134028164066,0.6653297035901192,0.6308459605045927,0.025047513860710875,1.3767331671035474,-2,1.004757215150905,-0.001278499893458342,0.0008582954252853832
2021-06-14,219.01,335.54,0.6527090659831912,0.660958875760395,0.6316178056099031,0.024994868825247218,1.1738837421244885,-2,1.0017423585563787,-0.001278499893458342,0.0008582954252853832
2021-06-15,219.46,338.1,0.649097900029577,0.6560765655873885,0.6323554732163525,0.024843784038580653,0.9548099570580203,0,1.0032501160390714,0.0,0.0
2021-06-16,217.16,336.56,0.645234133586879,0.6508573779426208,0.6329718582867954,0.024693937553546628,0.724287879040847,0,1.0032501160390714,0.0,0.0
2021-06-17,209.45,328.38,0.6378281259516414,0.6462006507430709,0.633427217259375,0.024523975264216763,0.5208549326150128,0,1.0032501160390714,0.0,0.0
2021-06-18,208.86,328.97,0.6348907195184971,0.6439519890139571,0.6337924241706744,0.02437700975019351,0.41676829715351293,0,1.0032501160390714,0.0,0.0
2021-06-21,213.21,337.88,0.6310228483485262,0.6396147454870242,0.6341199950891695,0.024202003647084663,0.22703700395965484,0,1.0032501160390714,0.0,0.0
2021-06-22,213.13,342.1,0.62300496930722,0.6343961593425527,0.6342291626746264,0.02413565318045057,0.006919086327506744,0,1.0032501160390714,0.0,0.0
2021-06-23,213.79,347.75,0.6147807332854062,0.6283054792822582,0.6340480277282553,0.024241687800747702,-0.2368873196122906,0,1.0032501160390714,0.0,0.0
2021-06-24,219.34,350.62,0.6255775483429353,0.625855363760517,0.6340852886787434,0.024226666418586097,-0.33970521474273446,0,1.0032501160390714,0.0,0.0
2021-06-25,216.31,349.99,0.6180462298922826,0.622486465835274,0.6340570379549456,0.024244658095409006,-0.4772421237758194,0,1.0032501160390714,0.0,0.0
2021-06-28,216.27,349.89,0.6181085484009261,0.6199036058457541,0.6339347903390758,0.02430723764270381,-0.5772430705441933,0,1.0032501160390714,0.0,0.0
2021-06-29,215.1,348.93,0.6164560226979623,0.6185938165239026,0.6338166808021292,0.02437570995335158,-0.6245095756127307,0,1.0032501160390714,0.0,0.0
2021-06-30,217.63,352.71,0.6170224830597375,0.6190421664787688,0.633866369524566,0.024337724296983283,-0.6091039106575272,0,1.0032501160390714,0.0,0.0
2021-07-01,216.71,354.29,0.6116740523300122,0.6162614672761841,0.6338147547568634,0.024382151092057398,-0.7199236611406846,0,1.0032501160390714,0.0,0.0
2021-07-02,217.76,352.5,0.6177588652482269,0.6162039943473729,0.6338417131124031,0.024363165952876683,-0.7239501959287684,0,1.0032501160390714,0.0,0.0
2021-07-06,213.52,349.45,0.6110173129203034,0.6147857472512485,0.6338241855691209,0.024379468206890832,-0.7809209846706683,0,1.0032501160390714,0.0,0.0
2021-07-07,214.69,351.88,0.6101227691258384,0.6135190965368237,0.6338177983684977,0.02438573030314568,-0.8324008171719823,0,1.0032501160390714,0.0,0.0
2021-07-08,212.11,343.58,0.617352581640375,0.6135851162529511,0.6340124666412137,0.02420317869282516,-0.8439945284673754,0,1.0032501160390714,0.0,0.0
2021-07-09,217.42,349.48,0.6221242989584524,0.6156751655786392,0.6342204360624741,0.02404334114221566,-0.7713266793554269,0,1.0032501160390714,0.0,0.0
2021-07-12,218.58,354.28,0.6169696285423959,0.615517318237473,0.634362128193246,0.023913706419106194,-0.7880338424125108,0,1.0032501160390714,0.0,0.0
2021-07-13,215.19,350.77,0.6134789178093908,0.6160096392152905,0.6344337151549521,0.023843381514499027,-0.7727123742267,0,1.0032501160390714,0.0,0.0
2021-07-14,211.64,345.57,0.6124374222299389,0.6164725698361107,0.6344677373318529,0.023809933757706923,-0.755784021865138,0,1.0032501160390714,0.0,0.0
2021-07-15,211.41,346.1,0.6108350187806991,0.6151690572641755,0.6344021942778622,0.02387041857313381,-0.8057310329419023,0,1.0032501160390714,0.0,0.0
2021-07-16,207.95,342.49,0.6071710122923296,0.6121783999309509,0.6342066596762025,0.024046930474957318,-0.9160528728684103,0,1.0032501160390714,0.0,0.0
2021-07-19,203.08,334.95,0.6062994476787581,0.6100443637582232,0.6339553866709425,0.024261090772637224,-0.9855708111725647,0,1.0032501160390714,0.0,0.0
2021-07-20,207.96,348.03,0.5975346952848893,0.606855519253323,0.6337217060601598,0.024546347677592267,-1.094508525655822,-2,1.0032501160390714,0.0,0.0
2021-07-21,210.73,353.0,0.5969688385269122,0.6037618025127176,0.6335708669055431,0.02474645890825873,-1.2045789865667285,-2,1.0032501160390714,0.0,0.0
2021-07-22,209.16,351.33,0.5953377166766288,0.6006623420919036,0.6334528860039702,0.024913815825622746,-1.3161590396900575,-2,1.0032501160390714,0.0,0.0
2021-07-23,209.53,354.7,0.5907245559627855,0.5973730508259948,0.6331043335357704,0.025366370910119684,-1.4086083829800418,-2,1.0032501160390714,0.0,0.0
2021-07-26,211.03,355.46,0.5936814268834749,0.5948494466669382,0.6329265813932531,0.025607524593958455,-1.486951016549971,-2,1.0032501160390714,0.0,0.0
2021-07-27,209.9,353.52,0.5937429282643132,0.594091093262823,0.6325706227822612,0.026004875283827864,-1.4797044438574258,-2,1.0032501160390714,0.0,0.0
2021-07-28,211.44,353.56,0.5980314515216654,0.5943036158617736,0.6323635531777473,0.02623242509380506,-1.4508737632862527,-2,1.0032501160390714,0.0,0.0
2021-07-29,212.56,359.8,0.5907726514730406,0.5933906028210559,0.6319611559249125,0.02668585450619589,-1.4453557443664145,-2,1.0032501160390714,0.0,0.0
2021-07-30,206.75,361.59,0.5717801930363119,0.5896017302357612,0.6310260982929702,0.027791175679635134,-1.4905583173137928,-2,1.0032501160390714,0.0,0.0
2021-08-02,205.16,355.95,0.5763730861075994,0.5861400620805861,0.6304987813054692,0.028525706922868238,-1.555043643434547,-1,1.0031301160390715,0.001462273347631117,-0.0008428150021070375
2021-08-03,208.5,365.86,0.5698901219045537,0.5813695008086343,0.6298084765626528,0.02948305725512279,-1.6429427699734942,-1,0.9996618123492788,0.001462273347631117,-0.0008428150021070375
2021-08-04,204.52,360.67,0.5670557573405052,0.5751743619724021,0.6289285422849775,0.030553676253009126,-1.7593359263038382,-1,0.9982161742866424,0.001462273347631117,-0.0008428150021070375
2021-08-05,207.19,364.32,0.5687033377250769,0.5707604992228095,0.6279989632581965,0.03152441142761945,-1.8156870007488464,-1,0.9990441693671268,0.001462273347631117,-0.0008428150021070375
2021-08-06,208.35,366.88,0.5678968600087222,0.5699838326172915,0.6268776803403837,0.032447838177732925,-1.753394090893094,-1,0.9985828000449849,0.001462273347631117,-0.0008428150021070375
2021-08-09,208.89,369.32,0.5656070616267735,0.5678306277211262,0.6257224471221712,0.033377194325358045,-1.7344723117443728,-1,0.9973159590475645,0.001462273347631117,-0.0008428150021070375
2021-08-10,214.07,376.62,0.568397854601455,0.5675321742605066,0.624682289837751,0.034178873094348354,-1.6720889369139096,-1,0.9987379854729124,0.001462273347631117,-0.0008428150021070375
2021-08-11,221.66,386.08,0.5741297140489018,0.5689469656021859,0.6236140871620223,0.03474539494914243,-1.573363078469931,-1,1.0018636102615,0.001462273347631117,-0.0008428150021070375
2021-08-12,220.24,385.62,0.5711322026865827,0.5694327385944871,0.6223369749874619,0.03524750728524341,-1.5009355403445368,-1,1.000174877008833,0.001462273347631117,-0.0008428150021070375
2021-08-13,218.57,384.0,0.5691927083333334,0.5696919082594093,0.6208089748070791,0.035534667209107265,-1.4385126008600657,-2,0.9990982408217024,0.001462273347631117,-0.0008428150021070375
2021-08-16,217.71,383.03,0.5683888990418505,0.5702482757424245,0.6192565615006608,0.03575927139050052,-1.370505713694584,-2,0.9986582162947835,0.001462273347631117,-0.0008428150021070375
2021-08-17,213.44,376.33,0.567161799484495,0.5700010647190327,0.6177182922101603,0.03598505801590669,-1.326028916502924,-2,0.9980611696145157,0.001462273347631117,-0.0008428150021070375
2021-08-18,209.81,371.61,0.5645972928607949,0.5680945804814114,0.6160414075245366,0.036078578514140945,-1.3289555469690293,-2,0.99673120417256,0.001462273347631117,-0.0008428150021070375
2021-08-19,204.45,358.98,0.5695303359518635,0.5677742071344675,0.6145744921158514,0.03615169671540592,-1.2945529320464815,-2,0.9995381725058691,0.001462273347631117,-0.0008428150021070375
2021-08-20,204.94,351.43,0.5831602310559713,0.5705677116789951,0.6132192127256967,0.03577143886560856,-1.1923339513107383,-2,1.0066179397121164,0.001462273347631117,-0.0008428150021070375
2021-08-23,209.14,362.8,0.5764608599779493,0.5721821038662147,0.6117246786199114,0.03539449685924844,-1.1171955603986612,-2,1.0031766811982101,0.001462273347631117,-0.0008428150021070375
2021-08-24,212.59,367.98,0.5777216153051796,0.5742940670303518,0.6102262606048972,0.03488720600297929,-1.029953317886128,-2,1.003855742536623,0.001462273347631117,-0.0008428150021070375
2021-08-25,214.76,376.37,0.5706087095145734,0.5754963503611075,0.6086396174142783,0.03447897013938059,-0.9612603543316346,0,0.9998314082120083,0.0,0.0
2021-08-26,211.24,379.81,0.5561728232537322,0.572824847821481,0.6065339109946302,0.03374085817182379,-0.9990576707174212,0,0.9998314082120083,0.0,0.0
2021-08-27,212.83,379.49,0.5608316424675223,0.5683591301037914,0.604557932095464,0.03286197337145625,-1.101540725582682,-2,0.9998314082120083,0.0,0.0
2021-08-30,211.45,381.0,0.5549868766404199,0.5640643334362855,0.6024040570246663,0.031769199662360956,-1.2068205682186055,-2,0.9998314082120083,0.0,0.0
2021-08-31,210.87,378.03,0.5578128719942862,0.5600825847741068,0.6004582181390409,0.030836335207510255,-1.309352524975164,-2,0.9998314082120083,0.0,0.0
2021-09-01,207.96,376.71,0.5520426853547823,0.5563693799421486,0.5984337720467104,0.02993313816434958,-1.4052783865695904,-2,0.9998314082120083,0.0,0.0
2021-09-02,211.78,384.95,0.5501493700480582,0.5551646893010138,0.5964140936839993,0.02900506670448089,-1.422144786056053,-2,0.9998314082120083,0.0,0.0
2021-09-03,210.37,389.34,0.5403246519751375,0.5510632912025368,0.5944009751844285,0.028627774294983362,-1.5138335078143323,-1,0.9997114082120083,0.001426058848695156,-0.0007705347511172754
2021-09-07,208.23,371.74,0.5601495669015979,0.5520958292547724,0.5929679008300541,0.02814220736178822,-1.4523406444221658,-2,1.0102210538954646,0.001426058848695156,-0.0007705347511172754
2021-09-08,206.77,370.23,0.558490667963158,0.5522313884485468,0.5913975941963868,0.027370269430539367,-1.430976258645774,-2,1.0093025154505568,0.001426058848695156,-0.0007705347511172754
2021-09-09,205.42,364.84,0.5630413331871506,0.5544311180150203,0.5899633180823465,0.02653749845804081,-1.3389430855175415,-2,1.0115305183133405,0.001426058848695156,-0.0007705347511172754
2021-09-10,205.01,363.07,0.5646569532046162,0.5573326346463321,0.5886203650759753,0.0257192891835674,-1.2165083648436739,-2,1.012309680694853,0.001426058848695156,-0.0007705347511172754
2021-09-13,206.2,361.52,0.570369550785572,0.563341614408419,0.5874960554898742,0.02499602425997564,-0.9663313185422027,0,1.015086496177467,0.0,0.0
2021-09-14,202.33,355.98,0.568374627788078,0.564986626585715,0.5863874539610339,0.024324399230477738,-0.8798090827461962,0,1.015086496177467,0.0,0.0
2021-09-15,205.73,359.77,0.5718375628874003,0.5676560055705634,0.5854010325366817,0.023675026798989238,-0.7495251057910499,0,1.015086496177467,0.0,0.0
2021-09-16,203.6,355.33,0.5729884895730729,0.5696454368477479,0.5845674245411127,0.02320440773690178,-0.6430669492862948,0,1.015086496177467,0.0,0.0
2021-09-17,199.75,349.09,0.5722020109427368,0.571154448395372,0.5838577791687348,0.022914014437809167,-0.5543913227357384,0,1.015086496177467,0.0,0.0
2021-09-20,190.82,339.73,0.5616813351779354,0.5694168052738446,0.5827928422826515,0.022421721269128742,-0.5965660195421123,0,1.015086496177467,0.0,0.0
2021-09-21,189.84,336.95,0.5634070336845229,0.5684232864531337,0.5818821890125221,0.02207250470374123,-0.6097587355868667,0,1.015086496177467,0.0,0.0
2021-09-22,191.35,340.84,0.5614071118413332,0.5663371962439203,0.5809371650698623,0.021705981299156418,-0.6726242239280543,0,1.015086496177467,0.0,0.0
2021-09-23,196.62,351.5,0.5593741109530583,0.5636143205199173,0.5799857998741139,0.021371174208874796,-0.7660542745188988,0,1.015086496177467,0.0,0.0
2021-09-24,196.82,349.25,0.5635504652827488,0.5618840113879198,0.5790945995778307,0.020910482401097788,-0.8230603129943765,0,1.015086496177467,0.0,0.0
2021-09-27,200.0,352.42,0.5675046819136258,0.5630486807350578,0.5783584434042243,0.020517887225485077,-0.7461666252922178,0,1.015086496177467,0.0,0.0
2021-09-28,200.55,353.94,0.5666214612646212,0.5636915662510774,0.5775061533378308,0.019906483775729414,-0.693974246903242,0,1.015086496177467,0.0,0.0
2021-09-29,197.87,350.87,0.5639410607917462,0.5641983560411601,0.5767215491356883,0.01948658616277241,-0.6426571073004456,0,1.015086496177467,0.0,0.0
2021-09-30,191.97,335.07,0.5729250604351329,0.566908545937575,0.5761015873241765,0.01899134773880165,-0.4840647179462138,0,1.015086496177467,0.0,0.0
2021-10-01,194.33,342.2,0.5678842781998832,0.5677753085210019,0.5752771156001683,0.01822863293728635,-0.4115397520469871,0,1.015086496177467,0.0,0.0
2021-10-04,193.13,338.44,0.5706476775794823,0.5684039076541731,0.5744191719105187,0.017166833183907847,-0.35040034419302635,0,1.015086496177467,0.0,0.0
2021-10-05,192.5,338.29,0.5690383990067693,0.5688872952026027,0.5736203180849251,0.016243606744257715,-0.29137758361427524,0,1.015086496177467,0.0,0.0
2021-10-06,191.86,338.4,0.5669621749408984,0.5694915180324333,0.5728450390371168,0.015397000745619885,-0.21780352291257515,0,1.015086496177467,0.0,0.0
2021-10-07,195.75,344.09,0.5688918596878724,0.568684877882981,0.5721192796614157,0.014499244577324577,-0.2368676354219002,0,1.015086496177467,0.0,0.0
2021-10-08,195.16,343.17,0.5686977299880526,0.568847568240615,0.5714169915148716,0.013583803624506247,-0.1891534466547452,0,1.015086496177467,0.0,0.0
2021-10-11,192.89,332.59,0.5799633181995851,0.5707106963646356,0.5709635299466592,0.012801625683347506,-0.01975011520236434,0,1.015086496177467,0.0,0.0
2021-10-12,189.92,330.6,0.5744706594071385,0.5717971484447094,0.5704330501421322,0.0119432300756525,0.11421519086014055,0,1.015086496177467,0.0,0.0
2021-10-13,188.94,329.0,0.5742857142857143,0.5732618563136725,0.5700455671254793,0.011414486187108613,0.2817725770105812,0,1.015086496177467,0.0,0.0
2021-10-14,194.33,329.77,0.5892895048063803,0.5773413853373742,0.5699175782301371,0.0111474120467771,0.6659668698066523,0,1.015086496177467,0.0,0.0
2021-10-15,199.02,332.76,0.5980887125856473,0.583219581856893,0.569963428161954,0.011258839212497783,1.1773996807969473,-2,1.015086496177467,0.0,0.0
2021-10-18,198.18,331.84,0.5972155255544842,0.5866700233278729,0.5700716109884824,0.011490509228623578,1.4445323535394619,-2,1.015086496177467,0.0,0.0
2021-10-19,201.14,343.09,0.5862601649712903,0.5890279244407033,0.5699479232899459,0.011269882086448434,1.6930080549556303,1,1.0149664961774671,-0.001491498458784926,0.000874406132501676
2021-10-20,204.19,344.05,0.5934893184130213,0.5928686452661647,0.5699436964590912,0.011260850317826636,2.0358097443833243,2,1.0111357780653374,0.0,0.0
2021-10-21,202.14,342.93,0.5894497419298399,0.5929006926908567,0.5698006679658941,0.01094820985243866,2.109936239468146,2,1.0111357780653374,0.0,0.0
2021-10-22,200.65,340.71,0.5889172610137654,0.5910664023764802,0.5697697447915727,0.010890438429782677,1.9555372102069257,1,1.0110157780653375,-0.00149514079242462,0.000880514220304658
2021-10-25,202.21,352.72,0.57328759355863,0.5862808159773094,0.5697948681336114,0.01089689178918291,1.5129036942500678,1,1.019258334215014,-0.00149514079242462,0.000880514220304658
2021-10-26,199.64,341.15,0.58519712736333,0.5860682084557174,0.5699419354878736,0.011045707578373495,1.4599583461196766,-2,1.0129132965226204,-0.00149514079242462,0.000880514220304658
2021-10-27,196.13,338.23,0.5798716849481121,0.5833446817627355,0.5701082948719328,0.011119831430502844,1.1903406066474955,-2,1.0155901391807411,-0.00149514079242462,0.000880514220304658
2021-10-28,204.09,349.7,0.5836145267372034,0.5821776387242081,0.5703842743618779,0.011247537466538903,1.0485285688014079,-2,1.0137883165799357,-0.00149514079242462,0.000880514220304658
2021-10-29,204.01,342.31,0.595980251818527,0.5835902368851605,0.5708388895967687,0.011719783981556995,1.088018969330683,-2,1.0074009277552782,-0.00149514079242462,0.000880514220304658
2021-11-01,205.38,358.75,0.5724878048780487,0.5834302791490443,0.5709154053445908,0.011715236321332369,1.0682561974157576,-2,1.019828238651465,-0.00149514079242462,0.000880514220304658
2021-11-02,207.12,355.3,0.5829439909935266,0.5829796518750836,0.57120435416737,0.011795616706829304,0.9982774110399868,0,1.0140644155599148,0.0,0.0
2021-11-03,203.55,343.05,0.5933537385220814,0.5856760625898774,0.571620285566047,0.012130223276793091,1.1587401734575733,-2,1.0140644155599148,0.0,0.0
2021-11-04,203.59,350.85,0.5802764714265355,0.5850084515277438,0.571722731522341,0.01217763948338422,1.0909930470129736,-2,1.0140644155599148,0.0,0.0
2021-11-05,205.88,355.2,0.5796171171171172,0.5817358245874619,0.5718641467628499,0.01221985880473206,0.807838943342718,0,1.0140644155599148,0.0,0.0
2021-11-08,214.25,360.86,0.5937205564484842,0.5859823749015489,0.5722729442314358,0.012535178392172648,1.0936765509993611,-2,1.0140644155599148,0.0,0.0
2021-11-09,209.81,355.81,0.5896686433770832,0.5873273053782603,0.572627606637023,0.012723052985145823,1.1553593904229784,-2,1.0140644155599148,0.0,0.0
2021-11-10,206.67,352.61,0.5861149712146564,0.5858795519167753,0.5729434928325257,0.012819962894666997,1.0090558912328023,-2,1.0140644155599148,0.0,0.0
2021-11-11,208.53,356.01,0.5857419735400691,0.586972652339482,0.5732959041771802,0.012877141683132368,1.06209502845005,-2,1.0140644155599148,0.0,0.0
2021-11-12,209.27,358.86,0.5831522042021958,0.5876796697564977,0.5735229353146857,0.012929601076337357,1.094908834250147,-2,1.0140644155599148,0.0,0.0
2021-11-15,207.71,361.15,0.575134985463104,0.5839625555594218,0.5733891812214712,0.012869585932673205,0.8215784403060692,0,1.0140644155599148,0.0,0.0
2021-11-16,205.43,362.01,0.5674705118643132,0.5795229292568678,0.573239342086244,0.012885543478352844,0.48764626662273663,0,1.0140644155599148,0.0,0.0
2021-11-17,202.98,353.52,0.5741683638832314,0.5771336077905828,0.5731801212292116,0.012872753050542224,0.30712051616687,0,1.0140644155599148,0.0,0.0
2021-11-18,201.42,357.11,0.564027890565932,0.5727907911957553,0.5730704409134009,0.012922971188849039,-0.02163973853682398,0,1.0140644155599148,0.0,0.0
2021-11-19,200.44,346.15,0.5790553228369204,0.5719714149227002,0.573451815906454,0.012752367937286523,-0.11608832108939263,0,1.0140644155599148,0.0,0.0
2021-11-22,202.38,349.16,0.5796196586092336,0.5728683495519261,0.5737649495088158,0.01266761568355582,-0.07077890419849357,0,1.0140644155599148,0.0,0.0
2021-11-23,205.33,349.28,0.5878664681630784,0.5769475408116792,0.5743129427008602,0.012552168935857465,0.2098918620584223,0,1.0140644155599148,0.0,0.0
2021-11-24,207.07,367.86,0.5629043657913336,0.5746947411932996,0.5743978009308109,0.012455569167088367,0.023839959339089997,0,1.0140644155599148,0.0,0.0
2021-11-26,198.73,359.3,0.5531032563317562,0.5725098143464644,0.5744154771137605,0.01242401903074883,-0.1533853709157777,0,1.0140644155599148,0.0,0.0
2021-11-29,195.92,348.09,0.5628429429170617,0.5692673383624927,0.5746270366615772,0.012107857676103147,-0.44266280976054145,0,1.0140644155599148,0.0,0.0
2021-11-30,193.35,345.54,0.5595589512068067,0.5652551968820073,0.5749476083154385,0.01141931196965766,-0.8487736791134979,0,1.0140644155599148,0.0,0.0
2021-12-01,191.47,341.55,0.5605914214609866,0.5598001875415889,0.5749549725580948,0.011409745524540566,-1.3282316405664223,-2,1.0140644155599148,0.0,0.0
2021-12-02,196.79,350.62,0.5612629057098854,0.5594718955252993,0.5750011765205404,0.011347385694260286,-1.3685338115453398,-2,1.0140644155599148,0.0,0.0
2021-12-03,197.8,349.24,0.566372694994846,0.5621257832579173,0.5750566992173352,0.01129590779228188,-1.1447434059485802,-2,1.0140644155599148,0.0,0.0
2021-12-06,201.28,354.51,0.5677695974725678,0.5631111141690185,0.5751085766218011,0.011254407872485998,-1.066023427328703,-2,1.0140644155599148,0.0,0.0
2021-12-07,204.49,361.34,0.5659212929650745,0.5643835825206721,0.5750344389914595,0.011300711038732543,-0.9424943646715801,0,1.0140644155599148,0.0,0.0
2021-12-08,204.19,361.06,0.5655292749127568,0.5653711532110262,0.5749870164435376,0.011335050076441125,-0.8483300177470854,0,1.0140644155599148,0.0,0.0
2021-12-09,204.13,361.92,0.5640196728558797,0.565922506640225,0.5748567182763454,0.011416508389627229,-0.782569532751171,0,1.0140644155599148,0.0,0.0
2021-12-10,203.46,358.36,0.5677530974439111,0.566198587130038,0.5747694617408594,0.011450984335662336,-0.7484836551674185,0,1.0140644155599148,0.0,0.0
2021-12-13,201.25,351.42,0.5726765693472198,0.5671799815049685,0.5747773710476007,0.011449344688983447,-0.6635654484175353,0,1.0140644155599148,0.0,0.0
2021-12-14,201.64,348.55,0.578510974035289,0.5696979177190112,0.5750578650285567,0.011328586279169764,-0.4731347034361193,0,1.0140644155599148,0.0,0.0
2021-12-15,202.55,343.94,0.5889108565447462,0.5743742340454092,0.5754829287428938,0.011362440289978855,-0.09757540362719028,0,1.0140644155599148,0.0,0.0
2021-12-16,206.17,348.29,0.5919492377042119,0.5799601470150756,0.5759919641739418,0.011405218547171803,0.3479269445580038,0,1.0140644155599148,0.0,0.0
2021-12-17,201.37,347.03,0.5802668357202548,0.5824628946703443,0.576340176253395,0.011206466034790877,0.5463558625833635,0,1.0140644155599148,0.0,0.0
2021-12-20,195.46,338.66,0.5771570306502096,0.5833589869309423,0.5765669523428528,0.01108022584290294,0.612987017086834,0,1.0140644155599148,0.0,0.0
2021-12-21,198.31,349.81,0.5669077499213859,0.5810383421081617,0.5765570034763154,0.011088765414265492,0.4041332343527747,0,1.0140644155599148,0.0,0.0
2021-12-22,202.15,347.0,0.5825648414985591,0.5797691390989244,0.5768227264802144,0.011037551452644814,0.2669444062255278,0,1.0140644155599148,0.0,0.0
2021-12-23,206.2,349.22,0.5904587366130233,0.5794710388806865,0.5772646877439023,0.011043909785782527,0.19977989494486917,0,1.0140644155599148,0.0,0.0
2021-12-27,206.38,350.75,0.5883962936564504,0.5810969304679257,0.5775225416309243,0.01112121169582947,0.3214028232500746,0,1.0140644155599148,0.0,0.0
2021-12-28,206.62,349.77,0.5907310518340624,0.5838117347046963,0.5779033211914939,0.01117660136087829,0.528641339386383,0,1.0140644155599148,0.0,0.0
2021-12-29,207.33,345.71,0.5997223106071563,0.5903746468418503,0.5783878984086218,0.011482782757096653,1.0438888104732564,-2,1.0140644155599148,0.0,0.0
2021-12-30,206.08,342.03,0.60252024676198,0.5943657278945345,0.5789459292045419,0.011829062807114397,1.3035520177235478,-2,1.0140644155599148,0.0,0.0
2021-12-31,206.74,342.89,0.6029338855026394,0.5968607576724577,0.5795454577139043,0.012119407675491183,1.4287249362499594,-2,1.0140644155599148,0.0,0.0
2022-01-03,207.0,350.11,0.5912427522778555,0.5974300493967387,0.579917972590404,0.012129893044579452,1.4437123841055153,-2,1.0140644155599148,0.0,0.0
2022-01-04,218.08,371.29,0.5873575911012955,0.5967553572501854,0.5802289702756247,0.012076433779509989,1.3684823911013264,-2,1.0140644155599148,0.0,0.0
2022-01-05,219.75,372.05,0.5906464184921382,0.5949401788271818,0.5804070219471673,0.012150975011081989,1.1960486188770731,-2,1.0140644155599148,0.0,0.0
2022-01-06,221.99,376.36,0.5898342012966309,0.5924029697341119,0.5806630809786589,0.012185586627623856,0.9634241759719194,0,1.0140644155599148,0.0,0.0
2022-01-07,224.19,378.65,0.5920771160702496,0.590231615847634,0.5809596043417344,0.012244096876499376,0.7572638145076821,0,1.0140644155599148,0.0,0.0
2022-01-10,221.64,379.86,0.5834781235191913,0.588678690095901,0.5808627479869479,0.012199992649923849,0.6406513785073367,0,1.0140644155599148,0.0,0.0
2022-01-11,219.95,380.55,0.577979240572855,0.586803019990213,0.580527590120068,0.01199321158959938,0.5232484913037859,0,1.0140644155599148,0.0,0.0
2022-01-12,222.4,376.25,0.5910963455149502,0.5868930053947754,0.5804256037860758,0.011874326142190552,0.5446542002682888,0,1.0140644155599148,0.0,0.0
2022-01-13,227.0,380.39,0.5967559609874077,0.5882773573329307,0.5806005337196779,0.012037920375984744,0.6377200856526554,0,1.0140644155599148,0.0,0.0
2022-01-14,228.94,379.56,0.6031720940035831,0.5904963529195975,0.5807619133128538,0.012276180637845226,0.792953435104579,0,1.0140644155599148,0.0,0.0
2022-01-18,229.87,383.91,0.5987601260712145,0.593552753430002,0.5809170863818767,0.012445531924174707,1.0152773802766375,-2,1.0140644155599148,0.0,0.0
2022-01-19,221.66,375.9,0.5896781058792232,0.5958925264912758,0.5809297671296344,0.012454206047453903,1.2014221785498975,-2,1.0140644155599148,0.0,0.0
2022-01-20,216.63,366.98,0.5903046487547005,0.5957341871392258,0.5812133847162355,0.012470974368673575,1.1643679149454222,-2,1.0140644155599148,0.0,0.0
2022-01-21,214.09,364.28,0.5877072581530691,0.593924446572358,0.5812552202293978,0.012488762456954763,1.014450101571508,-2,1.0140644155599148,0.0,0.0
2022-01-24,214.33,364.03,0.5887701563057991,0.5910440590328012,0.5814035280853592,0.012524838004850953,0.7697130249276001,0,1.0140644155599148,0.0,0.0
2022-01-25,214.31,368.22,0.5820161859757753,0.5876952710137134,0.5813768890726688,0.012521755110809654,0.5045923582701395,0,1.0140644155599148,0.0,0.0
2022-01-26,214.29,372.24,0.5756769825918762,0.584895046356244,0.5810385012522247,0.012394112232332324,0.31115944665716594,0,1.0140644155599148,0.0,0.0
2022-01-27,212.17,375.96,0.5643419512714118,0.5797025068595862,0.5809027370254474,0.012533197625785973,-0.0957640820561033,0,1.0140644155599148,0.0,0.0
2022-01-28,201.16,373.79,0.5381631397308649,0.5697936831751454,0.5801563895044031,0.013689576575829292,-0.7569778562438747,0,1.0140644155599148,0.0,0.0
2022-01-31,201.56,376.4,0.5354941551540914,0.5591384829448038,0.5791920631149365,0.014741625336214866,-1.3603371210953432,-2,1.0140644155599148,0.0,0.0
2022-02-01,205.35,377.88,0.5434264845982851,0.5514205426693058,0.578577896667799,0.015446454354494646,-1.7581610235743752,-1,1.0139444155599149,0.0014609203798392988,-0.0007939028262940616
2022-02-02,204.94,374.48,0.5472655415509506,0.5457382544611208,0.5780387037416962,0.0159654945930976,-2.0231411618491255,2,1.0159253674629736,0.0,0.0
2022-02-03,200.59,370.89,0.5408342096039257,0.5410367061276234,0.5771572646276203,0.01653479219529418,-2.1845184428913957,2,1.0159253674629736,0.0,0.0
2022-02-04,198.41,369.49,0.5369834095645348,0.5408007600943575,0.5762791773974112,0.017242882896782944,-2.057568767092479,2,1.0159253674629736,0.0,0.0
2022-02-07,199.82,372.2,0.5368619022031166,0.5410743095041626,0.5754582929138855,0.017925576504710636,-1.9181521665809305,-1,1.0158053674629737,0.0015013512160944851,-0.0008060182697474476
2022-02-08,201.5,389.88,0.5168256899558838,0.5357541505756823,0.5743096881874824,0.019402569182450192,-1.9871356854469528,-1,1.0040772344968776,0.0015013512160944851,-0.0008060182697474476
2022-02-09,203.6,395.4,0.514921598381386,0.5292853619417694,0.5731725114238022,0.020823017993761118,-2.1076267376411044,2,1.002655976255379,0.0,0.0
2022-02-10,203.07,393.15,0.516520412056467,0.5244226024322776,0.5721956018670249,0.02206716809075234,-2.1648903583041768,2,1.002655976255379,0.0,0.0
2022-02-11,201.24,392.67,0.512491404996562,0.5195242015186831,0.571279283419229,0.023369733005347545,-2.2146201622715638,2,1.002655976255379,0.0,0.0
2022-02-14,199.89,387.26,0.5161648504880442,0.5153847911756686,0.5703125581959759,0.024424113291919555,-2.2489155026348313,2,1.002655976255379,0.0,0.0
2022-02-15,203.41,393.4,0.5170564311133706,0.5154309394071659,0.5695297005384333,0.025363675933125125,-2.1329227385614917,2,1.002655976255379,0.0,0.0
2022-02-16,203.64,390.56,0.5214051618189266,0.5167276520946741,0.5685688645214667,0.026078593321900944,-1.98788377068084,-1,1.0025359762553792,0.0014731879787860931,-0.0007681278164686603
2022-02-17,194.74,380.53,0.5117599138044308,0.5157755524442669,0.5674378687747199,0.027044807922442755,-1.9102489645556622,-1,0.9971289252433636,0.0014731879787860931,-0.0007681278164686603
2022-02-18,191.95,369.1,0.520048767271742,0.5172870248993029,0.5663075737598644,0.02758826259793993,-1.7768624858682465,-1,1.0017984317247872,0.0014731879787860931,-0.0007681278164686603
2022-02-22,191.21,353.78,0.5404771326813275,0.5221494813379595,0.5659337865413643,0.027786372896528914,-1.5757474128217135,-1,1.0124759907687855,0.0014731879787860931,-0.0007681278164686603
2022-02-23,186.67,337.52,0.5530635221616497,0.5293508995476153,0.5659331243051958,0.02778668434285036,-1.3165379613560595,-2,1.018277475640877,0.0014731879787860931,-0.0007681278164686603
2022-02-24,184.69,342.76,0.538831835686778,0.5328362343211855,0.5655329391846912,0.02800399835716864,-1.1675727318108384,-2,1.0113355736845848,0.0014731879787860931,-0.0007681278164686603
2022-02-25,187.06,346.98,0.5391088823563318,0.5383060280315657,0.5651921047038498,0.028201689958263308,-0.953349842228385,0,1.0114771099021962,0.0,0.0
2022-02-28,187.58,360.02,0.5210266096327982,0.5385015965037769,0.56453269117338,0.028767954974046862,-0.9048642732195298,0,1.0114771099021962,0.0,0.0
2022-03-01,182.83,358.65,0.5097727589572006,0.5323607217589517,0.5636745220608353,0.02962245203109536,-1.0570968355021009,-2,1.0114771099021962,0.0,0.0
2022-03-02,192.61,375.98,0.5122878876535986,0.5242055948573414,0.562773108605148,0.03035285245612482,-1.270638856876995,-2,1.0114771099021962,0.0,0.0
2022-03-03,194.85,381.93,0.5101720210509779,0.5184736319301815,0.5618131489981214,0.031093915052770482,-1.3938263159974238,-2,1.0114771099021962,0.0,0.0
2022-03-04,195.66,390.07,0.5016022765144718,0.5109723107618095,0.5607411653906113,0.032044086429857996,-1.5531369489263456,-1,1.0113571099021963,0.0015332720024532351,-0.0007690927269464455
2022-03-07,196.7,369.0,0.5330623306233062,0.5133794549599109,0.5602000496524538,0.032235418082716266,-1.4524581183467529,-2,1.0291564965415092,0.0015332720024532351,-0.0007690927269464455
2022-03-08,210.0,364.93,0.575452826569479,0.5265154684823667,0.5603906022143471,0.03229212204516679,-1.0490216060932578,-2,1.0526792215728094,0.0015332720024532351,-0.0007690927269464455
2022-03-09,209.78,368.86,0.5687252616168736,0.5378029432750218,0.5604068049505632,0.0322961224739389,-0.6998939793401332,0,1.049198299846583,0.0,0.0
2022-03-10,211.79,378.15,0.5600687557847415,0.5477822902217744,0.5601966747245218,0.032255928363379115,-0.38487140605265563,0,1.049198299846583,0.0,0.0
2022-03-11,214.83,389.48,0.5515815959741194,0.5577781541137039,0.5597478517568357,0.03218404949178102,-0.061201050651964364,0,1.049198299846583,0.0,0.0
2022-03-14,215.44,393.86,0.5469963946580003,0.5605649669206428,0.5590492773920566,0.0319946520692664,0.0473732149143207,0,1.049198299846583,0.0,0.0
2022-03-15,216.46,388.47,0.5572116250933148,0.5569167266254099,0.558470317181875,0.031702180265851095,-0.04900579529347337,0,1.049198299846583,0.0,0.0
2022-03-16,216.08,388.2,0.5566202988150438,0.5544957340650439,0.5580762082334548,0.03157334233303784,-0.113401810003002,0,1.049198299846583,0.0,0.0
2022-03-17,221.7,406.15,0.5458574418318355,0.5516534712744627,0.5575545484198152,0.031511249954843376,-0.1872689009102754,0,1.049198299846583,0.0,0.0
2022-03-18,220.91,413.15,0.5346968413409173,0.5482765203478224,0.557017699943474,0.031623385888108,-0.2764150438090442,0,1.049198299846583,0.0,0.0
2022-03-21,223.71,422.29,0.5297544341566223,0.5448281282475467,0.5561375264877751,0.03163521435975333,-0.3574939657945361,0,1.049198299846583,0.0,0.0
2022-03-22,222.71,427.55,0.5208981405683546,0.5375654313425546,0.554978183220364,0.03163072008013407,-0.5505012795692107,0,1.049198299846583,0.0,0.0
2022-03-23,222.17,431.52,0.5148544679273267,0.5292122651650113,0.5537524861248786,0.03173850976820638,-0.7732001640622123,0,1.049198299846583,0.0,0.0
2022-03-24,222.21,432.22,0.5141131831011985,0.5228634134188839,0.5524755216459974,0.031766806271711016,-0.9321713984664476,0,1.049198299846583,0.0,0.0
2022-03-25,223.36,436.45,0.5117653797685875,0.5182771211044179,0.551009572798688,0.03157846967791038,-1.0365433166372509,-2,1.049198299846583,0.0,0.0
2022-03-28,221.85,432.61,0.5128175492938212,0.5148897441318577,0.5495145278408855,0.031219821128494498,-1.1090641284112146,-2,1.049198299846583,0.0,0.0
2022-03-29,221.04,412.92,0.5353095030514385,0.5177720166284745,0.548387454800032,0.030470295060768034,-1.0047634297764443,-2,1.049198299846583,0.0,0.0
2022-03-30,223.08,415.55,0.5368307062928649,0.5221672643015821,0.5474805873669489,0.029978956287731038,-0.8443697246300186,0,1.049198299846583,0.0,0.0
2022-03-31,222.82,415.46,0.5363211861551052,0.5266088649123634,0.5466299806178457,0.02954929127719328,-0.6775497766653734,0,1.049198299846583,0.0,0.0
2022-04-01,219.77,416.8,0.5272792706333973,0.5297116430853255,0.5455738614868667,0.029078081966655275,-0.5455042880658676,0,1.049198299846583,0.0,0.0
2022-04-04,220.81,417.45,0.5289495747993772,0.5329380481864365,0.5445591177119125,0.028565168766475198,-0.40682656631508174,0,1.049198299846583,0.0,0.0
2022-04-05,216.02,413.71,0.5221531991008195,0.5303067873963128,0.5433937190957553,0.028014747604572742,-0.46714437281977855,0,1.049198299846583,0.0,0.0
2022-04-06,216.21,411.25,0.5257386018237082,0.5280883665024815,0.5424313937341639,0.02760315580071106,-0.5196154865492946,0,1.049198299846583,0.0,0.0
2022-04-07,215.9,409.46,0.5272798319738192,0.5262800956662244,0.5415864035908466,0.027270521213379566,-0.5612766915915288,0,1.049198299846583,0.0,0.0
2022-04-08,217.03,418.3,0.5188381544346163,0.5245918724264681,0.5403821004061745,0.026635145008696418,-0.5928343162596217,0,1.049198299846583,0.0,0.0
2022-04-11,216.05,418.51,0.5162361711787055,0.5220491917023338,0.5390401039093627,0.025760757994296255,-0.6595656933228039,0,1.049198299846583,0.0,0.0
2022-04-12,216.7,419.73,0.5162842779882305,0.520875407479816,0.5375919736424402,0.024506129664792695,-0.6821381585457138,0,1.049198299846583,0.0,0.0
2022-04-13,218.27,427.29,0.5108240305179153,0.5178924932186574,0.5361263720498852,0.023390050653053614,-0.7795570476392867,0,1.049198299846583,0.0,0.0
2022-04-14,227.81,436.75,0.5216027475672581,0.5167570763373451,0.5349917827446858,0.02237753246802307,-0.8148667165782305,0,1.049198299846583,0.0,0.0
2022-04-18,229.92,438.45,0.5243927471775572,0.5178679948859333,0.5338932510517334,0.021203175209121822,-0.7557951112390873,0,1.049198299846583,0.0,0.0
2022-04-19,232.16,437.82,0.5302635786396236,0.5206734763781169,0.532935856393176,0.019994547810890412,-0.6132861883668178,0,1.049198299846583,0.0,0.0
2022-04-20,235.08,437.39,0.5374608472987494,0.5249087902402207,0.5320807012430585,0.01861576863192,-0.38525999890975554,0,1.049198299846583,0.0,0.0
2022-04-21,232.57,424.36,0.548048826468093,0.5323537494302564,0.531514578584597,0.01755787638191747,0.04779455256465793,0,1.049198299846583,0.0,0.0
2022-04-22,216.3,403.57,0.5359664989964567,0.535226499716096,0.5308527371913401,0.016586538336539787,0.26369351072614466,0,1.049198299846583,0.0,0.0
2022-04-25,216.7,385.51,0.5621125262639102,0.5427704555333666,0.5308155801078818,0.01651257666534782,0.7239860663643419,0,1.049198299846583,0.0,0.0
2022-04-26,210.3,381.77,0.5508552269691176,0.5468887851992654,0.531027114895186,0.016688655486839017,0.9504462667222224,0,1.049198299846583,0.0,0.0
2022-04-27,213.96,385.53,0.5549762664384095,0.5503918690271974,0.5313518167499246,0.01696429132471742,1.1223606051571946,-2,1.049198299846583,0.0,0.0
2022-04-28,212.44,384.82,0.5520503092354867,0.5511921655806762,0.5314955471605446,0.017104283391819908,1.1515605751452567,-2,1.049198299846583,0.0,0.0
2022-04-29,210.54,377.55,0.557647993643226,0.55552846451003,0.5316685880287493,0.017317716634210292,1.3777726582121534,-2,1.049198299846583,0.0,0.0
2022-05-02,212.07,381.23,0.5562783621435878,0.5543616316859655,0.5319259905710769,0.017569210479228083,1.2769863017700231,-2,1.049198299846583,0.0,0.0
2022-05-03,213.62,389.44,0.5485312243221035,0.5538968311565627,0.5321184541503697,0.017688398008457815,1.2312238222918515,-2,1.049198299846583,0.0,0.0
2022-05-04,222.59,396.35,0.561599596316387,0.5552214971321583,0.5325307490522576,0.018084699142330376,1.2546931470255454,-2,1.049198299846583,0.0,0.0
2022-05-05,215.93,383.04,0.5637270258980785,0.5575568404646766,0.5333124379846275,0.01840514887136474,1.3172619601990423,-2,1.049198299846583,0.0,0.0
2022-05-06,214.65,377.46,0.5686695278969958,0.5597611473154305,0.5342082368098876,0.018798654066176958,1.3592946822463396,-2,1.049198299846583,0.0,0.0
2022-05-09,206.29,364.53,0.565906784078128,0.5616868317023387,0.5350313430102486,0.019090002180870362,1.3963062151350063,-2,1.049198299846583,0.0,0.0
2022-05-10,202.99,364.75,0.5565181631254285,0.5632842194630036,0.5357651223123964,0.019055045829287288,1.4441895022005558,-2,1.049198299846583,0.0,0.0
2022-05-11,205.21,364.03,0.5637172760486774,0.5637077554094616,0.536557662738407,0.01921424989609897,1.413018609514746,-2,1.049198299846583,0.0,0.0
2022-05-12,203.03,362.98,0.5593421125130861,0.5628307727324632,0.5372624240950689,0.01926227908949119,1.327379201526755,-2,1.049198299846583,0.0,0.0
2022-05-13,204.33,366.69,0.5572281763887753,0.560542502430819,0.5378594743378997,0.019317542175213035,1.174219157239613,-2,1.049198299846583,0.0,0.0
2022-05-16,207.19,374.45,0.5533182000267058,0.5580247856205346,0.5385521124416043,0.019109798264594413,1.018988945320695,-2,1.049198299846583,0.0,0.0
2022-05-17,213.09,384.26,0.554546400874408,0.5576304331703306,0.5391270730016486,0.019062558783174265,0.9706650811754652,0,1.049198299846583,0.0,0.0
2022-05-18,207.94,368.67,0.5640274500230558,0.5576924679652062,0.5395195782906775,0.01933138757324386,0.9400716635406643,0,1.049198299846583,0.0,0.0
2022-05-19,206.76,364.62,0.5670561132137567,0.5592352681053404,0.539752788141546,0.019580346993527026,0.9950017724525002,0,1.049198299846583,0.0,0.0
2022-05-20,197.82,313.31,0.6313874437458108,0.5740671215767474,0.5412953816091964,0.022875231069586083,1.432629898594681,-2,1.049198299846583,0.0,0.0
2022-05-23,204.15,335.36,0.6087488072519084,0.585153243021788,0.5424560470241229,0.024473316770900016,1.7446428041349165,1,1.049078299846583,-0.0014695077149155032,0.00089456106870229
2022-05-24,205.65,337.03,0.6101830697564016,0.5962805767981866,0.543941988026183,0.025819746212413768,2.027076034807807,2,1.0482472156232312,0.0,0.0
2022-05-25,209.31,342.97,0.6102866139895617,0.6055324095914878,0.5456172189433889,0.02680709102856996,2.2350500688136443,2,1.0482472156232312,0.0,0.0
2022-05-26,212.99,347.51,0.6129032258064516,0.6147018321100268,0.5472941412459364,0.027814892342739386,2.4234388554693087,2,1.0482472156232312,0.0,0.0
2022-05-27,217.14,360.73,0.6019460538352784,0.6088135541279204,0.5488237084590081,0.02825874129545346,2.122877485649513,2,1.0482472156232312,0.0,0.0
2022-05-31,215.85,357.78,0.6033037061881603,0.6077245339151707,0.550518732286903,0.028427919937871148,2.012310494517019,2,1.0482472156232312,0.0,0.0
2022-06-01,217.57,352.15,0.617833309669175,0.6092545818977253,0.5519315819376673,0.02962689141744968,1.9348300553157527,1,1.0481272156232313,-0.0013788665716780806,0.0008519096975720574
2022-06-02,220.0,361.08,0.6092832613271297,0.609053911365239,0.5524954225169617,0.03039410631329545,1.8608373697612761,1,1.0523841234533722,-0.0013788665716780806,0.0008519096975720574
2022-06-03,222.9,361.0,0.6174515235457064,0.60996357091309,0.5533075268824421,0.03146712483838396,1.80048365783766,1,1.0483172576197,-0.0013788665716780806,0.0008519096975720574
2022-06-06,223.63,362.91,0.6162133862390123,0.6128170373938367,0.5542432707233467,0.03248976702605796,1.8028373864149847,1,1.0489378325447376,-0.0013788665716780806,0.0008519096975720574
2022-06-07,227.1,367.84,0.6173879947803393,0.6156338951122725,0.5553400440367837,0.033493614287599505,1.8001595933411003,1,1.0483530803500447,-0.0013788665716780806,0.0008519096975720574
2022-06-08,229.8,355.02,0.6472874767618726,0.6215247285308122,0.5570115620718481,0.03551189469670185,1.8166635998995493,1,1.0337086582836401,-0.0013788665716780806,0.0008519096975720574
2022-06-09,223.67,345.33,0.6476993021168158,0.6292079366887492,0.55851969002224,0.03739218272476141,1.8904552105672843,1,1.0339061053985537,-0.0013788665716780806,0.0008519096975720574
2022-06-10,215.18,335.23,0.6418876592190437,0.6340951638234167,0.5599408126956399,0.03890836249015766,1.905871807032101,1,1.0370083946466229,-0.0013788665716780806,0.0008519096975720574
2022-06-13,206.88,324.9,0.6367497691597415,0.6382024404075626,0.5614556848177715,0.040101854184634814,1.9137956872626822,1,1.0396527600156316,-0.0013788665716780806,0.0008519096975720574
2022-06-14,206.69,326.58,0.6328924000244963,0.6413033214563939,0.563092277462498,0.04098528596656772,1.908271277104026,1,1.0413459529561715,-0.0013788665716780806,0.0008519096975720574
2022-06-15,206.0,330.58,0.6231471958376188,0.6364752652715431,0.5646488234905146,0.04146831291243912,1.7320801531687808,1,1.0457050096809175,-0.0013788665716780806,0.0008519096975720574
2022-06-16,194.79,317.57,0.6133765783921655,0.6296107205266133,0.5661901307875781,0.04153319516230056,1.526985571208875,1,1.0500787587840164,-0.0013788665716780806,0.0008519096975720574
2022-06-17,192.64,322.72,0.5969261279127416,0.6206184142653528,0.567557991787335,0.04116367913958433,1.2890106906647507,-2,1.0574306568556204,-0.0013788665716780806,0.0008519096975720574
2022-06-21,196.37,329.27,0.5963798706228931,0.612544434557983,0.5689291032460299,0.040721047042971165,1.0710758803900053,-2,1.0578674930623582,-0.0013788665716780806,0.0008519096975720574
2022-06-22,187.83,317.93,0.5907904255653761,0.604124039666159,0.570246187342643,0.040114277471161794,0.8445335291872293,0,1.0598763895823604,0.0,0.0
2022-06-23,178.67,297.51,0.6005512419750596,0.5996048488936472,0.571708415553997,0.0395809022071903,0.7047952872226977,0,1.0598763895823604,0.0,0.0
2022-06-24,185.49,310.87,0.5966802843632387,0.5962655900878617,0.5727312619091937,0.03941697171099368,0.597060787703896,0,1.0598763895823604,0.0,0.0
2022-06-27,187.59,315.33,0.5949005803444012,0.5958604805741937,0.5736990931433859,0.0392330258711772,0.564865618664628,0,1.0598763895823604,0.0,0.0
2022-06-28,187.44,309.16,0.6062880062103765,0.5978421076916904,0.5748652068109739,0.03914292127714517,0.5870001556100608,0,1.0598763895823604,0.0,0.0
2022-06-29,183.48,300.65,0.6102777315815733,0.6017395688949299,0.5762485144934434,0.038898551683309614,0.6553214271066045,0,1.0598763895823604,0.0,0.0
2022-06-30,178.76,299.47,0.59692122750192,0.601013566000302,0.5773813753718191,0.03848528466328928,0.614057836267621,0,1.0598763895823604,0.0,0.0
2022-07-01,178.29,301.63,0.591088419586911,0.5998951930450364,0.578530295713254,0.037832019783060326,0.5647305497907549,0,1.0598763895823604,0.0,0.0
2022-07-05,173.76,292.13,0.5948036832916852,0.5998758136344933,0.5796813804043869,0.03724467928617386,0.54220988385858,0,1.0598763895823604,0.0,0.0
2022-07-06,172.31,289.14,0.5959396831984506,0.597806149032108,0.5808257112581308,0.036657517673806206,0.4632184297113695,0,1.0598763895823604,0.0,0.0
2022-07-07,180.28,303.97,0.5930848438990689,0.5943675714956071,0.5820631560825383,0.035772017154988796,0.3439676146793089,0,1.0598763895823604,0.0,0.0
2022-07-08,179.1,304.64,0.5879070378151261,0.5925647335582483,0.5832576705264787,0.03471773409862821,0.26807806653883537,0,1.0598763895823604,0.0,0.0
2022-07-11,175.02,298.41,0.5865084950236252,0.5916487486455912,0.5844280741437353,0.03358694370770088,0.21498456557094708,0,1.0598763895823604,0.0,0.0
2022-07-12,174.49,295.96,0.5895729152588188,0.5906025950390179,0.5857405555560837,0.032170742096253035,0.15113233845794513,0,1.0598763895823604,0.0,0.0
2022-07-13,173.87,296.78,0.5858548419704832,0.5885856267934245,0.5868114237961374,0.031049438788266916,0.057141225945687206,0,1.0598763895823604,0.0,0.0
2022-07-14,169.94,294.33,0.5773791322665036,0.5854444844669114,0.5876945302142865,0.02997911013108516,-0.07505378703826254,0,1.0598763895823604,0.0,0.0
2022-07-15,173.38,297.7,0.5823983876385623,0.5843427544315987,0.5885634436976022,0.029026729324028364,-0.1454069874317395,0,1.0598763895823604,0.0,0.0
2022-07-18,173.49,297.95,0.5822789058566874,0.5834968365982112,0.5893104113402344,0.028255808557604442,-0.2057479519714068,0,1.0598763895823604,0.0,0.0
2022-07-19,179.49,311.59,0.5760454443339004,0.5807913424132274,0.5897770216379978,0.027790203666807258,-0.32333981184538724,0,1.0598763895823604,0.0,0.0
2022-07-20,179.97,315.36,0.5706811263318112,0.5777565992854929,0.5903555987602539,0.027001075167582243,-0.46661102924847364,0,1.0598763895823604,0.0,0.0
2022-07-21,180.99,316.54,0.5717760788525936,0.576635988602711,0.5905166579700651,0.026858195278650614,-0.516813182097449,0,1.0598763895823604,0.0,0.0
2022-07-22,178.62,312.26,0.5720233139050791,0.5745609738560143,0.5908694594189979,0.02646452793735084,-0.6162394281730802,0,1.0598763895823604,0.0,0.0
2022-07-25,181.81,322.96,0.5629489720089176,0.5706949870864604,0.5910023378451731,0.02630076238250831,-0.7721202322339672,0,1.0598763895823604,0.0,0.0
2022-07-26,181.23,319.45,0.5673188292377523,0.5689496640672307,0.5912568131785442,0.025989515029810163,-0.8583134039141178,0,1.0598763895823604,0.0,0.0
2022-07-27,185.25,325.71,0.5687574836511007,0.5685649355310887,0.591441971345342,0.025784783537813494,-0.8872300898203821,0,1.0598763895823604,0.0,0.0
2022-07-28,187.84,331.63,0.5664143774688659,0.567492595254343,0.5916109049340966,0.02558291186602042,-0.942750762933592,0,1.0598763895823604,0.0,0.0
2022-07-29,198.25,343.18,0.577685179789032,0.5686249684311336,0.5920968041918788,0.025021529186489797,-0.9380655988611056,0,1.0598763895823604,0.0,0.0
2022-08-01,194.86,338.19,0.5761849847718739,0.5712721709837251,0.5923398939994703,0.024789999075888934,-0.8498476724928947,0,1.0598763895823604,0.0,0.0
2022-08-02,183.51,333.21,0.5507337714954533,0.5679551594352652,0.5921233397594265,0.02509901026520215,-0.9629136794158244,0,1.0598763895823604,0.0,0.0
2022-08-03,182.87,336.51,0.5434311016017355,0.5628898830253921,0.591702699321172,0.025702962674480977,-1.1209920296225828,-2,1.0598763895823604,0.0,0.0
2022-08-04,183.64,342.38,0.5363631053215725,0.5568796285959334,0.5912103046752296,0.026476849304363673,-1.2966299609386724,-2,1.0598763895823604,0.0,0.0
2022-08-05,185.39,343.31,0.5400075733302263,0.5493441073041724,0.5909351281786428,0.026925515931255625,-1.544669412488056,-1,1.0597563895823605,0.001618210259453045,-0.0008738457953453147
2022-08-08,185.81,343.71,0.5406010881266184,0.5422273279751213,0.5905498583799419,0.02748121676740728,-1.758383946890267,-1,1.060086499573193,0.001618210259453045,-0.0008738457953453147
2022-08-09,186.03,343.68,0.541288407821229,0.5403382552402765,0.5902489633017443,0.027923974895585978,-1.7873783459588102,-1,1.060468721204133,0.001618210259453045,-0.0008738457953453147
2022-08-10,190.72,352.36,0.5412646157339085,0.539904958066711,0.5899829039574964,0.02831721065814407,-1.7684632323199148,-1,1.0604731458173704,0.001618210259453045,-0.0008738457953453147
2022-08-11,194.0,361.92,0.5360300618921309,0.5398383493808226,0.5896947683219202,0.028780769259790617,-1.7322823615681324,-1,1.0574269096648752,0.001618210259453045,-0.0008738457953453147
2022-08-12,196.84,368.16,0.5346588439808778,0.5387686035109529,0.5893633090403615,0.029302218748196086,-1.7266510076996582,-1,1.056569829038767,0.001618210259453045,-0.0008738457953453147
2022-08-15,195.95,366.05,0.5353093839639393,0.5377102626784172,0.5888846746060428,0.029950455416356023,-1.7086355187667408,-1,1.0569734365360326,0.001618210259453045,-0.0008738457953453147
2022-08-16,197.52,369.98,0.5338666954970539,0.5362259202135821,0.5883315176440977,0.030658559778684782,-1.6995448516385252,-1,1.056079812667667,0.001618210259453045,-0.0008738457953453147
2022-08-17,195.93,364.69,0.5372508157613316,0.5354231602190668,0.5867625738443565,0.030826089607267865,-1.6654533312323019,-1,1.0581295026125133,0.001618210259453045,-0.0008738457953453147
2022-08-18,197.35,367.99,0.5362917470583439,0.5354754972523093,0.5855549561744637,0.03136472965103201,-1.5966807136342303,-1,1.057543670056297,0.001618210259453045,-0.0008738457953453147
2022-08-19,195.6,369.66,0.5291348807011849,0.5343707045963708,0.5842041530235433,0.03202441613209954,-1.5561079465621286,-1,1.0532524796240275,0.001618210259453045,-0.0008738457953453147
2022-08-22,191.76,369.64,0.5187750243480143,0.5310638326731857,0.5826789598628509,0.03292758715265879,-1.5675344491646868,-1,1.0470560291436346,0.001618210259453045,-0.0008738457953453147
2022-08-23,197.21,374.88,0.5260616730687153,0.529502828187518,0.5812316006505553,0.03348049109070084,-1.5450422254231782,-1,1.0512963230900443,0.001618210259453045,-0.0008738457953453147
2022-08-24,194.16,381.38,0.5090985368923383,0.5238723724137193,0.5796841420348396,0.03463271363339679,-1.6115332518240875,-1,1.0406807841289678,0.001618210259453045,-0.0008738457953453147
2022-08-25,198.88,388.15,0.512379234831895,0.5190898699684297,0.5781687341789019,0.03555858031993173,-1.6614517137332574,-1,1.0424028005190984,0.001618210259453045,-0.0008738457953453147
2022-08-26,191.92,379.38,0.505878011492435,0.5144384961266796,0.5763028125426229,0.03637006490543721,-1.7009679959821804,-1,1.0388036847384836,0.001618210259453045,-0.0008738457953453147
2022-08-29,191.78,380.61,0.5038753579779827,0.5114585628526733,0.5745460141534705,0.03728428609567741,-1.6920654223847749,-1,1.0375023049738854,0.001618210259453045,-0.0008738457953453147
2022-08-30,186.94,368.74,0.5069696805337094,0.507640164345672,0.5727046501032705,0.03785324073750412,-1.7188617008723932,-1,1.0400427169088817,0.001618210259453045,-0.0008738457953453147
2022-08-31,184.71,365.25,0.5057084188911705,0.5069621407454384,0.5708629006474731,0.038385017521753675,-1.6647318153709494,-1,1.0394838298560567,0.001618210259453045,-0.0008738457953453147
2022-09-01,182.44,363.77,0.5015256893091788,0.5047914316408952,0.5689318622229538,0.03891548743302723,-1.6481980520594257,-1,1.0371037843442095,0.001618210259453045,-0.0008738457953453147
2022-09-02,180.83,362.22,0.49922698912263264,0.5034612271669348,0.5664641874289665,0.03855533035708275,-1.6340920873592752,-1,1.0358529268092753,0.001618210259453045,-0.0008738457953453147
2022-09-06,180.66,361.06,0.5003600509610591,0.50275816576355,0.5640085332430371,0.03798150646967476,-1.612636600614846,-1,1.0365914921877688,0.001618210259453045,-0.0008738457953453147
2022-09-07,180.86,365.94,0.49423402743619177,0.5002110351440466,0.5615476393799896,0.037631815486129254,-1.6299135038688506,-1,1.0326507667583742,0.001618210259453045,-0.0008738457953453147
2022-09-08,183.15,368.48,0.4970419018671298,0.4984777317392385,0.5592191749251129,0.0372197741584038,-1.6319670003198998,-1,1.0341368999323446,0.001618210259453045,-0.0008738457953453147
2022-09-09,189.49,372.25,0.5090396239086635,0.49998051865913534,0.5571549619898488,0.03649192352179087,-1.5667697893911292,-1,1.0411019543288251,0.001618210259453045,-0.0008738457953453147
2022-09-12,192.4,374.03,0.5143972408630324,0.5030145690072153,0.5553424627402724,0.03585377720045467,-1.4594806410632113,-2,1.0442555006681187,0.001618210259453045,-0.0008738457953453147
2022-09-13,184.31,363.3,0.5073217726396917,0.5044069133429419,0.5535748826443979,0.035557228821729625,-1.3827840619404141,-2,1.0405405450531988,0.001618210259453045,-0.0008738457953453147
2022-09-14,184.65,360.9,0.5116375727348297,0.5078876224026694,0.552153406724766,0.035499545625189324,-1.246939461971227,-2,1.0431879664502417,0.001618210259453045,-0.0008738457953453147
2022-09-15,182.49,358.77,0.5086545697800819,0.5102101559852599,0.5506913183773858,0.035453658748959865,-1.1418049312982004,-2,1.0415539238339087,0.001618210259453045,-0.0008738457953453147
2022-09-16,179.47,354.5,0.506262341325811,0.5096546994686894,0.5492825169733933,0.035512629771363026,-1.1158795549593263,-2,1.040398250396485,0.001618210259453045,-0.0008738457953453147
2022-09-19,182.11,362.69,0.502109239295266,0.507197099155136,0.5476418169287299,0.03537762092795526,-1.1432288749986201,-2,1.037513528417563,0.001618210259453045,-0.0008738457953453147
2022-09-20,177.99,355.59,0.5005483843752637,0.5058424215022504,0.546039618595597,0.03529584059141608,-1.1388649886163216,-2,1.0370508072955682,0.001618210259453045,-0.0008738457953453147
2022-09-21,171.95,349.81,0.491552557102427,0.50182541837577,0.5443171515415641,0.035392572749103214,-1.2005833389682246,-2,1.0323276460255677,0.001618210259453045,-0.0008738457953453147
2022-09-22,170.55,346.13,0.49273394389391273,0.4986412931985361,0.5424245838362897,0.03505708416861791,-1.2489142116658718,-2,1.0332779041892042,0.001618210259453045,-0.0008738457953453147
2022-09-23,164.24,334.22,0.4914128418407037,0.49567139330151455,0.5404435023406085,0.0345120015977879,-1.2972909992552746,-2,1.033474500874618,0.001618210259453045,-0.0008738457953453147
2022-09-26,162.62,332.24,0.4894654466650614,0.4931426347754737,0.5386525726599942,0.034319090891288165,-1.3260822679913449,-2,1.032583214929088,0.001618210259453045,-0.0008738457953453147
2022-09-27,162.44,335.68,0.4839132507149666,0.4898156080434143,0.5368663198454618,0.03433277658983362,-1.3704313042942144,-2,1.0292859075463985,0.001618210259453045,-0.0008738457953453147
2022-09-28,167.76,345.9,0.4849956634865568,0.48850422932024024,0.5350361861820431,0.0341180644303962,-1.3638510167167321,-2,1.0289640820982597,0.001618210259453045,-0.0008738457953453147
2022-09-29,165.9,341.0,0.48651026392961877,0.4872594933273815,0.5332123625275625,0.03372984548909762,-1.3623800682702278,-2,1.0302360554128691,0.001618210259453045,-0.0008738457953453147
2022-09-30,164.08,333.89,0.4914193297193687,0.4872607909031144,0.5315179372912341,0.03322091568019847,-1.3322073001888812,-2,1.03350395634557,0.001618210259453045,-0.0008738457953453147
2022-10-03,171.23,344.05,0.4976892893474785,0.48890555943959785,0.5300143081501066,0.03266240201225169,-1.2585953934156118,-2,1.0361958864199508,0.001618210259453045,-0.0008738457953453147
2022-10-04,179.63,360.29,0.49857059590885117,0.4918370284783748,0.5285486764981937,0.03205169212806199,-1.1453887636614675,-2,1.0355975968829485,0.001618210259453045,-0.0008738457953453147
2022-10-05,178.38,355.77,0.5013913483430307,0.4951161654496696,0.5270789837162639,0.03121693099712329,-1.0238936771055362,-2,1.037524617053593,0.001618210259453045,-0.0008738457953453147
2022-10-06,178.81,355.47,0.5030241651897488,0.49841894570169554,0.5256984724365851,0.030394299802646022,-0.8975211441625207,0,1.0383626055754884,0.0,0.0
2022-10-07,177.55,356.15,0.4985259020075811,0.4998402601593381,0.5243842519322697,0.029821168007999957,-0.8230392507210756,0,1.0383626055754884,0.0,0.0
2022-10-10,178.67,359.68,0.49674710854092524,0.4996518239980274,0.5229567306139757,0.029036716775972596,-0.8026012994428071,0,1.0383626055754884,0.0,0.0
2022-10-11,179.75,363.33,0.4947293094432059,0.4988835667048983,0.5214975706737511,0.028192631058220237,-0.8021246375392541,0,1.0383626055754884,0.0,0.0
2022-10-12,179.5,361.21,0.49694083773981895,0.497993464584256,0.5201791605638497,0.02743803885971976,-0.8085744062475003,0,1.0383626055754884,0.0,0.0
2022-10-13,183.14,367.17,0.4987880273442819,0.4971462370151626,0.5189809422473909,0.026756561374145702,-0.8160504979285834,0,1.0383626055754884,0.0,0.0
2022-10-14,178.19,357.14,0.49893599148793194,0.4972282549112328,0.5177669407913131,0.02596116612486346,-0.7911310987070833,0,1.0383626055754884,0.0,0.0
2022-10-17,180.8,362.59,0.4986348216994402,0.49760579754293577,0.5165437992545525,0.0250752988361297,-0.7552453047670149,0,1.0383626055754884,0.0,0.0
2022-10-18,183.55,371.31,0.49433088255096824,0.4975261121644882,0.5154001644302534,0.024480696534135014,-0.7301284193790082,0,1.0383626055754884,0.0,0.0
2022-10-19,184.41,371.32,0.49663363136916944,0.4974646708903584,0.5142220777991103,0.023625728357922718,-0.7092863616681879,0,1.0383626055754884,0.0,0.0
2022-10-20,180.54,365.52,0.4939264609323703,0.49649235760797605,0.5129748940871315,0.022653170139946915,-0.7276039678918889,0,1.0383626055754884,0.0,0.0
2022-10-21,190.22,383.06,0.49658017020832246,0.4960211933520541,0.5118109906327891,0.02163194798262926,-0.7299295141341157,0,1.0383626055754884,0.0,0.0
2022-10-24,191.3,385.89,0.4957371271605899,0.495441654444284,0.5104451897556483,0.01992169620681375,-0.7531253943242407,0,1.0383626055754884,0.0,0.0
2022-10-25,194.84,391.63,0.49751040522942575,0.4960775589799756,0.5091339467632742,0.018019759077990066,-0.7245595086366111,0,1.0383626055754884,0.0,0.0
2022-10-26,196.96,391.18,0.5035022240400838,0.49745127751415835,0.5083467543056848,0.017183941006148763,-0.6340499416069801,0,1.0383626055754884,0.0,0.0
2022-10-27,212.14,394.59,0.5376213284675232,0.5061902510211891,0.5082499247534479,0.016998259427893955,-0.12116968451951567,0,1.0383626055754884,0.0,0.0
2022-10-28,219.34,396.85,0.5527025324429885,0.5174147234681222,0.5085222485388049,0.017577307397391436,0.5059065491815327,0,1.0383626055754884,0.0,0.0
2022-10-31,216.46,395.82,0.5468647364963872,0.5276402453352816,0.5086365345915741,0.017806292647304562,1.0672469064796732,-2,1.0383626055754884,0.0,0.0
2022-11-01,218.5,388.71,0.5621157160865426,0.5405613075067051,0.5089951117242396,0.01865719061168248,1.6919050911502076,1,1.0382426055754885,-0.0013729977116704805,0.0007717835918808366
2022-11-02,214.54,385.95,0.5558751133566524,0.5510358853700188,0.5092382234831633,0.019173024089000446,2.180024480897347,2,1.0414310672388432,0.0,0.0
2022-11-03,219.26,393.63,0.5570205522953027,0.5549157301355747,0.5095008224258533,0.01971921972368917,2.3030783340358765,2,1.0414310672388432,0.0,0.0
2022-11-04,227.85,395.09,0.576704042116986,0.5597160320703741,0.5101787220962675,0.021283760530381727,2.327469805131199,2,1.0414310672388432,0.0,0.0
2022-11-07,228.61,398.77,0.5732878601700229,0.5650006568051014,0.5108225390327532,0.02258150067922633,2.3992257442034792,2,1.0414310672388432,0.0,0.0
2022-11-08,229.81,404.57,0.5680351978643993,0.5661845531606727,0.5113679692644275,0.023557128292609367,2.3269637629575994,2,1.0414310672388432,0.0,0.0
2022-11-09,225.54,397.09,0.56798206955602,0.5686059444005461,0.5119365588320769,0.024502135961620472,2.3128345078663646,2,1.0414310672388432,0.0,0.0
2022-11-10,232.45,407.61,0.5702755084517063,0.5712569356318269,0.5124869703769165,0.025433652337059433,2.310716702267592,2,1.0414310672388432,0.0,0.0
2022-11-11,236.49,406.03,0.5824446469472699,0.5724050565978838,0.5132561853750653,0.026825638260342084,2.2049380763574105,2,1.0414310672388432,0.0,0.0
2022-11-14,236.5,406.94,0.5811667567700398,0.5739808359178872,0.5141233833095462,0.028155701479658533,2.1259442834903544,2,1.0414310672388432,0.0,0.0
2022-11-15,234.59,406.97,0.5764306951372337,0.5756599353724539,0.5150843111560331,0.02927862308809809,2.0689369180426045,2,1.0414310672388432,0.0,0.0
2022-11-16,232.42,406.4,0.5718996062992125,0.5764434427210925,0.5158482767098749,0.03015482228398851,2.009468516861139,2,1.0414310672388432,0.0,0.0
2022-11-17,230.44,412.99,0.5579796120971452,0.5739842634501802,0.5166629612966216,0.030625997842509415,1.8716550052777583,1,1.0413110672388433,-0.0013018573164381183,0.0007264098404319716
2022-11-18,231.43,414.26,0.5586588133056535,0.5692270967218569,0.5174342876045176,0.03109546740752617,1.6656063868910895,1,1.040944768992918,-0.0013018573164381183,0.0007264098404319716
2022-11-21,232.17,411.7,0.5639300461501093,0.5657797545978708,0.5184018215154789,0.031628376616758234,1.4979565235507157,-2,1.0381217853872482,-0.0013018573164381183,0.0007264098404319716
2022-11-22,237.26,416.56,0.569569809871327,0.5644075775446895,0.5194967290470346,0.03224800973403983,1.39267039634538,-2,1.0350256834710776,-0.0013018573164381183,0.0007264098404319716
2022-11-23,236.92,437.52,0.541506673980618,0.5583289910809706,0.520072345604483,0.03232875207761256,1.1833628896235688,-2,1.0506938652141207,-0.0013018573164381183,0.0007264098404319716
2022-11-25,235.7,441.47,0.5338981131220694,0.5535126912859555,0.5205421738416647,0.032321302621353666,1.0200862827387478,-2,1.0551514500098815,-0.0013018573164381183,0.0007264098404319716
2022-11-28,232.3,441.21,0.5265066521611025,0.5470822590570453,0.5209585232225301,0.03223296478066878,0.810466428151298,0,1.0592643141791978,0.0,0.0
2022-11-29,235.12,440.97,0.5331881987436787,0.540933889575759,0.5215245433828809,0.032142943384112214,0.603844705848311,0,1.0592643141791978,0.0,0.0
2022-11-30,236.41,441.0,0.5360770975056689,0.5342353471026275,0.5221198274919577,0.03207500189731489,0.3777246732348298,0,1.0592643141791978,0.0,0.0
2022-12-01,235.69,441.81,0.5334646114845748,0.5326269346034189,0.5227736705594307,0.031896276465573206,0.3089158088601098,0,1.0592643141791978,0.0,0.0
2022-12-02,236.13,445.61,0.529902829828774,0.5318278779447598,0.5233213526921249,0.03172863710461739,0.26810244715481407,0,1.0592643141791978,0.0,0.0
2022-12-05,232.57,436.89,0.532330792648035,0.5329927060421463,0.523709538837781,0.03169340391748322,0.29290533855356427,0,1.0592643141791978,0.0,0.0
2022-12-06,228.29,438.25,0.5209127210496292,0.5305376105033364,0.5238181301742243,0.03167211119682968,0.21215763885625277,0,1.0592643141791978,0.0,0.0
2022-12-07,228.98,440.65,0.5196414387836151,0.5272504787589256,0.5240234579432896,0.03160321277427146,0.10211053030225863,0,1.0592643141791978,0.0,0.0
2022-12-08,230.92,442.93,0.5213464881583997,0.5248268540936906,0.5241852732003491,0.0315635504667302,0.020326638919081506,0,1.0592643141791978,0.0,0.0
2022-12-09,227.29,434.81,0.5227340677537315,0.5233931016786821,0.52441993149991,0.031498400482217234,-0.03259942744735635,0,1.0592643141791978,0.0,0.0
2022-12-12,233.06,437.05,0.5332570644091065,0.5235783560308963,0.5248698435512983,0.03142735943146516,-0.041094369484600685,0,1.0592643141791978,0.0,0.0
2022-12-13,235.49,437.19,0.5386445252636154,0.5271247168736937,0.5254787649841041,0.03133268882756384,0.0525314599920845,0,1.0592643141791978,0.0,0.0
2022-12-14,234.48,438.44,0.5348052185019615,0.5301574728173628,0.5260497122195491,0.03118246083882082,0.13173304759513138,0,1.0592643141791978,0.0,0.0
2022-12-15,230.66,429.79,0.5366807045301193,0.533224316091707,0.5268018480100106,0.030879049934176905,0.20798787836370408,0,1.0592643141791978,0.0,0.0
2022-12-16,232.72,431.09,0.5398408684961378,0.5366456762401881,0.5275869634200476,0.030595733987931396,0.29607764349479976,0,1.0592643141791978,0.0,0.0
2022-12-19,232.29,432.67,0.5368756789238911,0.537369399143145,0.5283446773714341,0.030245633581798888,0.298380979433069,0,1.0592643141791978,0.0,0.0
2022-12-20,235.14,435.36,0.5401047409040793,0.5376614422712378,0.5291886656087511,0.02984623538716873,0.2838809167245677,0,1.0592643141791978,0.0,0.0
2022-12-21,241.73,441.64,0.5473462548682184,0.5401696495444892,0.5302458823446387,0.029334378703327387,0.33829818930935474,0,1.0592643141791978,0.0,0.0
2022-12-22,237.54,435.86,0.5449915110356536,0.541831810845596,0.5312458131371236,0.028783146028949713,0.3677845951177502,0,1.0592643141791978,0.0,0.0
2022-12-23,239.87,436.93,0.5489895406586868,0.5436615452781058,0.5322871344159413,0.028262753151731247,0.4024523301427824,0,1.0592643141791978,0.0,0.0
2022-12-27,243.14,436.15,0.5574687607474492,0.5477801616428175,0.5333879582664094,0.027928309488494524,0.5153266932370969,0,1.0592643141791978,0.0,0.0
2022-12-28,239.38,430.18,0.5564647356920359,0.5510521606004088,0.5343675490388187,0.02768466643796689,0.602666158141202,0,1.0592643141791978,0.0,0.0
2022-12-29,240.2,428.64,0.5603770063456514,0.5536583108958953,0.535397655879432,0.027479239436632222,0.6645254887266021,0,1.0592643141791978,0.0,0.0
2022-12-30,239.56,428.76,0.5587274932363093,0.5564055073360266,0.5363532582943199,0.027272780619749998,0.7352476933424793,0,1.0592643141791978,0.0,0.0
2023-01-03,238.88,424.29,0.5630111480355416,0.5592098288113976,0.5373530413417498,0.02712941672891407,0.8056490004207579,0,1.0592643141791978,0.0,0.0
2023-01-04,241.36,423.48,0.5699442712760934,0.5617049309171264,0.538543347496225,0.02696323349388163,0.8590061509557848,0,1.0592643141791978,0.0,0.0
2023-01-05,240.28,414.73,0.5793648879994213,0.5662849613786035,0.5399203104872,0.026902098909931293,0.9800220785624504,0,1.0592643141791978,0.0,0.0
2023-01-06,248.86,426.47,0.5835345979787558,0.5709164797052243,0.5414003986294592,0.0268164484255119,1.100670775168157,-2,1.0592643141791978,0.0,0.0
2023-01-09,246.62,428.2,0.5759458197104157,0.5743601450000456,0.542717148328969,0.026534562124188133,1.1925200243734861,-2,1.0592643141791978,0.0,0.0
2023-01-10,250.51,437.43,0.5726859154607594,0.5762950984850892,0.5439487797975769,0.026173553934660965,1.2358397628484397,-2,1.0592643141791978,0.0,0.0
2023-01-11,250.73,433.48,0.5784119221186674,0.577988628653604,0.5452733786414226,0.02586618889530012,1.2647881813824458,-2,1.0592643141791978,0.0,0.0
2023-01-12,255.07,436.09,0.5849021990873444,0.5790960908711886,0.5467111682645543,0.025626316593330534,1.263736927961888,-2,1.0592643141791978,0.0,0.0
2023-01-13,258.46,439.63,0.5879034642767782,0.5799698641307931,0.5482707112933178,0.02522876972156536,1.2564684361274687,-2,1.0592643141791978,0.0,0.0
2023-01-17,256.26,438.2,0.5848014605203103,0.581740992292772,0.5497401751125036,0.02473298307626618,1.293851901389785,-2,1.0592643141791978,0.0,0.0
2023-01-18,252.82,425.99,0.5934881100495316,0.5859014312105264,0.551399535931123,0.02426024476251529,1.4221577571514268,-2,1.0592643141791978,0.0,0.0
2023-01-19,245.75,408.6,0.601443954968184,0.5905078377804297,0.5531472656771206,0.02402012452263688,1.5553862790386466,1,1.0591443141791979,-0.0012207527975584944,0.0007342143906020558
2023-01-20,249.71,410.6,0.6081587920116902,0.5951591563652989,0.5550209600913056,0.023850067236021746,1.6829384955934592,1,1.0557785618820703,-0.0012207527975584944,0.0007342143906020558
2023-01-23,252.7,409.34,0.6173352225533786,0.601045508020619,0.5570180403800382,0.02396926716156803,1.8368299432689263,1,1.0512034008852118,-0.0012207527975584944,0.0007342143906020558
2023-01-24,257.61,416.67,0.6182590539275686,0.6077370267020706,0.5589306542114962,0.024203954701797998,2.016462726520836,2,1.0504672154846504,0.0,0.0
2023-01-25,258.44,413.64,0.6247945073010347,0.6139983061523713,0.5603835405253881,0.025485576190141346,2.103729781386035,2,1.0504672154846504,0.0,0.0
2023-01-26,262.12,421.2,0.6223171889838557,0.6181729529555056,0.5615437848010693,0.026686303841435183,2.122031154667045,2,1.0504672154846504,0.0,0.0
2023-01-27,264.54,418.18,0.6325984026017505,0.6230608750735176,0.5629726792361587,0.028142539681450314,2.1351376427822912,2,1.0504672154846504,0.0,0.0
2023-01-30,261.5,420.6,0.6217308606752259,0.6239400026978871,0.5639662649793034,0.02914624335070313,2.0576832834663374,2,1.0504672154846504,0.0,0.0
2023-01-31,252.29,422.84,0.5966559455113045,0.6196193810146343,0.5646459455152143,0.02942849337784315,1.8680343160486013,1,1.0503472154846505,-0.0011891077728011415,0.0007094882224955066
2023-02-01,249.54,426.99,0.5844164968734631,0.6115437789291199,0.5651025445915169,0.02952056342853684,1.5731825190270385,1,1.05656163798321,-0.0011891077728011415,0.0007094882224955066
2023-02-02,244.9,406.55,0.602385930389866,0.6075575272103221,0.5655305760627315,0.029875680177631633,1.406727843440257,-2,1.047577158781199,-0.0011891077728011415,0.0007094882224955066
2023-02-03,247.76,406.06,0.6101561345613948,0.6030690736022508,0.5661450473025877,0.030412260634964453,1.2141164625299887,-2,1.043828661321965,-0.0011891077728011415,0.0007094882224955066
2023-02-06,251.42,410.23,0.6128757038734368,0.6012980422418931,0.566892389069405,0.031004674505470998,1.1096924486795368,-2,1.0424350927613188,-0.0011891077728011415,0.0007094882224955066
2023-02-07,249.66,409.52,0.6096405547958585,0.6038949640988038,0.5675866971567357,0.03149210153232868,1.1529324870490252,-2,1.044024185803477,-0.0011891077728011415,0.0007094882224955066
2023-02-08,248.87,407.69,0.610439304373421,0.6090995255987954,0.568256093755431,0.03197340680149365,1.277418827994784,-2,1.043665217496823,-0.0011891077728011415,0.0007094882224955066
2023-02-09,246.28,408.01,0.6036126565525355,0.6093448708313294,0.5686088939155187,0.03224822402706976,1.2632006302615646,-2,1.0469720428595766,-0.0011891077728011415,0.0007094882224955066
2023-02-10,247.67,417.79,0.5928097848201249,0.6058756008830752,0.56880294438302,0.03235990747278158,1.1456354296203595,-2,1.052257977871389,-0.0011891077728011415,0.0007094882224955066
2023-02-13,248.15,415.33,0.5974767052705078,0.6027958011624894,0.5691537112185746,0.032557451912398686,1.0333145859950754,-2,1.0499418651131054,-0.0011891077728011415,0.0007094882224955066
2023-02-14,244.36,409.31,0.5970047152524981,0.6002686332538174,0.5695721297011294,0.03275406738126544,0.9371814252982129,0,1.0500612702726564,0.0,0.0
2023-02-15,248.7,410.04,0.6065261925665788,0.599486010892449,0.5703812393756199,0.03306102310107927,0.8803348713028482,0,1.0500612702726564,0.0,0.0
2023-02-16,246.52,402.96,0.6117728806829462,0.6011180557185312,0.5712664738319082,0.033450615751599494,0.8924075451494659,0,1.0500612702726564,0.0,0.0
2023-02-17,247.79,433.31,0.5718538690544875,0.5969268725654037,0.5713985375469811,0.03343679931767939,0.7634802235668737,0,1.0500612702726564,0.0,0.0
2023-02-21,240.71,427.17,0.5634993094084323,0.5901313933929886,0.5712973625392662,0.03345160753284983,0.5630231920910574,0,1.0500612702726564,0.0,0.0
2023-02-22,237.89,426.41,0.5578902933796112,0.5823085090184112,0.5715704228625829,0.03327068832807751,0.3227491433282549,0,1.0500612702726564,0.0,0.0
2023-02-23,237.95,425.05,0.5598164921773908,0.5729665689405736,0.5720023958468381,0.03293988858343043,0.02927068472904716,0,1.0500612702726564,0.0,0.0
2023-02-24,236.17,417.42,0.5657850606104163,0.5637690049260676,0.5726570359876602,0.03240637588304665,-0.27426797410698084,0,1.0500612702726564,0.0,0.0
2023-02-27,239.98,421.63,0.5691720228636482,0.5632326356878998,0.5732567663896596,0.03199390680450422,-0.31331374323902655,0,1.0500612702726564,0.0,0.0
2023-02-28,239.55,419.24,0.5713910886365805,0.5648109915335293,0.5738453329085081,0.03162099780440671,-0.28570703021015353,0,1.0500612702726564,0.0,0.0
2023-03-01,248.67,419.75,0.5924240619416319,0.5717177452459336,0.5748279904161256,0.03125889492114057,-0.09949952415267942,0,1.0500612702726564,0.0,0.0
2023-03-02,252.18,421.34,0.598519010775146,0.5794582489654846,0.5759715934318986,0.030839803938283596,0.11305699415480817,0,1.0500612702726564,0.0,0.0
2023-03-03,255.31,430.28,0.5933578135167799,0.5849727995467573,0.5769887104463776,0.03037901998080895,0.262815887590299,0,1.0500612702726564,0.0,0.0
2023-03-06,253.98,425.71,0.5966033215099481,0.5904590592760173,0.5782502204540497,0.029571785217214923,0.41285430461128514,0,1.0500612702726564,0.0,0.0
2023-03-07,246.14,418.15,0.5886404400334808,0.5939089295553973,0.5794002038082141,0.028578929670679515,0.507672117688452,0,1.0500612702726564,0.0,0.0
2023-03-08,248.72,424.29,0.5862028329680171,0.5926646837606744,0.5804811428883743,0.027554105219137974,0.4421679011314044,0,1.0500612702726564,0.0,0.0
2023-03-09,240.96,421.42,0.571781120971952,0.5873171058000356,0.5812985937753447,0.02652001683691845,0.22694223995787932,0,1.0500612702726564,0.0,0.0
2023-03-10,227.01,395.93,0.5733589270830702,0.5833173285132937,0.5819669581532441,0.02578385166544494,0.0523727167519868,0,1.0500612702726564,0.0,0.0
2023-03-13,224.7,398.22,0.5642609612776857,0.5768488564668411,0.5823938987534786,0.025261126373207883,-0.2195089088552498,0,1.0500612702726564,0.0,0.0
2023-03-14,225.67,402.45,0.5607404646539943,0.5712688613909439,0.5828261528560125,0.024647454551634244,-0.46890405826115056,0,1.0500612702726564,0.0,0.0
2023-03-15,217.26,390.48,0.5563921327596804,0.5653067213492765,0.5831546766598384,0.02414827195996463,-0.7390986543530743,0,1.0500612702726564,0.0,0.0
2023-03-16,218.71,391.11,0.5592032931911738,0.5627911557931208,0.5834773837380891,0.02368455753833393,-0.8734057164246051,0,1.0500612702726564,0.0,0.0
2023-03-17,215.01,385.5,0.5577431906614786,0.5596680085088026,0.5838251756003822,0.023135492555869303,-1.0441604834322433,-2,1.0500612702726564,0.0,0.0
2023-03-20,220.31,394.5,0.5584537389100127,0.558506564035268,0.5841309922338145,0.022664252407125985,-1.1306099022480787,-2,1.0500612702726564,0.0,0.0
2023-03-21,224.92,402.59,0.5586825306142726,0.5580949772273236,0.5843199301629153,0.022398092131426107,-1.1708565525005685,-2,1.0500612702726564,0.0,0.0
2023-03-22,219.95,394.97,0.5568777375496873,0.558192098185325,0.5845180339381493,0.022094861744332724,-1.1914958354322722,-2,1.0500612702726564,0.0,0.0
2023-03-23,219.44,391.85,0.5600102079877504,0.5583534811446402,0.5847017117269669,0.021838826977279464,-1.2064856143481844,-2,1.0500612702726564,0.0,0.0
2023-03-24,217.01,386.5,0.5614747736093143,0.5590997977342075,0.5847684786079981,0.0217601396692745,-1.1796193068574365,-2,1.0500612702726564,0.0,0.0
2023-03-27,218.0,393.01,0.5546932648024223,0.5583477029126893,0.5847389540931711,0.021800358163646703,-1.2105879629303826,-2,1.0500612702726564,0.0,0.0
2023-03-28,220.16,395.35,0.5568736562539521,0.5579859280406252,0.5846805649249762,0.021871290335580097,-1.2205332412840928,-2,1.0500612702726564,0.0,0.0
2023-03-29,223.0,400.79,0.5564011078120711,0.557890602093102,0.5846417918345723,0.02192008701850162,-1.2203961470997344,-2,1.0500612702726564,0.0,0.0
2023-03-30,224.54,403.7,0.5562051027991083,0.5571295810553736,0.5845283577472984,0.02205113901267861,-1.2425107236488555,-2,1.0500612702726564,0.0,0.0
2023-03-31,228.84,412.88,0.5542530517341601,0.5556852366803428,0.5842668374215995,0.02231846016223254,-1.2806260169159294,-2,1.0500612702726564,0.0,0.0
2023-04-03,229.87,414.99,0.5539169618545026,0.5555299760907588,0.583842705319184,0.022652495927567497,-1.2498723901753075,-2,1.0500612702726564,0.0,0.0
2023-04-04,217.45,397.66,0.5468239199315998,0.5535200288262884,0.5832308606850648,0.023151246641844724,-1.283336155430852,-2,1.0500612702726564,0.0,0.0
2023-04-05,213.53,373.82,0.5712107431384089,0.5564819558915559,0.5831519427421982,0.0231845472955042,-1.1503345961736302,-2,1.0500612702726564,0.0,0.0
2023-04-06,209.17,369.65,0.5658595969160016,0.5584128547149346,0.5830381707664521,0.02325342388418585,-1.0589974265366,-2,1.0500612702726564,0.0,0.0
2023-04-10,215.53,377.33,0.5711976254207193,0.5618017694522465,0.5829179324881529,0.023296362748342406,-0.9064145877196617,0,1.0500612702726564,0.0,0.0
2023-04-11,220.6,380.83,0.5792610876243993,0.5668705946062258,0.5828239139637705,0.02329960185601647,-0.6847035179455326,0,1.0500612702726564,0.0,0.0
2023-04-12,220.5,384.39,0.5736361507843597,0.5722330407767777,0.5825861254055636,0.02331967813440335,-0.44396344448305636,0,1.0500612702726564,0.0,0.0
2023-04-13,221.67,384.74,0.5761553256744815,0.5732219572839923,0.5824420231581331,0.023332467179871048,-0.3951603490133688,0,1.0500612702726564,0.0,0.0
2023-04-14,223.68,387.77,0.5768367846919566,0.5754173948391832,0.5821645010688402,0.023297857255562528,-0.2896020074140552,0,1.0500612702726564,0.0,0.0
2023-04-17,225.24,391.42,0.5754432578815595,0.5762665213313513,0.5817311561173965,0.02317466087947543,-0.23580214676992037,0,1.0500612702726564,0.0,0.0
2023-04-18,225.2,396.69,0.5676976984547127,0.573953843497414,0.5810568045581134,0.02298048637922583,-0.30908662869383075,0,1.0500612702726564,0.0,0.0
2023-04-19,224.65,392.77,0.571963235481325,0.5736192604368071,0.5803006047735793,0.022508123429518783,-0.29684146515785254,0,1.0500612702726564,0.0,0.0
2023-04-20,222.27,390.36,0.5693974792499231,0.5722676911518955,0.5794862451956184,0.02198942927534338,-0.32827382436055674,0,1.0500612702726564,0.0,0.0
2023-04-21,220.27,386.7,0.569614688388932,0.5708232718912905,0.5785665815470834,0.021202185343334273,-0.365212808510202,0,1.0500612702726564,0.0,0.0
2023-04-24,223.43,388.04,0.5757911555509742,0.5708928514251734,0.5777911476565354,0.020411004265275923,-0.3379694669457119,0,1.0500612702726564,0.0,0.0
2023-04-25,218.63,379.47,0.5761456768651013,0.5725824471072511,0.576850268894258,0.019100844697217935,-0.22343628539257285,0,1.0500612702726564,0.0,0.0
2023-04-26,216.19,374.61,0.5771068577987774,0.5736111715707416,0.5761065355129837,0.018169775508346087,-0.13733598090388777,0,1.0500612702726564,0.0,0.0
2023-04-27,214.33,371.85,0.5763883286271346,0.575009341446184,0.5757687418982477,0.01796855005039933,-0.04226275631220498,0,1.0500612702726564,0.0,0.0
2023-04-28,218.8,378.02,0.5788053542140628,0.57684747461121,0.5756752228539243,0.01793735391528763,0.0653525465808344,0,1.0500612702726564,0.0,0.0
2023-05-01,217.27,382.12,0.568591018528211,0.5754074472066575,0.5751119743228966,0.017612043444347962,0.016776751925154033,0,1.0500612702726564,0.0,0.0
2023-05-02,215.15,383.8,0.560578426263679,0.572293997086373,0.5742856791846015,0.01709545752724495,-0.11650358553167686,0,1.0500612702726564,0.0,0.0
2023-05-03,215.64,382.22,0.5641776987075505,0.5697081652681275,0.57347404576517,0.016373025434719152,-0.23000516990933959,0,1.0500612702726564,0.0,0.0
2023-05-04,210.38,373.59,0.5631307047833186,0.5670566404993644,0.5726988815982943,0.015719682852137425,-0.35892843080881076,0,1.0500612702726564,0.0,0.0
2023-05-05,215.09,381.09,0.5644073578419796,0.5641770412249478,0.5719316824894369,0.014951045253371646,-0.5186688377349628,0,1.0500612702726564,0.0,0.0
2023-05-08,214.79,380.25,0.5648652202498357,0.5634318815692727,0.5712858918843919,0.014385562169250465,-0.5459647820998886,0,1.0500612702726564,0.0,0.0
2023-05-09,213.49,381.44,0.5596948406040269,0.5632551644373422,0.570733976147457,0.014179549238868014,-0.5274364921004939,0,1.0500612702726564,0.0,0.0
2023-05-10,213.17,380.39,0.5603985383422277,0.5624993323642776,0.5701160066986524,0.01379710846624416,-0.5520485943130479,0,1.0500612702726564,0.0,0.0
2023-05-11,210.03,372.79,0.5634003058021942,0.5625532525680528,0.569555933207814,0.013362310372936032,-0.5240621153318196,0,1.0500612702726564,0.0,0.0
2023-05-12,209.54,373.98,0.5602973421038557,0.5617312494204281,0.5687854523667686,0.012499377584672578,-0.5643643372283406,0,1.0500612702726564,0.0,0.0
2023-05-15,211.29,370.21,0.5707301261446206,0.5629042305993851,0.5681014064577964,0.01115804763523303,-0.46577824618712915,0,1.0500612702726564,0.0,0.0
2023-05-16,207.2,362.68,0.5713025256424396,0.5652257676070676,0.5680922174009291,0.011155131613036943,-0.2569624360605052,0,1.0500612702726564,0.0,0.0
2023-05-17,212.1,368.07,0.5762490830548537,0.5683958765495928,0.5683047136283694,0.011187546868845617,0.008148606865479881,0,1.0500612702726564,0.0,0.0
2023-05-18,214.72,370.52,0.5795098780092843,0.5716177909910107,0.568665040038864,0.011194593537691986,0.2637658028587548,0,1.0500612702726564,0.0,0.0
2023-05-19,214.78,363.55,0.590785311511484,0.5777153848725364,0.5691811870277654,0.011489746122706299,0.742766441802005,0,1.0500612702726564,0.0,0.0
2023-05-22,214.26,360.5,0.5943411927877947,0.5824375982011712,0.569657122564055,0.011929697333034108,1.0713160007610834,-2,1.0500612702726564,0.0,0.0
2023-05-23,212.71,360.48,0.5900743453173546,0.5861919621361542,0.5700054946049502,0.01221702681486736,1.3249105348206394,-2,1.0500612702726564,0.0,0.0
2023-05-24,209.7,354.08,0.5922390420244013,0.5893899539300638,0.5703529604947472,0.0125490601409666,1.5170055144743517,1,1.0499412702726565,-0.001430615164520744,0.0008472661545413466
2023-05-25,209.98,354.88,0.5916929666366095,0.5918265716555288,0.5703407755729969,0.012527602845074474,1.715076407533108,1,1.0502185109502238,-0.001430615164520744,0.0008472661545413466
2023-05-26,211.8,357.21,0.592928529436466,0.5922552152405253,0.5702476008840188,0.01233376373454855,1.7843388952603432,1,1.0495889214908773,-0.001430615164520744,0.0008472661545413466
2023-05-30,209.9,350.63,0.5986367395830363,0.5931143245995736,0.5703355829851232,0.012518852739479726,1.8195550413828925,1,1.0467320790065848,-0.001430615164520744,0.0008472661545413466
2023-05-31,205.75,345.98,0.594687554193884,0.5940369663748795,0.5703036535298553,0.012452990931996534,1.9058323397669938,1,1.0487293443207286,-0.001430615164520744,0.0008472661545413466
2023-06-01,209.07,352.57,0.592988626372068,0.5941868832444127,0.5703761233021651,0.012573578126635194,1.8937139215612886,1,1.0495631859329473,-0.001430615164520744,0.0008472661545413466
2023-06-02,226.63,371.07,0.6107472983534105,0.597997749587773,0.5707851977252552,0.013464897030604937,2.0209996259655933,2,1.0399882844296378,0.0,0.0
2023-06-05,222.47,363.65,0.611769558641551,0.60176595542879,0.571451671686415,0.014467367367831753,2.095355911800437,2,1.0399882844296378,0.0,0.0
2023-06-06,226.68,373.69,0.606599052690733,0.6033584180503293,0.572005673779876,0.015161427453889322,2.067928258457648,2,1.0399882844296378,0.0,0.0
2023-06-07,235.55,381.82,0.616913728982243,0.6078036530080011,0.5728832199082855,0.01619416701946291,2.1563587097592967,2,1.0399882844296378,0.0,0.0
2023-06-08,234.45,380.77,0.6157260288363053,0.6123511335008486,0.5737996459779906,0.017029625855044063,2.2637894602622333,2,1.0399882844296378,0.0,0.0
2023-06-09,235.03,378.87,0.6203447092670309,0.6142706156835727,0.574865522253113,0.017900732451214176,2.2013117920092053,2,1.0399882844296378,0.0,0.0
2023-06-12,237.9,387.13,0.6145222535065741,0.6148211546565772,0.5757875049250364,0.01849511383334182,2.110484427577482,2,1.0399882844296378,0.0,0.0
2023-06-13,245.44,398.24,0.6163117717959019,0.6167636984776111,0.5767636479439434,0.019063467824107155,2.0982567758781396,2,1.0399882844296378,0.0,0.0
2023-06-14,243.32,399.05,0.6097481518606691,0.6153305830532962,0.5776185548264544,0.019376031544546785,1.9463236390867433,1,1.0398682844296379,-0.0012329442709189545,0.0007517854905400326
2023-06-15,247.67,406.52,0.6092443176227492,0.614034240810585,0.5784612512765956,0.019636274340073572,1.8115956681961936,1,1.0401208144654746,-0.0012329442709189545,0.0007517854905400326
2023-06-16,245.27,407.63,0.6016976179378358,0.610304822544746,0.5792082492830648,0.019653788713575846,1.5822177451313142,1,1.0439143626101794,-0.0012329442709189545,0.0007517854905400326
2023-06-20,241.15,407.98,0.591082896220403,0.6056169510875119,0.5797261274202757,0.019548446477563926,1.3244440522141483,-2,1.0492572179280546,-0.0012329442709189545,0.0007517854905400326
2023-06-21,241.48,416.59,0.5796586571929235,0.5982863281669161,0.5800291921466693,0.019401094484275926,0.9410363953973698,0,1.055201035852192,0.0,0.0
2023-06-22,237.34,415.69,0.5709543169188578,0.5905275611785539,0.5803002096819431,0.019153166167353974,0.5339770671463725,0,1.055201035852192,0.0,0.0
2023-06-23,234.44,404.45,0.5796513784151317,0.5846089733370304,0.5806798383846293,0.018905094452494307,0.2078347168417717,0,1.055201035852192,0.0,0.0
2023-06-26,236.95,410.19,0.577659133572247,0.5798012764639127,0.5810341388139656,0.018639710366785352,-0.06614171174300036,0,1.055201035852192,0.0,0.0
2023-06-27,240.69,409.51,0.5877512148665478,0.5791349401931416,0.581559907348423,0.018370454114987382,-0.13200365870667344,0,1.055201035852192,0.0,0.0
2023-06-28,241.87,405.2,0.5969151036525173,0.5825862294850603,0.5822709415470624,0.01811953014654491,0.017400447773645755,0,1.055201035852192,0.0,0.0
2023-06-29,244.24,401.63,0.6081219032442796,0.5900197467501447,0.5831743572368919,0.018032963908837348,0.37960423743198746,0,1.055201035852192,0.0,0.0
2023-06-30,246.05,405.19,0.6072459833658284,0.5955386677402841,0.5841813916274624,0.017651677429910008,0.6434105856465093,0,1.055201035852192,0.0,0.0
