date,CVX,XOM,ratio,ins_ratio,long_mean,long_std,z_score,action,capital,holding1,holding2
2021-01-04,84.71,41.5,2.0412048192771084,,,,,0,0.0,0.0,0.0
2021-01-05,87.0,43.5,2.0,,,,,0,0.0,0.0,0.0
2021-01-06,89.8,44.61,2.013001569154898,,,,,0,0.0,0.0,0.0
2021-01-07,90.22,44.96,2.006672597864769,,,,,0,0.0,0.0,0.0
2021-01-08,91.08,45.46,2.003519577650682,2.0128797127894913,,,,0,0.0,0.0,0.0
2021-01-11,91.6,46.84,1.9555935098206658,1.9957574508982028,,,,0,0.0,0.0,0.0
2021-01-12,93.34,47.88,1.949456975772765,1.9856488460527557,,,,0,0.0,0.0,0.0
2021-01-13,93.25,48.42,1.925857083849649,1.968219948991706,,,,0,0.0,0.0,0.0
2021-01-14,95.49,50.31,1.8980322003577816,1.9464918694903086,,,,0,0.0,0.0,0.0
2021-01-15,92.09,47.89,1.9229484234704532,1.930377638654263,,,,0,0.0,0.0,0.0
2021-01-19,94.51,48.84,1.935094185094185,1.9262777737089667,,,,0,0.0,0.0,0.0
2021-01-20,95.38,49.53,1.9257015949929335,1.9215266975530003,,,,0,0.0,0.0,0.0
2021-01-21,92.01,48.11,1.9124922053627105,1.9188537218556128,,,,0,0.0,0.0,0.0
2021-01-22,91.73,47.43,1.9340080118068734,1.926048884145431,,,,0,0.0,0.0,0.0
2021-01-25,90.9,46.9,1.9381663113006398,1.9290924617114684,,,,0,0.0,0.0,0.0
2021-01-26,89.36,45.87,1.9481142358840202,1.9316964718694354,,,,0,0.0,0.0,0.0
2021-01-27,88.2,45.35,1.9448732083792724,1.9355307945467033,,,,0,0.0,0.0,0.0
2021-01-28,89.02,46.06,1.9326964828484583,1.939571650043853,,,,0,0.0,0.0,0.0
2021-01-29,85.2,44.84,1.9000892060660124,1.9327878888956807,,,,0,0.0,0.0,0.0
2021-02-01,86.41,44.92,1.9236420302760462,1.929883032690762,,,,0,0.0,0.0,0.0
2021-02-02,87.06,45.63,1.907955292570677,1.9218512440280933,,,,0,0.0,0.0,0.0
2021-02-03,88.96,47.42,1.8760016870518768,1.9080769397626143,,,,0,0.0,0.0,0.0
2021-02-04,89.0,48.33,1.8415063107800538,1.8898389053489333,,,,0,0.0,0.0,0.0
2021-02-05,89.26,49.95,1.786986986986987,1.8672184615331282,,,,0,0.0,0.0,0.0
2021-02-08,91.48,52.1,1.7558541266794625,1.8336608808138117,,,,0,0.0,0.0,0.0
2021-02-09,90.96,50.63,1.7965633023898873,1.8113824827776532,,,,0,0.0,0.0,0.0
2021-02-10,92.52,51.12,1.8098591549295775,1.7981539763531935,,,,0,0.0,0.0,0.0
2021-02-11,92.02,49.84,1.8463081861958264,1.7991143514363483,,,,0,0.0,0.0,0.0
2021-02-12,92.55,50.52,1.8319477434679334,1.8081065027325374,,,,0,0.0,0.0,0.0
2021-02-16,93.13,52.04,1.7895849346656418,1.814852664329773,,,,0,0.0,0.0,0.0
2021-02-17,95.92,52.85,1.8149479659413434,1.8185295970400646,,,,0,0.0,0.0,0.0
2021-02-18,95.0,52.02,1.8262206843521722,1.8218019029245833,,,,0,0.0,0.0,0.0
2021-02-19,95.8,52.37,1.8292915791483675,1.8183985815150918,,,,0,0.0,0.0,0.0
2021-02-22,98.39,54.3,1.8119705340699817,1.8144031396355014,,,,0,0.0,0.0,0.0
2021-02-23,99.63,55.05,1.809809264305177,1.8184480055634082,,,,0,0.0,0.0,0.0
2021-02-24,103.31,56.7,1.8220458553791887,1.8198675834509774,,,,0,0.0,0.0,0.0
2021-02-25,102.35,55.76,1.835545193687231,1.8217324853179893,,,,0,0.0,0.0,0.0
2021-02-26,100.0,54.37,1.8392495861688432,1.8237240867220845,,,,0,0.0,0.0,0.0
2021-03-01,102.05,56.4,1.8093971631205674,1.8232094125322014,,,,0,0.0,0.0,0.0
2021-03-02,102.44,56.07,1.8270019618334226,1.8266479520378507,,,,0,0.0,0.0,0.0
2021-03-03,103.59,56.52,1.8328025477707006,1.828799290516153,,,,0,0.0,0.0,0.0
2021-03-04,104.5,58.71,1.779935275080906,1.817677306794888,,,,0,0.0,0.0,0.0
2021-03-05,109.0,60.93,1.788938125718037,1.8076150147047265,,,,0,0.0,0.0,0.0
2021-03-08,109.75,60.87,1.8030228355511748,1.8063401491908482,,,,0,0.0,0.0,0.0
2021-03-09,109.5,59.93,1.827131653595862,1.806366087543336,,,,0,0.0,0.0,0.0
2021-03-10,111.37,61.77,1.802978792293994,1.800401336447995,,,,0,0.0,0.0,0.0
2021-03-11,111.19,61.31,1.8135703800358831,1.8071283574389903,,,,0,0.0,0.0,0.0
2021-03-12,111.56,61.97,1.8002259157656932,1.8093859154485212,,,,0,0.0,0.0,0.0
2021-03-15,110.25,60.39,1.825633383010432,1.813908024940373,,,,0,0.0,0.0,0.0
2021-03-16,107.64,59.11,1.821011673151751,1.8126840288515507,,,,0,0.0,0.0,0.0
2021-03-17,108.03,59.37,1.8196058615462356,1.8160094427019993,,,,0,0.0,0.0,0.0
2021-03-18,104.12,56.81,1.8327759197324416,1.8198505506413105,,,,0,0.0,0.0,0.0
2021-03-19,103.38,56.49,1.830058417419012,1.8258170509719744,,,,0,0.0,0.0,0.0
2021-03-22,102.54,55.91,1.8340189590413167,1.8274941661781512,,,,0,0.0,0.0,0.0
2021-03-23,101.97,55.22,1.846613545816733,1.8326145407111478,,,,0,0.0,0.0,0.0
2021-03-24,104.7,56.34,1.8583599574014908,1.840365359882199,,,,0,0.0,0.0,0.0
2021-03-25,105.07,56.18,1.8702385190459236,1.8478578797448955,,,,0,0.0,0.0,0.0
2021-03-26,107.48,57.71,1.862415525905389,1.8543293014421707,,,,0,0.0,0.0,0.0
2021-03-29,106.92,57.4,1.8627177700348432,1.860069063640876,,,,0,0.0,0.0,0.0
2021-03-30,105.93,56.69,1.8685835244311169,1.8644630593637526,1.8676641720883846,0.06773029220462938,-0.04726264453371553,0,1.0,0.0,0.0
2021-03-31,104.79,55.83,1.876947877485223,1.868180643380499,1.8649265563918531,0.06380270370744816,0.05100233688476212,0,1.0,0.0,0.0
2021-04-01,105.75,57.39,1.842655514898066,1.8626640425509275,1.8623041483068208,0.061343000331925336,0.0058669162277584066,0,1.0,0.0,0.0
2021-04-05,104.51,56.5,1.8497345132743364,1.8601278400247172,1.8595830307088117,0.058079266686154894,0.00938044412388176,0,1.0,0.0,0.0
2021-04-06,103.58,56.34,1.8384806531771387,1.855280416653176,1.8567798316306845,0.054827520921948335,-0.02734785290845159,0,1.0,0.0,0.0
2021-04-07,104.19,56.59,1.8411380102491606,1.849791313816785,1.8540734721739924,0.051359486869754216,-0.08337619042158391,0,1.0,0.0,0.0
2021-04-08,103.02,56.0,1.8396428571428571,1.8423303097483117,1.852140961296029,0.049627060911606014,-0.19768753916722165,0,1.0,0.0,0.0
2021-04-09,102.92,55.87,1.8421335242527297,1.8422259116192445,1.8503522371040284,0.0479663786518113,-0.16941711492904216,0,1.0,0.0,0.0
2021-04-12,101.78,55.5,1.8338738738738738,1.839053783739152,1.8488191836044323,0.046971894728345454,-0.20789878547069252,0,1.0,0.0,0.0
2021-04-13,102.24,55.71,1.8352180936995153,1.8384012718436273,1.8477722818267943,0.04655459401252491,-0.20129076800983012,0,1.0,0.0,0.0
2021-04-14,104.27,57.32,1.819085833914864,1.833990836576768,1.8460412386675347,0.045633795199226786,-0.2640674973045143,0,1.0,0.0,0.0
2021-04-15,103.42,56.98,1.8150228150228152,1.8290668281527593,1.8440400491663451,0.044274869936504445,-0.33818780348895894,0,1.0,0.0,0.0
2021-04-16,102.96,56.66,1.8171549594069891,1.8240711151836115,1.842230938573246,0.04308316936747893,-0.4215062089499466,0,1.0,0.0,0.0
2021-04-19,103.26,56.48,1.8282577903682722,1.8229478984824912,1.8408270316566722,0.04211641562970293,-0.4245169705650733,0,1.0,0.0,0.0
2021-04-20,101.33,55.29,1.8327003074697052,1.822444341236529,1.8391385699177192,0.04030940712550301,-0.41415217617100764,0,1.0,0.0,0.0
2021-04-21,102.73,56.0,1.8344642857142859,1.8255200315964135,1.8374102028246133,0.03815716163685055,-0.31161047410603987,0,1.0,0.0,0.0
2021-04-22,100.95,55.27,1.8264881490863036,1.8278130984091114,1.8353831013779847,0.03530005280939357,-0.21444735535519646,0,1.0,0.0,0.0
2021-04-23,101.55,55.57,1.827424869533921,1.8298670804344976,1.8334256290638955,0.0322503128413988,-0.110341522790745,0,1.0,0.0,0.0
2021-04-26,101.52,55.68,1.8232758620689655,1.8288706947746363,1.831601952050904,0.029519785238697346,-0.09252293857095106,0,1.0,0.0,0.0
2021-04-27,102.7,56.41,1.8205991845417482,1.826450470189045,1.8302771183588329,0.028145774100546837,-0.1359581781662066,0,1.0,0.0,0.0
2021-04-28,105.22,58.11,1.810703837549475,1.8216983805560827,1.8283948151467233,0.025442662025210325,-0.26319708936137803,0,1.0,0.0,0.0
2021-04-29,106.9,58.94,1.813708856464201,1.8191425220316622,1.8268240412116155,0.02326348050019716,-0.3301964716710467,0,1.0,0.0,0.0
2021-04-30,103.07,57.24,1.8006638714185883,1.8137903224085956,1.8255684109510606,0.02258749435242789,-0.5214428992739948,0,1.0,0.0,0.0
2021-05-03,105.53,58.82,1.7941176470588236,1.8079586794065672,1.8247785998890402,0.022847766264650342,-0.7361735185682695,0,1.0,0.0,0.0
2021-05-04,106.11,59.19,1.792701469842879,1.8023791364667932,1.8248738412699717,0.022698987129192202,-0.9910003770277933,0,1.0,0.0,0.0
2021-05-05,108.96,60.97,1.7871084139740856,1.7976600517517156,1.8253947460582154,0.02141028699906729,-1.2953910570048872,-2,1.0,0.0,0.0
2021-05-06,109.02,61.55,1.7712428919577579,1.7891668588504266,1.82497273921768,0.022222339022289667,-1.6112561477592005,-1,0.99988,0.00275178866263071,-0.00487408610885459
2021-05-07,110.02,62.43,1.7622937690213039,1.7814928383709698,1.8241799827858751,0.02357772356247027,-1.8104862541883537,-1,0.9983425928868388,0.00275178866263071,-0.00487408610885459
2021-05-10,109.57,62.58,1.7508788750399489,1.772845083967195,1.8225894942666108,0.025221140460558036,-1.972329933977742,-1,0.9963731750723268,0.00275178866263071,-0.00487408610885459
2021-05-11,106.7,60.59,1.7610166694173957,1.766508123882098,1.8214073096991015,0.026409433327608752,-2.078771821264755,2,0.9980571856216698,0.0,0.0
2021-05-12,107.37,60.04,1.7883077948034645,1.7667480000479743,1.8213860240347322,0.026436017771479615,-2.0668023625594576,2,0.9980571856216698,0.0,0.0
2021-05-13,106.68,59.3,1.7989881956155145,1.7722970607795254,1.8211200278626347,0.026581785527921887,-1.836707584290188,-1,0.9979371856216698,0.00281214848143982,-0.00505902192242833
2021-05-14,109.47,60.77,1.801382260984038,1.7801147591720725,1.8207060541398328,0.026694177705638776,-1.520604808110868,-1,0.9983463176589171,0.00281214848143982,-0.00505902192242833
2021-05-17,110.81,62.19,1.7817977166747065,1.7862985274990237,1.8199144897652715,0.027135792023094147,-1.2388052737741575,-2,0.9949307854941983,0.00281214848143982,-0.00505902192242833
2021-05-18,106.18,60.43,1.7570743008439518,1.785510053784335,1.818999552544838,0.028308313930912578,-1.1830269666443323,-2,0.9908144166086058,0.00281214848143982,-0.00505902192242833
2021-05-19,103.2,58.98,1.7497456765005088,1.7777976301237437,1.8179984927480932,0.029668161421354852,-1.3550169844840245,-2,0.9897697959214363,0.00281214848143982,-0.00505902192242833
2021-05-20,103.56,58.84,1.760027192386132,1.7700054294778673,1.8169648483648757,0.030590785586186522,-1.5350837837983877,-1,0.9914904324438946,0.00281214848143982,-0.00505902192242833
2021-05-21,104.12,58.92,1.7671418873048201,1.7631573547420238,1.8158247932585023,0.031156001212537292,-1.6904428189354705,-1,0.9926605138397067,0.00281214848143982,-0.00505902192242833
2021-05-24,105.6,59.61,1.7715148465022645,1.7611007807075354,1.8146958809307259,0.03151789165220335,-1.700465907256958,-1,0.993331768465762,0.00281214848143982,-0.00505902192242833
2021-05-25,103.87,58.26,1.7828698935805014,1.7662598992548453,1.8142537597717248,0.03177846007272491,-1.5102638833677176,-1,0.9952964311881494,0.00281214848143982,-0.00505902192242833
2021-05-26,104.12,58.94,1.7665422463522227,1.769619213225188,1.8132460978470384,0.03232129744803532,-1.3497875415425897,-2,0.992559333401258,0.00281214848143982,-0.00505902192242833
2021-05-27,103.01,58.56,1.7590505464480874,1.7694238840375793,1.8120168978249944,0.03296103424998853,-1.2922232192222523,-2,0.9913602769173825,0.00281214848143982,-0.00505902192242833
2021-05-28,103.79,58.37,1.778139455199589,1.771623397616533,1.8119869674936393,0.032991461094120114,-1.2234550558993005,-2,0.994514966898167,0.00281214848143982,-0.00505902192242833
2021-06-01,106.65,60.46,1.7639761826000662,1.7701156648360932,1.8115709351083398,0.03344136157731253,-1.2396406221800167,-2,0.9919843557372096,0.00281214848143982,-0.00505902192242833
2021-06-02,108.08,60.94,1.7735477518871021,1.7682512364974137,1.8110796837139387,0.03378380114407836,-1.2677213861718457,-2,0.9935773975429029,0.00281214848143982,-0.00505902192242833
2021-06-03,107.59,61.18,1.7585812356979407,1.766659034366557,1.8099371767489731,0.034385518715304715,-1.2586153706372176,-2,0.9909852795256145,0.00281214848143982,-0.00505902192242833
2021-06-04,108.45,61.45,1.7648494711147273,1.767818819299885,1.8093016880626522,0.034865290708431806,-1.1898041840429887,-2,0.9920377913005971,0.00281214848143982,-0.00505902192242833
2021-06-07,107.75,61.05,1.764946764946765,1.7651802812493202,1.8084912944778335,0.03532643281788097,-1.2260228325853155,-2,0.9920928961325606,0.00281214848143982,-0.00505902192242833
2021-06-08,108.73,62.13,1.7500402382102045,1.7623930923713478,1.8076548665185754,0.03611086677897967,-1.2534114571177997,-2,0.989385057968149,0.00281214848143982,-0.00505902192242833
2021-06-09,107.78,62.65,1.7203511572226657,1.7517537734384607,1.8059001627554458,0.037743482714108004,-1.434589111108868,-2,0.9840828255111184,0.00281214848143982,-0.00505902192242833
2021-06-10,108.41,62.75,1.7276494023904383,1.74556740677696,1.804344124909424,0.039013080657422136,-1.5065900242174797,-1,0.9853485768621826,0.00281214848143982,-0.00505902192242833
2021-06-11,107.91,62.17,1.735724626025414,1.7397424377590973,1.8029461043174104,0.03994862264186561,-1.5821237974817317,-1,0.9868767353364711,0.00281214848143982,-0.00505902192242833
2021-06-14,107.97,62.07,1.7394876752054131,1.7346506198108274,1.80139130024196,0.04057839535441925,-1.6447343431943788,-1,0.9875513664376004,0.00281214848143982,-0.00505902192242833
2021-06-15,110.3,64.33,1.7145966112233795,1.727561894413462,1.799466936805366,0.04191174908273149,-1.7156297211544969,-1,0.9826702828546673,0.00281214848143982,-0.00505902192242833
2021-06-16,109.67,64.1,1.7109204368174729,1.7256757503324234,1.797415294768302,0.0431852874891819,-1.6612033543564961,-1,0.9820622043535188,0.00281214848143982,-0.00505902192242833
2021-06-17,107.07,61.99,1.7272140667849651,1.725588683211329,1.7954253034511056,0.04362850002539101,-1.6007110076929758,-1,0.985425154558099,0.00281214848143982,-0.00505902192242833
2021-06-18,103.03,60.4,1.705794701986755,1.719602698403597,1.7928825491941935,0.04433850011450063,-1.652736348801993,-1,0.9821079195497432,0.00281214848143982,-0.00505902192242833
2021-06-21,106.05,62.59,1.6943601214251476,1.710577187647544,1.7899512425671806,0.044947317964728416,-1.76593528855101,-1,0.9795213499535733,0.00281214848143982,-0.00505902192242833
2021-06-22,106.4,63.79,1.6679730365261014,1.7012524727080884,1.786710534410859,0.04661288487923683,-1.8333570626270503,-1,0.9744347756151632,0.00281214848143982,-0.00505902192242833
2021-06-23,106.27,64.26,1.6537503890445064,1.6898184631534954,1.7832277447276867,0.048601878341176886,-1.921927397918125,-1,0.9716914560090347,0.00281214848143982,-0.00505902192242833
2021-06-24,107.14,64.52,1.6605703657780535,1.676489722952113,1.779760858750136,0.04981397219048591,-2.073135934695586,2,0.9726971391515088,0.0,0.0
2021-06-25,107.3,64.66,1.6594494277760594,1.6672206681099737,1.7761358845883166,0.05053033578703156,-2.1554421672039554,2,0.9726971391515088,0.0,0.0
2021-06-28,103.99,63.01,1.650372956673544,1.658423235159653,1.7729311752845744,0.05230627184225556,-2.18918183406863,2,0.9726971391515088,0.0,0.0
2021-06-29,103.76,62.62,1.656978601085915,1.6562243480716154,1.7697185767481007,0.053416784282777234,-2.124692270423294,2,0.9726971391515088,0.0,0.0
2021-06-30,104.74,63.08,1.660431198478123,1.6575605099583393,1.7667510858364506,0.054467369410470236,-2.0046970701897284,2,0.9726971391515088,0.0,0.0
2021-07-01,106.21,63.26,1.6789440404679101,1.6612352448963101,1.764047853006763,0.05473715004814287,-1.8782966964854069,-1,0.9725771391515088,0.0028245927878730818,-0.00474233322794815
2021-07-02,106.07,63.17,1.6791198353648882,1.6651693264140761,1.7613724693104635,0.054902360633246196,-1.7522587696917988,-1,0.9726085061517219,0.0028245927878730818,-0.00474233322794815
2021-07-06,103.99,61.37,1.694476128401499,1.6739899607596669,1.7589115127129429,0.05452899663578256,-1.5573650203119542,-1,0.9752695529632526,0.0028245927878730818,-0.00474233322794815
2021-07-07,102.93,60.41,1.7038569773216357,1.6833656360068112,1.756744564437072,0.05408110409042424,-1.35683118280223,-2,0.9768281245069373,0.0028245927878730818,-0.00474233322794815
2021-07-08,102.6,60.14,1.7060192883272363,1.692483253976634,1.754591251014201,0.0534723018238965,-1.161498475268767,-2,0.9771764388584852,0.0028245927878730818,-0.00474233322794815
2021-07-09,104.07,61.23,1.6996570308672219,1.6966258520564963,1.752600770963407,0.05325322196794673,-1.0511085872062769,-2,0.976159447038195,0.0028245927878730818,-0.00474233322794815
2021-07-12,104.28,61.17,1.7047572339382049,1.7017533317711595,1.7507630112786634,0.05296437628480587,-0.9253328925080447,0,0.9769202241054306,0.0,0.0
2021-07-13,103.93,60.88,1.7071287779237845,1.7042838616756164,1.7489292415872766,0.05252966506948153,-0.8499079492056018,0,0.9769202241054306,0.0,0.0
2021-07-14,101.97,59.53,1.7129178565429195,1.7060960375198735,1.747006909356854,0.05168100601084215,-0.7916036276151035,0,0.9769202241054306,0.0,0.0
2021-07-15,101.3,58.95,1.7184054283290924,1.7085732655202446,1.7451019947045103,0.050563204415014905,-0.7224369896425795,0,0.9769202241054306,0.0,0.0
2021-07-16,98.62,57.32,1.720516399162596,1.7127451391793194,1.7432028632619825,0.04927337288315011,-0.6181375923846826,0,0.9769202241054306,0.0,0.0
2021-07-19,95.96,55.35,1.733694670280036,1.7185326264476857,1.741656305281878,0.04805620079311601,-0.481179919605814,0,0.9769202241054306,0.0,0.0
2021-07-20,96.53,55.96,1.7249821300929236,1.7221032968815133,1.7399489262911947,0.0467596415452062,-0.38164598401441147,0,0.9769202241054306,0.0,0.0
2021-07-21,99.82,57.76,1.7281855955678669,1.7251568446865029,1.7383640885161762,0.045481543219860136,-0.29038688871722773,0,0.9769202241054306,0.0,0.0
2021-07-22,98.82,57.11,1.7303449483452984,1.7275447486897442,1.7368598512462357,0.0441898077540068,-0.21079753522229025,0,0.9769202241054306,0.0,0.0
2021-07-23,98.86,57.04,1.7331697054698458,1.7300754099511941,1.7355676157115751,0.043114372520608894,-0.12738688839216447,0,0.9769202241054306,0.0,0.0
2021-07-26,100.95,58.48,1.726231190150479,1.7285827139252827,1.7341096546063464,0.04188881049849298,-0.1319431278971856,0,0.9769202241054306,0.0,0.0
2021-07-27,100.61,57.83,1.7397544527062079,1.7315371784479396,1.7330944976278067,0.04097668655123534,-0.03800500506354539,0,0.9769202241054306,0.0,0.0
2021-07-28,101.18,58.22,1.7378907591892823,1.7334782111722227,1.732157382829981,0.04019290980399254,0.032862222433830156,0,0.9769202241054306,0.0,0.0
2021-07-29,102.57,58.93,1.7405396232818597,1.7355171461595351,1.7312880187206308,0.03941780931011162,0.10728976350848303,0,0.9769202241054306,0.0,0.0
2021-07-30,101.81,57.57,1.7684557929477158,1.742574363655109,1.7309771417035245,0.03904186931158905,0.29704576538147587,0,0.9769202241054306,0.0,0.0
2021-08-02,101.63,57.58,1.765022577283779,1.7503326410817688,1.7308734697922916,0.03894126436920162,0.4997056876475559,0,0.9769202241054306,0.0,0.0
2021-08-03,102.6,58.2,1.762886597938144,1.7549590701281559,1.7308833502742391,0.03894944604428811,0.6181274010043961,0,0.9769202241054306,0.0,0.0
2021-08-04,100.3,56.84,1.7646023926812102,1.7603013968265415,1.7311120755682599,0.039108825866092684,0.7463614826541949,0,0.9769202241054306,0.0,0.0
2021-08-05,101.23,57.2,1.7697552447552447,1.766144521121219,1.7312577184905573,0.039238137029827674,0.8891044598815119,0,0.9769202241054306,0.0,0.0
2021-08-06,101.95,57.86,1.7620117525060492,1.7648557130328855,1.7308194511189336,0.03873373407327594,0.8787240044959902,0,0.9769202241054306,0.0,0.0
2021-08-09,100.25,57.2,1.7526223776223775,1.762375673100605,1.7300466874857148,0.037801978968060826,0.8552193958471138,0,0.9769202241054306,0.0,0.0
2021-08-10,102.08,58.18,1.7545548298384324,1.7607093194806627,1.7292662302999549,0.03677363771349492,0.8550442962886171,0,0.9769202241054306,0.0,0.0
2021-08-11,102.85,58.35,1.7626392459297342,1.7603166901303677,1.7289469224542053,0.036390958336849,0.862020927995122,0,0.9769202241054306,0.0,0.0
2021-08-12,102.64,57.35,1.7897122929380993,1.7643080997669387,1.7294908889891076,0.03705637846951538,0.9395740278957271,0,0.9769202241054306,0.0,0.0
2021-08-13,101.96,56.77,1.796019024132464,1.7711095540922215,1.7302621114496404,0.03795568004985814,1.076187874619145,-2,0.9769202241054306,0.0,0.0
2021-08-16,100.92,55.94,1.8040757954951736,1.7814002376667808,1.730996254834791,0.038954024868395096,1.2939351710709737,-2,0.9769202241054306,0.0,0.0
2021-08-17,100.73,55.56,1.8129949604031677,1.7930882637797279,1.7317604727197635,0.040107860166943246,1.5290716284712311,1,0.9768002241054305,-0.0029782587114067305,0.005399568034557235
2021-08-18,96.7,54.39,1.7779003493289207,1.7961404844595652,1.7318668977668743,0.04022344050222448,1.5979137013189204,1,0.9824851121119678,-0.0029782587114067305,0.005399568034557235
2021-08-19,94.29,52.73,1.788166129338138,1.7958312517395725,1.731955168362835,0.04034289788503657,1.58332907960064,1,0.980699432669093,-0.0029782587114067305,0.005399568034557235
2021-08-20,94.3,52.74,1.788016685627607,1.7942307840386014,1.7323130756840912,0.04074816353793317,1.5195214453497983,1,0.9807236457623245,-0.0029782587114067305,0.005399568034557235
2021-08-23,96.73,54.91,1.7616099071207432,1.7857376063637154,1.7323557316953024,0.04077795596916972,1.3090865738530995,-2,0.9852035397285953,-0.0029782587114067305,0.005399568034557235
2021-08-24,97.84,55.36,1.767341040462428,1.7766068223755673,1.7321757581163495,0.04059588752459322,1.0944720504583436,-2,0.9843274781744846,-0.0029782587114067305,0.005399568034557235
2021-08-25,98.51,55.46,1.7762351244139922,1.7762737773925816,1.7323800738132484,0.04078903870238631,1.0761151764227592,-2,0.9828720016412978,-0.0029782587114067305,0.005399568034557235
2021-08-26,97.22,54.71,1.7770060318040577,1.7740417578857657,1.7324377118118643,0.04085059468851061,1.0184440738534128,-2,0.9826642793530946,-0.0029782587114067305,0.005399568034557235
2021-08-27,98.64,55.77,1.7686928456159225,1.7701769898834285,1.7326062386438308,0.04098092588689342,0.9167862957340766,0,0.9840397122298118,0.0,0.0
2021-08-30,98.39,55.16,1.7837200870195795,1.7745990258631958,1.7329207489089116,0.04130371292036596,1.0090685317961723,-2,0.9840397122298118,0.0,0.0
2021-08-31,96.77,54.52,1.7749449743213497,1.7761198126349804,1.7330873857318212,0.04145500094709311,1.0380515238216808,-2,0.9840397122298118,0.0,0.0
2021-09-01,95.71,53.77,1.7799888413613536,1.7768705560244527,1.7335865291176737,0.04184108511120901,1.034486242212283,-2,0.9840397122298118,0.0,0.0
2021-09-02,97.71,55.08,1.7739651416122004,1.776262377986081,1.734480095524166,0.0421251680912279,0.9918603142764878,0,0.9840397122298118,0.0,0.0
2021-09-03,97.49,54.87,1.7767450337160562,1.7778728156061079,1.7352983560462596,0.04246568924714982,1.0025613692989985,-2,0.9840397122298118,0.0,0.0
2021-09-07,97.06,54.55,1.7792850595783687,1.7769858101178655,1.7360243632721422,0.0428437789370692,0.956065217913884,0,0.9840397122298118,0.0,0.0
2021-09-08,96.39,54.05,1.7833487511563368,1.778666565484863,1.7367553812046574,0.04327588167475295,0.9684651740938754,0,0.9840397122298118,0.0,0.0
2021-09-09,96.0,54.09,1.7748197448696617,1.7776327461865247,1.7377591000987624,0.04345126858282315,0.9176635662951574,0,0.9840397122298118,0.0,0.0
2021-09-10,96.07,53.98,1.779733234531308,1.7787863647703464,1.7389059800606597,0.043638605564602875,0.9138785301158973,0,0.9840397122298118,0.0,0.0
2021-09-13,97.97,55.37,1.769369694780567,1.7773112969832485,1.7396085738605862,0.043786280770173644,0.861062471155227,0,0.9840397122298118,0.0,0.0
2021-09-14,96.2,54.58,1.762550384756321,1.7739643620188388,1.7405545019067457,0.04365627036744839,0.7652935037942377,0,0.9840397122298118,0.0,0.0
2021-09-15,98.24,56.42,1.7412265154200637,1.765539914871584,1.7413356084733276,0.04323296172028135,0.5598576973481271,0,0.9840397122298118,0.0,0.0
2021-09-16,97.32,55.82,1.7434611250447867,1.7592681909066095,1.7425937432819725,0.0421465816683952,0.3956298936846115,0,0.9840397122298118,0.0,0.0
2021-09-17,96.76,55.16,1.7541696881798408,1.754155481636316,1.7442673982675614,0.0405212896713168,0.2440219314084175,0,0.9840397122298118,0.0,0.0
2021-09-20,94.78,53.69,1.7653194263363756,1.7533454279474774,1.7460132159435335,0.03908522672873823,0.1875954834503413,0,0.9840397122298118,0.0,0.0
2021-09-21,94.85,53.64,1.7682699478001491,1.7544893405562434,1.747826891277268,0.03749267715073776,0.17770001465057297,0,0.9840397122298118,0.0,0.0
2021-09-22,97.64,55.21,1.768520195616736,1.7599480765955775,1.7497960119263214,0.0353276784133974,0.287368576855198,0,0.9840397122298118,0.0,0.0
2021-09-23,100.06,57.08,1.7529782761037143,1.761851506807363,1.7513960065099512,0.033160141213553145,0.31530325006995064,0,0.9840397122298118,0.0,0.0
2021-09-24,100.6,57.59,1.7468310470567805,1.7603837785827512,1.752836003986262,0.030944983970599593,0.24390946861243104,0,0.9840397122298118,0.0,0.0
2021-09-27,102.97,59.3,1.736424957841484,1.7546048848837728,1.753794019275822,0.02947339004063769,0.027511786286980724,0,0.9840397122298118,0.0,0.0
2021-09-28,103.36,59.92,1.7249666221628839,1.74594421975632,1.7545581323891217,0.028065273632305335,-0.30692423475559727,0,0.9840397122298118,0.0,0.0
2021-09-29,103.33,59.88,1.7256179024716098,1.7373637611272947,1.7550771619569572,0.027210242856504332,-0.650982827425527,0,0.9840397122298118,0.0,0.0
2021-09-30,101.45,58.82,1.7247534852091126,1.731718802948374,1.755425437088415,0.026671949966427983,-0.8888226833763747,0,0.9840397122298118,0.0,0.0
2021-10-01,104.33,60.93,1.712292795010668,1.7248111525391518,1.7555299955331387,0.026486639841267513,-1.1597863367374128,-2,0.9840397122298118,0.0,0.0
2021-10-04,104.72,61.72,1.696694750486066,1.7168651110680682,1.7554806241934529,0.02659509160213129,-1.4519789479608374,-2,0.9840397122298118,0.0,0.0
2021-10-05,105.86,61.62,1.717948717948718,1.715461530225235,1.7557004822602948,0.026220549696051594,-1.534634189653135,-1,0.9839197122298118,0.0028339316077838654,-0.004868549172346641
2021-10-06,104.93,60.49,1.7346668870887751,1.717271327148668,1.756159450746378,0.025589351232937766,-1.5196994735706544,-1,0.9867856163993245,0.0028339316077838654,-0.004868549172346641
2021-10-07,105.68,60.66,1.7421694691724368,1.7207545239413329,1.7566469776235365,0.02502395532375169,-1.434323759687023,-2,0.9880834117458634,0.0028339316077838654,-0.004868549172346641
2021-10-08,108.05,62.18,1.7376970086844645,1.7258353666760922,1.7569685039627927,0.024645343542658675,-1.2632462287576605,-2,0.9873996349143442,0.0028339316077838654,-0.004868549172346641
2021-10-11,107.13,61.56,1.7402534113060428,1.7345470988400877,1.7572974541651833,0.024279561895994565,-0.9370167148217273,0,0.9876902569259998,0.0,0.0
2021-10-12,107.15,61.24,1.7496734160679295,1.7408920384639295,1.7575637665949817,0.024103276954575047,-0.6916789016892476,0,0.9876902569259998,0.0,0.0
2021-10-13,107.79,61.07,1.765023743245456,1.746963409695266,1.7582311268141906,0.023737432240058382,-0.4746813810766623,0,0.9876902569259998,0.0,0.0
2021-10-14,108.81,62.0,1.7550000000000001,1.7495295158607784,1.7586780335547263,0.023412367572724684,-0.3907557689554581,0,0.9876902569259998,0.0,0.0
2021-10-15,109.61,62.59,1.7512382169675667,1.752237757517399,1.7590262546984305,0.02313758042289583,-0.2933970215102485,0,0.9876902569259998,0.0,0.0
2021-10-18,109.56,62.56,1.7512787723785166,1.7544428297318937,1.7593280724802416,0.02291158642111997,-0.21322149669412083,0,0.9876902569259998,0.0,0.0
2021-10-19,111.7,63.5,1.7590551181102363,1.756319170140355,1.7598751379462378,0.02249603384791561,-0.15807087728987498,0,0.9876902569259998,0.0,0.0
2021-10-20,113.16,63.85,1.7722787783868441,1.757770177168633,1.7604172100409152,0.02239461140792623,-0.11819954470589379,0,0.9876902569259998,0.0,0.0
2021-10-21,111.74,62.69,1.782421438825969,1.7632544649338264,1.7611593880348597,0.022373294459220948,0.09364185961907998,0,0.9876902569259998,0.0,0.0
2021-10-22,112.8,63.12,1.7870722433460076,1.7704212702095148,1.7619349317025954,0.022452778049269196,0.3779638532166221,0,0.9876902569259998,0.0,0.0
2021-10-25,113.85,64.35,1.7692307692307694,1.7740116695799653,1.7619478479739796,0.02245681538982582,0.5372009074559702,0,0.9876902569259998,0.0,0.0
2021-10-26,114.1,65.84,1.7329890643985417,1.7687984588376264,1.7614139560925592,0.022761199382731905,0.3244338147957855,0,0.9876902569259998,0.0,0.0
2021-10-27,112.07,64.13,1.7475440511461096,1.7638515133894797,1.7611582469793587,0.022830451714304353,0.11796816128843614,0,0.9876902569259998,0.0,0.0
2021-10-28,113.12,64.31,1.7589799409112112,1.7591632138065278,1.7610645394498587,0.022827614118749593,-0.08329059854613685,0,0.9876902569259998,0.0,0.0
2021-10-29,114.49,64.47,1.7758647432914534,1.7569217137956172,1.7611663644254623,0.022880601505674104,-0.18551307004723655,0,0.9876902569259998,0.0,0.0
2021-11-01,114.53,65.63,1.7450860886789579,1.7520927776852546,1.760884270028344,0.02297414889981065,-0.3826689024010748,0,0.9876902569259998,0.0,0.0
2021-11-02,113.83,64.82,1.756093798210429,1.756713724447632,1.760942127038145,0.022957354883165682,-0.18418509501778255,0,0.9876902569259998,0.0,0.0
2021-11-03,113.01,63.93,1.7677146879399344,1.760747851806397,1.7611614580065031,0.022958160951378714,-0.018015650338110846,0,0.9876902569259998,0.0,0.0
2021-11-04,113.51,64.41,1.7623039900636548,1.7614126616368861,1.7611558704087351,0.022957835983981316,0.011185341176328923,0,0.9876902569259998,0.0,0.0
2021-11-05,114.74,65.02,1.7646877883728085,1.7591772706531568,1.760738795332647,0.022655578813332293,-0.06892451048618987,0,0.9876902569259998,0.0,0.0
2021-11-08,115.15,65.72,1.752130249543518,1.760586102826069,1.7600073157561646,0.02220114083373735,0.026070149918818217,0,0.9876902569259998,0.0,0.0
2021-11-09,116.0,66.36,1.7480409885473176,1.7589755408934464,1.7590734023070338,0.021482897819783634,-0.004555317183384949,0,0.9876902569259998,0.0,0.0
2021-11-10,114.15,64.19,1.7783143791867895,1.7610954791428177,1.758495392620094,0.020449198764818974,0.1271485769504587,0,0.9876902569259998,0.0,0.0
2021-11-11,114.16,64.31,1.7751516093920074,1.7636650030084884,1.7584495802878122,0.020408026571215796,0.2555574250394317,0,0.9876902569259998,0.0,0.0
2021-11-12,114.23,63.82,1.7898777812597932,1.7687030015858851,1.7584781078198397,0.020451420348928464,0.49996008060052083,0,0.9876902569259998,0.0,0.0
2021-11-15,116.82,64.37,1.8148205685878513,1.7812410653947517,1.7589248392025103,0.02137928120821612,1.0438249057533886,-2,0.9876902569259998,0.0,0.0
2021-11-16,117.28,65.02,1.803752691479545,1.7923834059811974,1.7596272189418236,0.022147453748882034,1.4790046481540684,-2,0.9876902569259998,0.0,0.0
2021-11-17,115.42,64.31,1.7947442077437412,1.7956693716925876,1.7600839383965123,0.022587403511623836,1.5754548006264815,1,0.9875702569259998,-0.0025992029111072605,0.004664904369460426
2021-11-18,114.45,63.61,1.7992454016664048,1.800488130147467,1.7604674430173861,0.023056743524173737,1.7357475954104826,1,0.9868260506911516,-0.0025992029111072605,0.004664904369460426
2021-11-19,111.91,60.67,1.8445689797263884,1.811426369840786,1.7615934921494245,0.02540807834078858,1.9613005368990384,1,0.9797132072391505,-0.0025992029111072605,0.004664904369460426
2021-11-22,113.91,61.51,1.8518940009754512,1.8188410563183062,1.7629801780720837,0.02794578997340993,1.9989013836922613,1,0.9784333210872826,-0.0025992029111072605,0.004664904369460426
2021-11-23,116.3,63.13,1.8422303183906223,1.8265365817005215,1.7639553485949342,0.029650634349254402,2.11062037892491,2,0.979659014665981,0.0,0.0
2021-11-24,117.19,63.48,1.8460932577189666,1.8368063916955666,1.765141153318228,0.03146478881970032,2.2776329054040407,2,0.979659014665981,0.0,0.0
2021-11-26,114.51,61.25,1.8695510204081633,1.8508675154439185,1.7666338563023414,0.034187722041845094,2.4638570255858747,2,0.979659014665981,0.0,0.0
2021-11-29,114.85,61.59,1.8647507712290954,1.8549038737444596,1.7681469501292897,0.0364517405691968,2.3800488607801373,2,0.979659014665981,0.0,0.0
2021-11-30,112.87,59.84,1.8861965240641712,1.861764378362204,1.7699711416350916,0.03950051457008093,2.323849137819581,2,0.979659014665981,0.0,0.0
2021-12-01,112.1,59.79,1.8748954674694764,1.8682974081779746,1.7715646484332768,0.04174725357376133,2.3171047545387657,2,0.979659014665981,0.0,0.0
2021-12-02,115.14,61.28,1.8789164490861618,1.8748620464514136,1.7731574433987738,0.0439684944898369,2.313124527749031,2,0.979659014665981,0.0,0.0
2021-12-03,114.41,60.89,1.8789620627360815,1.8767442549169975,1.7748931486965476,0.04604190718350145,2.212139167357233,2,0.979659014665981,0.0,0.0
2021-12-06,116.2,61.58,1.8869762910035728,1.8811893588718926,1.7766805329710853,0.04826113564560275,2.165486255198173,2,0.979659014665981,0.0,0.0
2021-12-07,117.92,62.27,1.8936887746908624,1.8826878089972308,1.7787525176362569,0.05055605860900243,2.0558424493650365,2,0.979659014665981,0.0,0.0
2021-12-08,118.45,62.45,1.8967173738991192,1.8870521902831594,1.7809886341219703,0.052746945264516246,2.0107999738999074,2,0.979659014665981,0.0,0.0
2021-12-09,118.14,62.61,1.8869190225203643,1.88865270497,1.7834168425736416,0.054218425658926296,1.940961234440283,1,0.979539014665981,-0.0025393600812595226,0.004791566842357451
2021-12-10,118.34,63.01,1.8781145849865102,1.888483209420086,1.7856610669060038,0.05531230801496953,1.858937842301841,1,0.980947769386672,-0.0025393600812595226,0.004791566842357451
2021-12-13,115.88,61.63,1.8802531234788251,1.8871385759151362,1.7877624574943203,0.05647837944615233,1.7595426673947545,1,0.9805822329441173,-0.0025393600812595226,0.004791566842357451
2021-12-14,116.22,61.54,1.8885277868053298,1.8861063783380296,1.7898159301688028,0.05787121738402845,1.6638745912368085,1,0.9792876095006768,-0.0025393600812595226,0.004791566842357451
2021-12-15,115.56,61.27,1.8860780153419292,1.8839785066265917,1.7917793979611656,0.05911299688293172,1.559709599024706,1,0.9796698641068716,-0.0025393600812595226,0.004791566842357451
2021-12-16,116.64,61.37,1.9006029004399545,1.8867152822105098,1.7939807763748863,0.0606709991049582,1.5284816008254094,1,0.977406511903347,-0.0025393600812595226,0.004791566842357451
2021-12-17,113.6,60.03,1.8923871397634515,1.889569793165898,1.7963042574358816,0.06173424883631549,1.5107584118712456,1,0.978705466981617,-0.0025393600812595226,0.004791566842357451
2021-12-20,113.65,59.16,1.9210615280594998,1.897731474082033,1.799208098785927,0.06344178856412976,1.552972851585266,1,0.974409835824703,-0.0025393600812595226,0.004791566842357451
2021-12-21,115.47,60.5,1.908595041322314,1.90174492498543,1.802077600177274,0.06443976424659416,1.5466742619782878,1,0.9762089000455697,-0.0025393600812595226,0.004791566842357451
2021-12-22,116.13,60.99,1.9040826364977863,1.905345849216601,1.805062867082856,0.0649537938960316,1.5439126203199665,1,0.9768807901446936,-0.0025393600812595226,0.004791566842357451
2021-12-23,116.41,61.02,1.9077351687971156,1.9067723028880335,1.8080981548549475,0.06543181804832769,1.5080453359893744,1,0.9763135163272118,-0.0025393600812595226,0.004791566842357451
2021-12-27,118.79,61.89,1.9193730812732268,1.9121694911899882,1.8113418147893496,0.06605115396652625,1.5265089305137136,1,0.974438502486665,-0.0025393600812595226,0.004791566842357451
2021-12-28,118.56,61.69,1.9218674015237478,1.9123306658828383,1.8148347248979009,0.06626547957571309,1.4712930715839951,-2,0.9740642419368831,-0.0025393600812595226,0.004791566842357451
2021-12-29,117.95,61.15,1.9288634505314801,1.9163843477246711,1.8187042032319911,0.06602809342787166,1.4793724825537284,-2,0.9730258054915784,-0.0025393600812595226,0.004791566842357451
2021-12-30,117.43,60.79,1.9317321927948676,1.9219142589840879,1.8222672611460937,0.06626663831868027,1.5037279748338177,1,0.9726213086705846,-0.0025393600812595226,0.004791566842357451
2021-12-31,117.35,61.19,1.9177970256577872,1.9239266303562217,1.8253194301222442,0.06638076351619755,1.4854785484640651,-2,0.9747410842140283,-0.0025393600812595226,0.004791566842357451
2022-01-03,119.26,63.54,1.8769279194208375,1.915437597985744,1.8275654042930507,0.06579691357165314,1.3355063166754801,-2,0.9811510885383626,-0.0025393600812595226,0.004791566842357451
2022-01-04,121.43,65.93,1.841801911117852,1.8994244999045649,1.8293004860002737,0.06475122083571899,1.082975934649997,-2,0.9870925219152639,-0.0025393600812595226,0.004791566842357451
2022-01-05,122.22,66.75,1.831011235955056,1.87985405698928,1.8308131164110906,0.0636871029026021,0.770029383393193,0,0.9888894727266302,0.0,0.0
2022-01-06,123.26,68.32,1.8041569086651057,1.8543390001633278,1.8317211746210436,0.06289407368114257,0.3596177544000567,0,0.9888894727266302,0.0,0.0
2022-01-07,125.03,68.88,1.815185830429733,1.833816761117717,1.832557209407448,0.062323260444549486,0.020209977804187224,0,0.9888894727266302,0.0,0.0
2022-01-10,125.11,68.47,1.827223601577333,1.8238758975490161,1.8337609361004037,0.06149183877477113,-0.16075366663849372,0,0.9888894727266302,0.0,0.0
2022-01-11,127.97,71.35,1.7935529081990191,1.8142260969652493,1.8344661809542613,0.060767739550511915,-0.3330728465255459,0,0.9888894727266302,0.0,0.0
2022-01-12,127.33,71.14,1.7898509980320494,1.805994049380648,1.8351090513818202,0.06007282934327791,-0.4846617400821705,0,0.9888894727266302,0.0,0.0
2022-01-13,126.8,70.63,1.7952711312473455,1.804216893897096,1.835712651600772,0.05947466969924056,-0.5295659120588314,0,0.9888894727266302,0.0,0.0
2022-01-14,128.96,71.87,1.7943509113677474,1.8000499100846987,1.836080520483787,0.05914299841757709,-0.609211764082289,0,0.9888894727266302,0.0,0.0
2022-01-18,129.38,73.08,1.7703886152162014,1.7886829128124724,1.835879973423624,0.059348079470503495,-0.7952584318184875,0,0.9888894727266302,0.0,0.0
2022-01-19,128.91,73.11,1.7632334837915469,1.7826190279309782,1.8354826607643833,0.05975874153103037,-0.8846175719071177,0,0.9888894727266302,0.0,0.0
2022-01-20,128.45,73.27,1.7531049542786952,1.7752698191803074,1.8352138971818486,0.06009706323167431,-0.9974543642915906,0,0.9888894727266302,0.0,0.0
2022-01-21,126.91,72.17,1.7584869059165857,1.7679129741141555,1.8356388612071493,0.05944860230155755,-1.1392343044408186,-2,0.9888894727266302,0.0,0.0
2022-01-24,127.18,72.79,1.7472180244539084,1.7584863967313875,1.8356334274289459,0.05945680523862059,-1.297530709696574,-2,0.9888894727266302,0.0,0.0
2022-01-25,132.59,74.93,1.7695182170025356,1.7583123170886545,1.8358090653638013,0.05924170581940274,-1.3081451184304882,-2,0.9888894727266302,0.0,0.0
2022-01-26,132.69,74.17,1.7889982472697856,1.763465269784302,1.8360279570967737,0.059040385333826835,-1.2290347852946222,-2,0.9888894727266302,0.0,0.0
2022-01-27,135.37,75.12,1.8020500532481363,1.7732542895781904,1.83697735650626,0.05800208235390164,-1.0986341238450903,-2,0.9888894727266302,0.0,0.0
2022-01-28,130.61,75.28,1.734989373007439,1.768554782996361,1.83662561608621,0.05856218299946595,-1.1623684364783622,-2,0.9888894727266302,0.0,0.0
2022-01-31,131.33,75.96,1.7289362822538181,1.764898434556343,1.8359793093247745,0.059541388715437085,-1.193806128845003,-2,0.9888894727266302,0.0,0.0
2022-02-01,134.79,80.83,1.6675739205740443,1.7445095752706448,1.8344004748332814,0.06270028254343508,-1.4336601992242295,-2,0.9888894727266302,0.0,0.0
2022-02-02,135.41,80.62,1.6796080377077647,1.7226315333582405,1.8329824789888638,0.06521521056268725,-1.6921044136559205,-1,0.9887694727266302,0.0022154936858429955,-0.0037211610022326964
2022-02-03,134.2,79.68,1.6842369477911643,1.699068912266846,1.8318509239596579,0.06720065106037497,-1.9759036497059628,-1,0.989586616708859,0.0022154936858429955,-0.0037211610022326964
2022-02-04,135.88,81.41,1.669082422306842,1.6858875221267264,1.8305349478556499,0.0695999823377463,-2.0782681384457264,2,0.9867502413673678,0.0,0.0
2022-02-07,138.55,82.39,1.6816361208884574,1.6764274898536544,1.828923643550678,0.07191018288253459,-2.120647557608444,2,0.9867502413673678,0.0,0.0
2022-02-08,136.44,80.26,1.6999750809867928,1.682907721936204,1.8276707014105908,0.07350031684690397,-1.9695558561457354,-1,0.9866302413673678,0.002198768689533861,-0.0037378519810615496
2022-02-09,137.79,79.0,1.7441772151898733,1.695821557432626,1.8269090253094256,0.07413267382953996,-1.7682819343360108,-1,0.994308272594376,0.002198768689533861,-0.0037378519810615496
2022-02-10,136.04,78.24,1.7387525562372188,1.706724679121837,1.8256412251035818,0.07498842166329253,-1.5857987585829614,-1,0.9933011948932986,0.002198768689533861,-0.0037378519810615496
2022-02-11,138.81,80.21,1.7305822216681213,1.7190246389940929,1.8244217172733914,0.07593936183724267,-1.3879110349279897,-2,0.9920282157606162,0.002198768689533861,-0.0037378519810615496
2022-02-14,136.67,78.98,1.7304380855912886,1.728785031934659,1.8233499485708504,0.07681406794946787,-1.2310885123074202,-2,0.9919204087017194,0.002198768689533861,-0.0037378519810615496
2022-02-15,134.26,77.99,1.7215027567636876,1.7330905670900378,1.8220542378224716,0.07787590632589676,-1.142377340176776,-2,0.9903218496211939,0.002198768689533861,-0.0037378519810615496
2022-02-16,134.3,78.35,1.714103382259094,1.7270758005038822,1.819879811198017,0.07904917329554831,-1.1740035578507575,-2,0.9890641736555931,0.002198768689533861,-0.0037378519810615496
2022-02-17,133.61,78.23,1.707912565511952,1.7209078023588287,1.8174801206069586,0.08023733660974619,-1.2035832983568848,-2,0.9879955654975421,0.002198768689533861,-0.0037378519810615496
2022-02-18,133.42,77.36,1.7246639089968974,1.719724139824584,1.8155206804503965,0.08105404071850235,-1.1818848237129886,-2,0.9908297306700541,0.002198768689533861,-0.0037378519810615496
2022-02-22,132.4,76.46,1.7316243787601362,1.7199613984583535,1.8136128658010828,0.08166708100194264,-1.1467468433272596,-2,0.991951053389685,0.002198768689533861,-0.0037378519810615496
2022-02-23,135.55,76.77,1.7656636707047026,1.7287935812465567,1.8118814099726916,0.08156222402181493,-1.0187047952972934,-2,0.9977184406475876,0.002198768689533861,-0.0037378519810615496
2022-02-24,134.85,75.8,1.779023746701847,1.741777654135107,1.810452626230571,0.0813710228430321,-0.8439733174786376,0,0.999689052358954,0.0,0.0
2022-02-25,140.38,77.84,1.80344295991778,1.7608837330162725,1.8090734001614643,0.08076448494134056,-0.5966690331795227,0,0.999689052358954,0.0,0.0
2022-02-28,144.0,78.42,1.836266258607498,1.7832042029383928,1.8084295800137646,0.08038395745857019,-0.3138110870987287,0,0.999689052358954,0.0,0.0
2022-03-01,149.72,79.17,1.8911203738789946,1.8151034019621644,1.8086329787603117,0.08058053585907439,0.080297594609803,0,0.999689052358954,0.0,0.0
2022-03-02,154.14,80.53,1.9140692909474728,1.8447845260107187,1.8092180992305018,0.08122476001369708,0.4378766619220457,0,0.999689052358954,0.0,0.0
2022-03-03,156.22,81.04,1.9276900296150048,1.87451778259335,1.8098966615406922,0.08205123159925935,0.7875703970937229,0,0.999689052358954,0.0,0.0
2022-03-04,158.65,84.09,1.8866690450707575,1.8911629996239454,1.8097796660470238,0.08193465060130799,0.9932712592250005,0,0.999689052358954,0.0,0.0
2022-03-07,162.04,87.12,1.8599632690541779,1.8959024017132815,1.8091670976329415,0.08140936998301294,1.065421635107094,-2,0.999689052358954,0.0,0.0
2022-03-08,170.53,87.78,1.942697653223969,1.9062178575822764,1.8100967414780016,0.08262174775597482,1.163387591220784,-2,0.999689052358954,0.0,0.0
2022-03-09,166.27,82.79,2.008334339896123,1.9250708673720063,1.8122670707264952,0.08607682197337094,1.3105014109420596,-2,0.999689052358954,0.0,0.0
2022-03-10,170.82,85.36,2.0011715089034676,1.939767163229699,1.8142823771502392,0.08905940060929324,1.4090010175339729,-2,0.999689052358954,0.0,0.0
2022-03-11,170.9,84.92,2.012482336316533,1.964929821478854,1.8163482863087592,0.09219340370314574,1.6116286979545045,1,0.999569052358954,-0.0017554125219426564,0.0035327366933584547
2022-03-14,166.72,81.88,2.036150464093796,2.0001672604867777,1.8188494937879571,0.09607140683046225,1.8873229057506473,1,0.9961671571528645,-0.0017554125219426564,0.0035327366933584547
2022-03-15,158.28,77.22,2.0497280497280497,2.0215733397875937,1.8213349129427585,0.10006809943978402,2.0010215839597176,2,0.9944101569227234,0.0,0.0
2022-03-16,157.71,76.93,2.050045495905368,2.0299155709894428,1.8239625522117904,0.1039597126611846,1.981084917470621,1,0.9942901569227234,-0.001902225603956629,0.0038996490315871568
2022-03-17,160.44,78.98,2.0314003545201316,2.0359613401127756,1.8258015326528012,0.10664760673463235,1.9706003153254812,1,0.9970913615386755,-0.001902225603956629,0.0038996490315871568
2022-03-18,161.73,78.67,2.0558027202237192,2.0446254168942133,1.8282549939678245,0.11021809059515211,1.9631116975265919,1,0.9934285993097794,-0.001902225603956629,0.0038996490315871568
2022-03-21,164.64,82.2,2.002919708029197,2.037979265681293,1.8299022784933479,0.11209323754985129,1.8562849261571814,1,1.0016588838837683,-0.001902225603956629,0.0038996490315871568
2022-03-22,164.09,81.84,2.0050097751710654,2.0290356107698964,1.831523521932914,0.11392650850902163,1.7336798206305228,1,1.001301234314573,-0.001902225603956629,0.0038996490315871568
2022-03-23,165.86,83.13,1.9951882593528212,2.0180641634593868,1.8327871082342404,0.11532919083791028,1.6065061575394604,1,1.0029648422463173,-0.001902225603956629,0.0038996490315871568
2022-03-24,166.3,83.38,1.994483089469897,2.01068071044934,1.8339973697000096,0.11665325418656362,1.5146027599603924,1,1.0031027752384731,-0.001902225603956629,0.0038996490315871568
2022-03-25,169.31,85.2,1.987206572769953,1.9969614809585867,1.8349697550706507,0.11769593657149552,1.3763578472357247,-2,1.0044744374080523,-0.001902225603956629,0.0038996490315871568
2022-03-28,166.35,82.81,2.008815360463712,1.9981406114454898,1.8362544745317981,0.11918138651136877,1.3583172813503834,-2,1.0007848640102706,-0.001902225603956629,0.0038996490315871568
2022-03-29,164.32,82.37,1.9949010562097849,1.9961188676532338,1.8375395417076645,0.12048408270500696,1.316184863471423,-2,1.0029305364124041,-0.001902225603956629,0.0038996490315871568
2022-03-30,165.48,83.78,1.9751730723322987,1.9921158302491293,1.8391769609228557,0.12169001413586959,1.2567906283215156,-2,1.0062224598463525,-0.001902225603956629,0.0038996490315871568
2022-03-31,162.83,82.59,1.9715461920329338,1.9875284507617366,1.841339365604774,0.12288435215188667,1.189647685787291,-2,1.0066227753492487,-0.001902225603956629,0.0038996490315871568
2022-04-01,164.22,83.12,1.9756977863330123,1.9852266934743483,1.843750808111073,0.12409194840543686,1.140089161152029,-2,1.0060454957464902,-0.001902225603956629,0.0038996490315871568
2022-04-04,164.37,83.16,1.9765512265512266,1.9787738666918515,1.8466240467425086,0.12515094832518883,1.0559234405956592,-2,1.00591614786716,-0.001902225603956629,0.0038996490315871568
2022-04-05,163.36,82.73,1.9746162214432492,1.974716899738544,1.849281219926067,0.1261605671367019,0.9942542480532803,0,1.0060338735357648,0.0,0.0
2022-04-06,164.81,83.65,1.9702331141661684,1.973728908105318,1.8516647118025478,0.12708430362855544,0.9604978177284734,0,1.0060338735357648,0.0,0.0
2022-04-07,167.1,85.05,1.964726631393298,1.9723649959773908,1.854517607189119,0.12767759108924698,0.9230076145930431,0,1.0060338735357648,0.0,0.0
2022-04-08,169.93,86.84,1.9568171349608476,1.968588865702958,1.857300376137932,0.12806323011726067,0.8690120455584711,0,1.0060338735357648,0.0,0.0
2022-04-11,165.56,83.85,1.9744782349433514,1.968174267381383,1.8602871611995324,0.12868033141215598,0.8384117836648559,0,1.0060338735357648,0.0,0.0
2022-04-12,169.01,85.6,1.9744158878504674,1.9681342006628266,1.863288244140911,0.1292151287991332,0.8114061990751881,0,1.0060338735357648,0.0,0.0
2022-04-13,171.67,86.81,1.9775371500979149,1.969595007849176,1.866740719722273,0.1294580435484171,0.7944990153387854,0,1.0060338735357648,0.0,0.0
2022-04-14,171.59,87.83,1.9536604804736424,1.967381777665245,1.869914503000308,0.12921147035619282,0.7543237020386216,0,1.0060338735357648,0.0,0.0
2022-04-18,173.89,88.55,1.9637492941840766,1.9687682095098906,1.873425241998731,0.12884504030693195,0.7399816654489428,0,1.0060338735357648,0.0,0.0
2022-04-19,171.83,87.76,1.9579535095715588,1.965463264435532,1.8767496853929804,0.12840169436118967,0.6909066074549094,0,1.0060338735357648,0.0,0.0
2022-04-20,172.53,87.96,1.9614597544338337,1.9628720377522053,1.8803203808926456,0.12771559136631658,0.6463710184200083,0,1.0060338735357648,0.0,0.0
2022-04-21,164.58,87.03,1.8910720441227165,1.9455790165571656,1.8823462780113156,0.12688960152907144,0.49832876598137044,0,1.0060338735357648,0.0,0.0
2022-04-22,160.95,85.13,1.8906378479971808,1.9329744900618735,1.884040271356772,0.1262993488769954,0.387446326051602,0,1.0060338735357648,0.0,0.0
2022-04-25,157.49,82.26,1.914539265742767,1.9231324843736115,1.885915091565016,0.12589590143048626,0.2956203687786068,0,1.0060338735357648,0.0,0.0
2022-04-26,156.53,82.29,1.9021752339287883,1.9119768292450572,1.8887015225803718,0.12433939812656142,0.1871917269616675,0,1.0060338735357648,0.0,0.0
2022-04-27,156.24,84.64,1.84593572778828,1.8888720239159464,1.8906515133392796,0.12269796891748325,-0.01450300635807517,0,1.0060338735357648,0.0,0.0
2022-04-28,161.79,87.2,1.8553899082568805,1.8817355967427793,1.89378177980066,0.11925791430397821,-0.1010095063978391,0,1.0060338735357648,0.0,0.0
2022-04-29,156.67,85.25,1.8377712609970673,1.8711622793427565,1.8964178335221482,0.11615115932830036,-0.21743695306567803,0,1.0060338735357648,0.0,0.0
2022-05-02,159.75,86.41,1.8487443582918643,1.858003297852576,1.89915962369716,0.1129553237132173,-0.364359328021368,0,1.0060338735357648,0.0,0.0
2022-05-03,162.49,88.19,1.8424991495634426,1.846068080979507,1.9020499024847701,0.10912200233291634,-0.5130204753251347,0,1.0060338735357648,0.0,0.0
2022-05-04,167.59,91.7,1.8275899672846239,1.8423989288787759,1.9044824665913727,0.10569832968069255,-0.5873653623491205,0,1.0060338735357648,0.0,0.0
2022-05-05,166.26,90.31,1.8409921381906764,1.8395193748655347,1.9068327508781044,0.10259616388572403,-0.6561003205494721,0,1.0060338735357648,0.0,0.0
2022-05-06,170.69,91.69,1.8615988657432654,1.8442848958147746,1.9087897783873276,0.10054022565190052,-0.6415828306959205,0,1.0060338735357648,0.0,0.0
2022-05-09,159.25,84.46,1.8855079327492306,1.8516376107062478,1.9112357013291943,0.09808871084782517,-0.6075937802404907,0,1.0060338735357648,0.0,0.0
2022-05-10,160.78,85.02,1.8910844507174784,1.861354670937055,1.913910738480017,0.09522527797090866,-0.551912986371306,0,1.0060338735357648,0.0,0.0
2022-05-11,163.16,86.79,1.879940085263279,1.8718246945327859,1.9164024384745502,0.09225265942643615,-0.48321364629397306,0,1.0060338735357648,0.0,0.0
2022-05-12,164.71,86.3,1.908574739281576,1.8853412147509658,1.9195203048498484,0.08864466856198233,-0.3855741202865884,0,1.0060338735357648,0.0,0.0
2022-05-13,167.87,88.86,1.8891514742291244,1.8908517364481376,1.922437773049349,0.08455568971707311,-0.37355305960958385,0,1.0060338735357648,0.0,0.0
2022-05-16,173.01,90.95,1.902253985706432,1.8942009470395778,1.9256767967192567,0.07978647981243589,-0.39450104521058227,0,1.0060338735357648,0.0,0.0
2022-05-17,174.03,92.11,1.8893714037563782,1.8938583376473581,1.928421921631915,0.0754699196078489,-0.45797828014331426,0,1.0060338735357648,0.0,0.0
2022-05-18,168.06,90.65,1.8539437396580254,1.8886590685263074,1.9304605776468795,0.0716175313235879,-0.583677045941465,0,1.0060338735357648,0.0,0.0
2022-05-19,166.86,91.14,1.8308097432521397,1.87310606932042,1.9315463455226702,0.06954046639568982,-0.8403779731605655,0,1.0060338735357648,0.0,0.0
2022-05-20,167.82,91.86,1.8269105160026127,1.8606578776751177,1.9323444583443496,0.06801844293128587,-1.0539285755431322,-2,1.0060338735357648,0.0,0.0
2022-05-23,171.72,93.89,1.8289487698370432,1.8459968345012399,1.9327695551763375,0.06727482665866978,-1.2898245151244128,-2,1.0060338735357648,0.0,0.0
2022-05-24,172.64,94.4,1.8288135593220336,1.8338852656143712,1.9326453435215796,0.0674626416303034,-1.4639224839195535,-2,1.0060338735357648,0.0,0.0
2022-05-25,175.41,96.3,1.8214953271028038,1.8273955831033266,1.93148492607531,0.06877505483127969,-1.5134752451646514,-1,1.005913873535765,0.0017102787754403968,-0.003115264797507788
2022-05-26,176.59,96.64,1.8272971854304636,1.8266930715389915,1.930038724316693,0.07004801898236356,-1.4753543965850267,-2,1.0068728124596318,0.0017102787754403968,-0.003115264797507788
2022-05-27,178.28,97.59,1.8268265191105646,1.8266762721605816,1.9283576658082855,0.0713043676975443,-1.4260191476490125,-2,1.0068036820324935,0.0017102787754403968,-0.003115264797507788
2022-05-31,174.66,96.0,1.819375,1.8247615181931731,1.92723609839044,0.0724905913066603,-1.4136259388996275,-2,1.0055657438934367,0.0017102787754403968,-0.003115264797507788
2022-06-01,176.32,97.84,1.802125919869174,1.8194239903026008,1.9262721425706895,0.07377352361464763,-1.4483265409173716,-2,1.0026727194332534,0.0017102787754403968,-0.003115264797507788
2022-06-02,176.0,97.67,1.8019862803317293,1.8155221809483861,1.9239269530224858,0.07545979036074618,-1.4365898918596962,-2,1.002655025240689,0.0017102787754403968,-0.003115264797507788
2022-06-03,177.6,99.09,1.7923100211928549,1.8085247481008646,1.9203265477107647,0.07651046814351702,-1.4612614760137688,-2,1.0009677952689326,0.0017102787754403968,-0.003115264797507788
2022-06-06,176.83,98.84,1.789053014973695,1.8009700472734906,1.9167912394786017,0.07760440542995849,-1.4924564084141463,-2,1.0004296968112205,0.0017102787754403968,-0.003115264797507788
2022-06-07,180.2,103.37,1.7432523943116958,1.7857455261358297,1.912304073778521,0.07973207743912122,-1.5872977565312294,-1,0.9920811867517443,0.0017102787754403968,-0.003115264797507788
2022-06-08,181.13,104.59,1.7318099244669662,1.771682327055388,1.9072317314514071,0.08138332985649117,-1.6655671945967636,-1,0.9898711229599444,0.0017102787754403968,-0.003115264797507788
2022-06-09,177.52,102.33,1.7347796345157824,1.7582409978921991,1.9019825911978694,0.08218961674537173,-1.7489020997748437,-1,0.9907375150229722,0.0017102787754403968,-0.003115264797507788
2022-06-10,175.4,100.46,1.745968544694406,1.7489727025925093,1.89691464201102,0.08227996495663588,-1.7980311427755309,-1,0.9929372691903782,0.0017102787754403968,-0.003115264797507788
2022-06-13,167.33,95.85,1.7457485654668756,1.7403118126911452,1.8921537788601321,0.0826299071841924,-1.8376151122923592,-1,0.993496690189085,0.0017102787754403968,-0.003115264797507788
2022-06-14,167.55,96.1,1.743496357960458,1.7403606054208975,1.8869486728224116,0.08198045004260679,-1.788085663415235,-1,0.993094135320305,0.0017102787754403968,-0.003115264797507788
2022-06-15,164.26,94.89,1.731057013383918,1.740210023204288,1.882417627911657,0.08296905320135936,-1.7139836989852368,-1,0.9912367885540905,0.0017102787754403968,-0.003115264797507788
2022-06-16,155.48,91.39,1.701280227596017,1.7335101418203351,1.877355468785406,0.08461201175705024,-1.7000579938708877,-1,0.987123967697001,0.0017102787754403968,-0.003115264797507788
2022-06-17,148.38,86.12,1.7229447282861123,1.7289053785386763,1.8728180766009608,0.08548120955770475,-1.6835594489937007,-1,0.9913984338742402,0.0017102787754403968,-0.003115264797507788
2022-06-21,154.59,91.48,1.689877568867512,1.7177311792188035,1.8677413179242544,0.08716180544263144,-1.7210535961670188,-1,0.9853214457550833,0.0017102787754403968,-0.003115264797507788
2022-06-22,147.87,87.86,1.6830184384247668,1.705635595311665,1.862671515685168,0.08892408310079965,-1.7659549010530182,-1,0.985105630951102,0.0017102787754403968,-0.003115264797507788
2022-06-23,142.43,85.21,1.67151742753198,1.6937276781412778,1.8570498834696392,0.0901813387709546,-1.8110421463488389,-1,0.984057166126102,0.0017102787754403968,-0.003115264797507788
2022-06-24,144.77,86.9,1.6659378596087457,1.6866592045438231,1.8515671635262885,0.09164642860143893,-1.7993931842083386,-1,0.9827944209528443,0.0017102787754403968,-0.003115264797507788
2022-06-27,147.57,89.03,1.6575311692687857,1.673576492740358,1.8462731318085632,0.09354007069524017,-1.846231650079274,-1,0.9809476875053859,0.0017102787754403968,-0.003115264797507788
2022-06-28,149.94,91.5,1.638688524590164,1.6633386838848885,1.8407255040178503,0.09582703378203583,-1.8511145877314585,-1,0.9773063441533354,0.0017102787754403968,-0.003115264797507788
2022-06-29,146.98,88.12,1.6679527916477528,1.6603255545294857,1.8355964207730961,0.09671212281422607,-1.8122946859545987,-1,0.982773513993608,0.0017102787754403968,-0.003115264797507788
2022-06-30,144.78,85.64,1.6905651564689397,1.6641351003168776,1.8308299862717246,0.09669483043489592,-1.7239275895631427,-1,0.9867367573854585,0.0017102787754403968,-0.003115264797507788
2022-07-01,146.51,87.55,1.6734437464306111,1.6656362776812508,1.825810445021514,0.09692105149421683,-1.6526251507890488,-1,0.9837453839037306,0.0017102787754403968,-0.003115264797507788
2022-07-05,142.66,84.81,1.6821129583775498,1.6705526355030034,1.8210084424250368,0.09678170699391153,-1.5545893081995183,-1,0.9856966361634564,0.0017102787754403968,-0.003115264797507788
2022-07-06,140.78,83.28,1.6904418828049952,1.6809033071459698,1.8164370299485655,0.0963551050286247,-1.406606559790807,-2,0.9872476672058154,0.0017102787754403968,-0.003115264797507788
2022-07-07,143.52,85.94,1.6700023272050268,1.6813132142574247,1.8116567831526351,0.09638724618126769,-1.3522906199652573,-2,0.9836472266891513,0.0017102787754403968,-0.003115264797507788
2022-07-08,142.77,86.08,1.6585734200743496,1.6749148669785066,1.8063917029048182,0.09596962787957085,-1.3699838045771902,-2,0.9819283805359198,0.0017102787754403968,-0.003115264797507788
2022-07-11,141.51,85.64,1.6523820644558616,1.6707025305835566,1.801024472514908,0.09541687404780991,-1.3658165102542756,-2,0.9811441457897683,0.0017102787754403968,-0.003115264797507788
2022-07-12,138.92,84.5,1.644023668639053,1.6630846726358572,1.795465914490594,0.09467133909906905,-1.3983243832244319,-2,0.9802659256305366,0.0017102787754403968,-0.003115264797507788
2022-07-13,137.99,84.84,1.6264733616218765,1.6502909683992335,1.7900127958430645,0.09482775253516187,-1.4734275959142078,-2,0.9776161763382244,0.0017102787754403968,-0.003115264797507788
2022-07-14,135.94,83.14,1.6350733702189078,1.6433051770020097,1.7845348637769782,0.09411201825079428,-1.5006551702951771,-1,0.9794060550043348,0.0017102787754403968,-0.003115264797507788
2022-07-15,137.65,84.54,1.6282233262361012,1.63723515823436,1.7790393607213875,0.09343850362346631,-1.5176206487473591,-1,0.977969260993827,0.0017102787754403968,-0.003115264797507788
2022-07-18,139.58,86.1,1.621138211382114,1.6309863876196105,1.7733673350038586,0.09250192338634314,-1.539221479639731,-1,0.9764102859463148,0.0017102787754403968,-0.003115264797507788
2022-07-19,144.61,88.27,1.6382689475472982,1.6298354434012594,1.769153950060935,0.0928066847172462,-1.5011688768339997,-1,0.9782528635761881,0.0017102787754403968,-0.003115264797507788
2022-07-20,146.52,89.24,1.641864634692963,1.6329136980154768,1.765007729839198,0.09284436830082808,-1.422746842282549,-2,0.9784976891836967,0.0017102787754403968,-0.003115264797507788
2022-07-21,145.4,87.75,1.656980056980057,1.6372950353677065,1.7607150763598196,0.09176140876979705,-1.3450103114887704,-2,0.98122392150349,0.0017102787754403968,-0.003115264797507788
2022-07-22,144.19,87.08,1.6558337161231051,1.6428171133451077,1.7566093843963915,0.09083109052777276,-1.2527898805364484,-2,0.9812417115995373,0.0017102787754403968,-0.003115264797507788
2022-07-25,148.48,89.98,1.6501444765503444,1.6486183663787535,1.7533461968757593,0.09108420492223407,-1.1497913451231248,-2,0.979544539633404,0.0017102787754403968,-0.003115264797507788
2022-07-26,147.32,89.63,1.6436461006359477,1.6496937969964836,1.7498171334154102,0.09116548052675522,-1.0982592955185764,-2,0.978650958933021,0.0017102787754403968,-0.003115264797507788
2022-07-27,149.26,91.57,1.6300098285464673,1.6473228357671843,1.746354442874567,0.09171215043757587,-1.0798090180514175,-2,0.9759252860502102,0.0017102787754403968,-0.003115264797507788
2022-07-28,150.39,92.64,1.6233808290155438,1.6406029901742816,1.742598384053295,0.09206191081848078,-1.1079000313182572,-2,0.9745245677331245,0.0017102787754403968,-0.003115264797507788
2022-07-29,163.78,96.93,1.6896729598679459,1.64737083892325,1.7400512808917035,0.09136256729805288,-1.0144246676661492,-2,0.9840607145549629,0.0017102787754403968,-0.003115264797507788
2022-08-01,160.51,94.48,1.698878069432684,1.6571175574997177,1.7379060825941712,0.09078155030551484,-0.8899222895243482,0,0.985986732300304,0.0,0.0
2022-08-02,159.14,94.07,1.6917189327096842,1.6667321239144652,1.7354181958361543,0.08995019768976631,-0.7636011224631643,0,0.985986732300304,0.0,0.0
2022-08-03,155.36,91.02,1.706877609316634,1.6821056800684986,1.732839508229044,0.08847725664244599,-0.5734109542474941,0,0.985986732300304,0.0,0.0
2022-08-04,151.14,87.19,1.7334556715219633,1.704120648569782,1.730305303875256,0.08617804509671002,-0.3038436910014536,0,0.985986732300304,0.0,0.0
2022-08-05,153.64,88.45,1.7370265686828714,1.7135913703327674,1.727737672508013,0.08356184651996684,-0.1692914022892645,0,0.985986732300304,0.0,0.0
2022-08-08,153.41,88.95,1.7246767847105113,1.7187511133883326,1.7251499508321333,0.08113750264713737,-0.07886411628453556,0,0.985986732300304,0.0,0.0
2022-08-09,155.41,90.59,1.7155315156198254,1.7235136299703613,1.721932563771104,0.07748604383045558,0.020404528623460445,0,0.985986732300304,0.0,0.0
2022-08-10,155.82,91.45,1.7038819026790595,1.722914488642846,1.718844737578603,0.07433692360321338,0.054747370041382734,0,0.985986732300304,0.0,0.0
2022-08-11,159.62,93.19,1.7128447258289516,1.7187922995042437,1.715687916580645,0.07032995253006627,0.044140267580469246,0,0.985986732300304,0.0,0.0
2022-08-12,159.85,94.0,1.7005319148936169,1.711493368746393,1.7125405917662657,0.06654949000942811,-0.015736003682739728,0,0.985986732300304,0.0,0.0
2022-08-15,156.81,92.32,1.698548526863085,1.7062677171769078,1.7099506715530168,0.06392523560130783,-0.05761346581620803,0,0.985986732300304,0.0,0.0
2022-08-16,156.41,91.46,1.7101465121364532,1.7051907164802333,1.7079396177010886,0.06192534761267941,-0.044390565847908174,0,0.985986732300304,0.0,0.0
2022-08-17,157.7,92.2,1.7104121475054228,1.706496765445506,1.7059979782261354,0.05992594481694943,0.008323393496661434,0,0.985986732300304,0.0,0.0
2022-08-18,159.02,94.38,1.6848908667090488,1.7009059936215256,1.7035970131740021,0.05776321448019161,-0.04658708101155522,0,0.985986732300304,0.0,0.0
2022-08-19,157.69,94.08,1.676126700680272,1.6960249507788565,1.7010522321966397,0.05547111447180312,-0.09062881583781125,0,0.985986732300304,0.0,0.0
2022-08-22,156.9,94.01,1.6689713860227635,1.690109522610792,1.6985101665119722,0.05331081608826889,-0.15757860257233405,0,0.985986732300304,0.0,0.0
2022-08-23,161.99,98.0,1.6529591836734694,1.6786720569181952,1.6956045331493554,0.05086752103677894,-0.33287402031873103,0,0.985986732300304,0.0,0.0
2022-08-24,163.19,98.58,1.6554067762223574,1.6676709826615823,1.6927475374345522,0.048111748746739895,-0.5212147848745385,0,0.985986732300304,0.0,0.0
2022-08-25,164.62,99.09,1.6613179937430618,1.662956408068385,1.6901132539969366,0.04530623047433244,-0.5994064313943953,0,0.985986732300304,0.0,0.0
2022-08-26,163.41,97.87,1.669663839787473,1.661663835889825,1.6879055526622413,0.04292001255439947,-0.6114098111960219,0,0.985986732300304,0.0,0.0
2022-08-29,164.63,100.12,1.6443268078306033,1.656734920251393,1.6852778947872227,0.040579685283242094,-0.7033808748540701,0,0.985986732300304,0.0,0.0
2022-08-30,160.62,96.31,1.6677395909043713,1.6596910016975734,1.6832017209490813,0.03812313385381927,-0.6167047898438304,0,0.985986732300304,0.0,0.0
2022-08-31,158.06,95.59,1.6535202427032116,1.6593136949937441,1.68094284141124,0.03568206316086073,-0.6061629990392647,0,0.985986732300304,0.0,0.0
2022-09-01,155.54,93.87,1.6569724086502609,1.658444577975184,1.679504841650216,0.034857433348449776,-0.6041828571973366,0,0.985986732300304,0.0,0.0
2022-09-02,157.85,95.59,1.6513233601841195,1.6547764820545132,1.6781633989121687,0.03435552036929189,-0.6807324297890562,0,0.985986732300304,0.0,0.0
2022-09-06,157.12,94.95,1.6547656661400738,1.6568642537164073,1.6768298327725732,0.033666650212891794,-0.5930372915010298,0,0.985986732300304,0.0,0.0
2022-09-07,155.11,94.14,1.6476524325472701,1.652846822044987,1.6751912309034545,0.032620887321647085,-0.6849724422928186,0,0.985986732300304,0.0,0.0
2022-09-08,155.95,94.91,1.6431356021494046,1.650769893934226,1.6734810148481634,0.03153070890154949,-0.7202857691798162,0,0.985986732300304,0.0,0.0
2022-09-09,159.97,96.5,1.657720207253886,1.6509194536549507,1.672051412336387,0.03021969825944213,-0.699277620180525,0,0.985986732300304,0.0,0.0
2022-09-12,162.5,97.61,1.664788443806987,1.6536124703795245,1.6709469361767715,0.029221096776438592,-0.5932174938493067,0,0.985986732300304,0.0,0.0
2022-09-13,159.41,95.33,1.6721913353613762,1.6570976042237848,1.670462121306194,0.028949346336621887,-0.46165177365344195,0,0.985986732300304,0.0,0.0
2022-09-14,163.27,97.67,1.6716494317600084,1.6618970040663323,1.669607199697426,0.028118679104105624,-0.2742019140567625,0,0.985986732300304,0.0,0.0
2022-09-15,160.62,94.83,1.693767795001582,1.672023442636768,1.6696720367996603,0.02817064857504739,0.0834700639157625,0,0.985986732300304,0.0,0.0
2022-09-16,156.45,93.21,1.6784679755391052,1.6761729962938117,1.669596195751566,0.028140217319726664,0.23371534297410412,0,0.985986732300304,0.0,0.0
2022-09-19,156.9,93.2,1.6834763948497855,1.6799105865023716,1.6697955118735295,0.028196352450046952,0.3587369907778709,0,0.985986732300304,0.0,0.0
2022-09-20,156.28,92.44,1.6906101254868022,1.6835943445274566,1.6702067163048302,0.028318779931454638,0.4727473519350424,0,0.985986732300304,0.0,0.0
2022-09-21,155.01,90.95,1.7043430456294666,1.6901330673013484,1.6709869142441751,0.02860702221163056,0.6692815811283268,0,0.985986732300304,0.0,0.0
2022-09-22,154.89,90.57,1.7101689301093077,1.6934132943228934,1.6721782543361607,0.028727305969990395,0.7391935745355173,0,0.985986732300304,0.0,0.0
2022-09-23,144.77,85.75,1.6882798833819244,1.6953756758914573,1.672517039198397,0.02879640685016591,0.793801699357801,0,0.985986732300304,0.0,0.0
2022-09-26,140.96,83.98,1.67849487973327,1.6943793728681542,1.672315867919469,0.02871021835714384,0.768489625339101,0,0.985986732300304,0.0,0.0
2022-09-27,141.02,85.74,1.6447399113599255,1.6852053300427787,1.671837470668291,0.02892941470733224,0.46208537261210403,0,0.985986732300304,0.0,0.0
2022-09-28,145.78,88.86,1.640558181408958,1.6724483571986775,1.6711448910521478,0.029175616525995353,0.04467655877531396,0,0.985986732300304,0.0,0.0
2022-09-29,144.77,88.68,1.6324988723500224,1.65691434564682,1.6701791742112315,0.029483394841224787,-0.4499084530748843,0,0.985986732300304,0.0,0.0
2022-09-30,143.67,87.31,1.645515977551254,1.6483615644806862,1.6697710683836686,0.029654854315256413,-0.7219561315453168,0,0.985986732300304,0.0,0.0
2022-10-03,151.73,91.92,1.6506744995648388,1.6427974884469996,1.66963941970851,0.029722862402266136,-0.9030735633141436,0,0.985986732300304,0.0,0.0
2022-10-04,157.63,95.27,1.6545607221580771,1.64476165060663,1.6696757306702137,0.02970274658132877,-0.8387803463011971,0,0.985986732300304,0.0,0.0
2022-10-05,158.53,99.12,1.5993744955609361,1.6365249134370257,1.6689315777855784,0.030891813866695903,-1.0490372785616844,-2,0.985986732300304,0.0,0.0
2022-10-06,161.42,102.06,1.5816186556927296,1.626348870105567,1.6681839993534262,0.032440626210897695,-1.2895906810148314,-2,0.985986732300304,0.0,0.0
2022-10-07,160.03,101.03,1.583984954963872,1.6140426655880908,1.6673325257658422,0.033959328711739185,-1.5692259593850557,-1,0.985866732300304,0.0018746485034056113,-0.0029694150252400275
2022-10-10,157.14,98.84,1.5898421691622824,1.6018761995075796,1.6666928398146117,0.03505240589394614,-1.8491352777078978,-1,0.9869520170307373,0.0018746485034056113,-0.0029694150252400275
2022-10-11,157.17,98.0,1.6037755102040816,1.5917191571167804,1.6664034614616448,0.035503626022052086,-2.1035683594254944,2,0.9893854368714903,0.0,0.0
2022-10-12,157.64,98.43,1.6015442446408612,1.5921531069327652,1.6657913830798707,0.03630441653078262,-2.0283558636637884,2,0.9893854368714903,0.0,0.0
2022-10-13,165.28,101.87,1.6224599980367134,1.6003213754015622,1.665467972468933,0.03660635142046245,-1.7796528345339204,-1,0.9892654368714903,0.0018151016456921588,-0.002944929812506135
2022-10-14,160.14,99.19,1.6144772658534126,1.6064198375794703,1.6647595926168222,0.037180132343948166,-1.569111010624143,-1,0.987828226310149,0.0018151016456921588,-0.002944929812506135
2022-10-17,161.31,100.62,1.603160405485987,1.609083484844211,1.6638817041062037,0.038007117869377986,-1.4417883368668465,-2,0.9857406456037251,0.0018151016456921588,-0.002944929812506135
2022-10-18,162.72,100.8,1.6142857142857143,1.6111855256605376,1.6632840580684598,0.038505456239747965,-1.3530168837252343,-2,0.9877698515579,0.0018151016456921588,-0.002944929812506135
2022-10-19,168.0,103.79,1.618653049426727,1.6146072866177108,1.6628675072149728,0.038855099383300305,-1.242056290248583,-2,0.9885482481077612,0.0018151016456921588,-0.002944929812506135
2022-10-20,168.96,103.93,1.625709612239007,1.6152572094581696,1.662795836943182,0.03892064504904104,-1.2214244503171088,-2,0.9898784555138748,0.0018151016456921588,-0.002944929812506135
2022-10-21,173.19,105.86,1.6360287171736256,1.619567499722212,1.66300663507915,0.03873737076876895,-1.1213754184876072,-2,0.9918726209370157,0.0018151016456921588,-0.002944929812506135
2022-10-24,173.13,106.6,1.624108818011257,1.6237571822272663,1.6619138993815383,0.03889681106861913,-0.9809728897044682,0,0.9894588311638333,0.0,0.0
2022-10-25,174.93,105.88,1.6521533811862488,1.631330715607373,1.661135154577431,0.03861089773425011,-0.7719177931369297,0,0.9894588311638333,0.0,0.0
2022-10-26,177.09,107.14,1.6528840769087176,1.6381769211037713,1.6604879069807486,0.038414523435894445,-0.5807955919122475,0,0.9894588311638333,0.0,0.0
2022-10-27,177.9,107.55,1.6541143654114365,1.6438578717382573,1.6596085195823285,0.03793551157191254,-0.41519534577024103,0,0.9894588311638333,0.0,0.0
2022-10-28,179.98,110.7,1.6258355916892502,1.6418192466413821,1.6578148515851165,0.03691521512848616,-0.43330656175402266,0,0.9894588311638333,0.0,0.0
2022-10-31,180.9,110.81,1.6325241404205397,1.6435023111232385,1.656073144447411,0.035554771472058,-0.3535624841254223,0,0.9894588311638333,0.0,0.0
2022-11-01,182.22,111.91,1.6282727191493165,1.6387261787158522,1.654466410021391,0.03456653450412004,-0.4553604094637461,0,0.9894588311638333,0.0,0.0
2022-11-02,178.5,109.61,1.6285010491743455,1.6338495731689775,1.6530159022472999,0.033777659757736264,-0.5674261987298462,0,0.9894588311638333,0.0,0.0
2022-11-03,181.13,111.1,1.6303330333033303,1.6290933067473568,1.6517900877577043,0.03323054876385912,-0.6830095154802897,0,0.9894588311638333,0.0,0.0
2022-11-04,183.42,112.31,1.6331582227762442,1.6305578329647552,1.6504619793734925,0.032329222271349684,-0.6156704371566782,0,0.9894588311638333,0.0,0.0
2022-11-07,185.61,113.64,1.6333157338965154,1.6307161516599504,1.6493417096902077,0.031723710105529254,-0.5871178991454377,0,0.9894588311638333,0.0,0.0
2022-11-08,185.34,114.0,1.6257894736842105,1.6302195025669293,1.6481290588038928,0.031197131230288975,-0.5740770234532125,0,0.9894588311638333,0.0,0.0
2022-11-09,177.93,108.9,1.633884297520661,1.6312961522361924,1.6468580218936297,0.030164019266286552,-0.5159083582349512,0,0.9894588311638333,0.0,0.0
2022-11-10,181.3,110.5,1.6407239819004527,1.6333743419556168,1.6456965524668803,0.028994381200302698,-0.4249861525285745,0,0.9894588311638333,0.0,0.0
2022-11-11,186.46,113.95,1.6363317244405442,1.6340090422884768,1.6448872334290716,0.028556212843808014,-0.38093955946100266,0,0.9894588311638333,0.0,0.0
2022-11-14,186.55,113.37,1.6454970450736526,1.6364453045239042,1.6443767391689614,0.028260534714793804,-0.28065408970854494,0,0.9894588311638333,0.0,0.0
2022-11-15,188.05,114.13,1.6476824673617807,1.640823903259418,1.644021923857945,0.028079574900907144,-0.11389134663942517,0,0.9894588311638333,0.0,0.0
2022-11-16,184.99,112.91,1.6383845540696131,1.6417239545692088,1.6437790133645476,0.028063986834259425,-0.0732276140049354,0,0.9894588311638333,0.0,0.0
2022-11-17,184.09,113.06,1.6282504864673624,1.6392292554825907,1.6433264085352977,0.028092249149871008,-0.14584638740916844,0,0.9894588311638333,0.0,0.0
2022-11-18,182.99,112.08,1.6326730906495361,1.638497528724389,1.6428489934837387,0.02802463015114725,-0.1552728701817151,0,0.9894588311638333,0.0,0.0
2022-11-21,181.24,110.97,1.6332342074434534,1.636044961198349,1.642241832944672,0.027827770334168524,-0.2226866066489748,0,0.9894588311638333,0.0,0.0
2022-11-22,185.89,114.18,1.6280434401821684,1.6321171557624268,1.6419704434838645,0.027886431731098466,-0.35333626820563996,0,0.9894588311638333,0.0,0.0
2022-11-23,184.24,113.61,1.6216882316697474,1.6287778912824535,1.6412029208299541,0.02779876387409595,-0.44696338311210804,0,0.9894588311638333,0.0,0.0
2022-11-25,183.7,113.21,1.6226481759561877,1.6276574291802188,1.6406883863841704,0.027852572683467972,-0.4678547059922446,0,0.9894588311638333,0.0,0.0
2022-11-28,178.36,109.81,1.6242600856024043,1.6259748281707922,1.6401431810000393,0.027848581880014583,-0.5087638893172858,0,0.9894588311638333,0.0,0.0
2022-11-29,181.03,110.54,1.6376877148543514,1.626865529652972,1.6399159202445432,0.027811411299976118,-0.4692458951762193,0,0.9894588311638333,0.0,0.0
2022-11-30,183.31,111.34,1.646398419256332,1.6305365254678048,1.6397764661298144,0.027756612375896068,-0.3328915120071933,0,0.9894588311638333,0.0,0.0
2022-12-01,182.49,110.8,1.6470216606498196,1.635603211263819,1.6397659532648567,0.027753698080040048,-0.14998873263781343,0,0.9894588311638333,0.0,0.0
2022-12-02,181.03,109.86,1.6478245039140724,1.6406384768553959,1.6398441016276015,0.02776994380130418,0.028605575635232142,0,0.9894588311638333,0.0,0.0
2022-12-05,176.56,106.85,1.652409920449228,1.6462684438247606,1.6397555968475237,0.027720423728466514,0.2349475982413907,0,0.9894588311638333,0.0,0.0
2022-12-06,172.01,103.88,1.655852907200616,1.6499014822940137,1.6396066712374175,0.027607429868567707,0.3729000166117323,0,0.9894588311638333,0.0,0.0
2022-12-07,172.52,103.65,1.664447660395562,1.6535113305218598,1.6394776099879873,0.02747027849989406,0.5108692485198739,0,0.9894588311638333,0.0,0.0
2022-12-08,173.54,104.42,1.6619421566749664,1.656495429726889,1.6393158220699031,0.02730568174336842,0.6291587157005597,0,0.9894588311638333,0.0,0.0
2022-12-09,168.0,103.54,1.6225613289549932,1.6514427947350732,1.6381290476357935,0.026432390486390095,0.503690617998961,0,0.9894588311638333,0.0,0.0
2022-12-12,169.75,106.09,1.600056555754548,1.6409721217961368,1.6368221906393843,0.026342405641465266,0.15753804771042604,0,0.9894588311638333,0.0,0.0
2022-12-13,173.53,107.25,1.617995337995338,1.6334006079550814,1.63573083969181,0.025725997719223227,-0.09057886742279467,0,0.9894588311638333,0.0,0.0
2022-12-14,172.33,106.46,1.6187300394514375,1.6242570837662567,1.6345328382578872,0.024783458573713408,-0.41462148880743893,0,0.9894588311638333,0.0,0.0
2022-12-15,171.04,105.44,1.622154779969651,1.6162996084251937,1.6331630338302234,0.02307178875212734,-0.7309110527234185,0,0.9894588311638333,0.0,0.0
2022-12-16,168.72,104.7,1.6114613180515758,1.6140796062445097,1.631517906962595,0.02090527814241864,-0.8341577949494643,0,0.9894588311638333,0.0,0.0
2022-12-19,169.88,105.17,1.615289531235143,1.6171262013406291,1.6303014010934818,0.019631112291569774,-0.6711387290322052,0,0.9894588311638333,0.0,0.0
2022-12-20,172.67,106.69,1.6184272190458335,1.6172125775507282,1.6293002734153579,0.018638261647260082,-0.6485420203555629,0,0.9894588311638333,0.0,0.0
2022-12-21,174.7,108.06,1.6166944290209142,1.6168054554646236,1.6288328487097075,0.018596117135438652,-0.6467690624599914,0,0.9894588311638333,0.0,0.0
2022-12-22,172.08,105.88,1.6252361163581415,1.6174217227423218,1.6285774809588607,0.018537483361727322,-0.6017946448745684,0,0.9894588311638333,0.0,0.0
2022-12-23,177.4,108.68,1.632315053367685,1.6215924698055435,1.6285744173091552,0.01853683947596514,-0.3766525309055239,0,0.9894588311638333,0.0,0.0
2022-12-27,179.63,110.19,1.6301842272438516,1.6245714090072851,1.628318888137365,0.01840454437380558,-0.20361705532973742,0,0.9894588311638333,0.0,0.0
2022-12-28,176.98,108.38,1.6329581103524635,1.6274775872686114,1.6280236149838254,0.01818055667007195,-0.030033608162994618,0,0.9894588311638333,0.0,0.0
2022-12-29,178.32,109.2,1.632967032967033,1.6307321080578348,1.6276637201639745,0.017857189444470047,0.17182927377244248,0,0.9894588311638333,0.0,0.0
2022-12-30,179.49,110.3,1.6272892112420672,1.6311427270346202,1.6281289654253268,0.017467037486913185,0.172539940533782,0,0.9894588311638333,0.0,0.0
2023-01-03,173.99,106.51,1.6335555346915782,1.6313908232993986,1.6289945800753076,0.016375895853268208,0.14632745869672248,0,0.9894588311638333,0.0,0.0
2023-01-04,172.14,106.82,1.6114959745366035,1.6276531727579493,1.6294530970681866,0.01545345581886424,-0.11647390275255794,0,0.9894588311638333,0.0,0.0
2023-01-05,175.24,109.21,1.6046149619998171,1.6219845430874198,1.6296993102821455,0.01492013688496181,-0.517070805328975,0,0.9894588311638333,0.0,0.0
2023-01-06,176.56,110.53,1.5973943725685333,1.61487001100772,1.6295929579882196,0.015129332570030985,-0.973139225563955,0,0.9894588311638333,0.0,0.0
2023-01-09,175.18,108.47,1.6150087581819859,1.6124139203957035,1.6298173665472384,0.014802572238866961,-1.1757041864547593,-2,0.9894588311638333,0.0,0.0
2023-01-10,176.04,110.09,1.5990553183758742,1.6055138771325628,1.629427288552891,0.0152997704835576,-1.5629915132405192,-1,0.9893388311638333,0.0017041581458759373,-0.0027250431465164864
2023-01-11,175.2,111.37,1.5731345963904102,1.597841601503324,1.628738244061841,0.016838098803499915,-1.8349246502874061,-1,0.9844192830937564,0.0017041581458759373,-0.0027250431465164864
2023-01-12,177.08,113.22,1.5640346228581523,1.5897255336749911,1.6280861476847106,0.018519157143586935,-2.0714017226752404,2,0.9824597102450436,0.0,0.0
2023-01-13,177.56,113.15,1.569244365885992,1.5840955323384829,1.627335458544715,0.019945979149360495,-2.167851770145791,2,0.9824597102450436,0.0,0.0
2023-01-17,180.49,112.93,1.5982467014965023,1.5807431210013863,1.626995352745878,0.020267914950763015,-2.2820419296633445,2,0.9824597102450436,0.0,0.0
2023-01-18,177.23,110.61,1.602296356568122,1.5813913286398358,1.6266051318180301,0.02051694841014826,-2.2037294374552467,2,0.9824597102450436,0.0,0.0
2023-01-19,179.0,111.32,1.6079770032339202,1.5883598100085379,1.626137603252368,0.020617934182724267,-1.8322782927245969,-1,0.9823397102450436,0.0016759776536312849,-0.0026949335249730508
2023-01-20,180.9,113.35,1.5959417732686372,1.594741240090635,1.6256681525066579,0.020982358419783322,-1.4739483425687445,-2,0.9800533527312478,0.0016759776536312849,-0.0026949335249730508
2023-01-23,180.66,112.76,1.6021638879035118,1.6013251444941385,1.6248349942852789,0.020905208371191187,-1.1245929422802852,-2,0.9812411288741104,0.0016759776536312849,-0.0026949335249730508
2023-01-24,180.83,113.81,1.5888761971707233,1.5994510436289828,1.6237681962896455,0.0210820178261212,-1.1534547053903483,-2,0.9786963648740061,0.0016759776536312849,-0.0026949335249730508
2023-01-25,179.08,113.21,1.581839060153697,1.595359584346098,1.6225636078686834,0.02138141817312027,-1.2723208209259516,-2,0.9773803640951352,0.0016759776536312849,-0.0026949335249730508
2023-01-26,187.79,117.76,1.5946841032608694,1.5927010043514875,1.622044416394877,0.021676795706665884,-1.3536784883000978,-2,0.9797161819196363,0.0016759776536312849,-0.0026949335249730508
2023-01-27,179.45,115.61,1.5522013666637833,1.583952923030517,1.620705703498931,0.02342815295475887,-1.5687442599246204,-1,0.9715326353670435,0.0016759776536312849,-0.0026949335249730508
2023-01-30,174.2,113.56,1.5339908418457202,1.5703183138189585,1.6191343388772046,0.02593926380587007,-1.8819356410261352,-1,0.968258366411674,0.0016759776536312849,-0.0026949335249730508
2023-01-31,174.02,116.01,1.5000430997327816,1.5525516943313704,1.6169933730531783,0.030117803423468214,-2.139654005165396,2,0.9612332447239329,0.0,0.0
2023-02-01,171.36,114.74,1.4934634826564408,1.534876578831919,1.6147122138757304,0.03402075860673723,-2.3466741575833447,2,0.9612332447239329,0.0,0.0
2023-02-02,169.01,111.15,1.520557804768331,1.5200513191334113,1.6128355402422652,0.036032187171394156,-2.5750371651742245,2,0.9612332447239329,0.0,0.0
2023-02-03,169.45,111.92,1.5140278770550393,1.5124166212116628,1.6108474092949068,0.03811382335679,-2.582548257145882,2,0.9612332447239329,0.0,0.0
2023-02-06,169.64,111.73,1.5183030520003578,1.50927906324259,1.6090559689335096,0.03988453368017664,-2.5016440330230174,2,0.9612332447239329,0.0,0.0
2023-02-07,174.09,114.92,1.5148799164636269,1.512246426588759,1.6070725625825588,0.04155299546595416,-2.2820529526323625,2,0.9612332447239329,0.0,0.0
2023-02-08,170.0,113.92,1.4922752808988764,1.5120087862372462,1.604598417565866,0.04387021474130788,-2.1105351745962193,2,0.9612332447239329,0.0,0.0
2023-02-09,168.44,114.35,1.4730214254481855,1.502501510373217,1.6018765792493268,0.046834028373140324,-2.121856101814681,2,0.9612332447239329,0.0,0.0
2023-02-10,171.97,119.17,1.4430645296635058,1.4883088408949103,1.5985027039924908,0.05076494296259031,-2.1706685099357745,2,0.9612332447239329,0.0,0.0
2023-02-13,171.01,117.8,1.4516977928692698,1.4749877890686929,1.5952362927509494,0.05376353639035325,-2.2366181943312897,2,0.9612332447239329,0.0,0.0
2023-02-14,172.32,116.42,1.4801580484452843,1.4680434154650244,1.592599184323877,0.055464834220736954,-2.2456709843060194,2,0.9612332447239329,0.0,0.0
2023-02-15,169.01,116.07,1.4561040751270784,1.4608091743106648,1.5897300774682057,0.05798458522717163,-2.223365100439288,2,0.9612332447239329,0.0,0.0
2023-02-16,166.57,115.73,1.4392983668884471,1.4540645625987172,1.5865071654055207,0.0608600621530472,-2.176182509865746,2,0.9612332447239329,0.0,0.0
2023-02-17,162.85,111.28,1.4634255930984903,1.458136775285714,1.5836770218331047,0.06257442443062561,-2.0062549146828097,2,0.9612332447239329,0.0,0.0
2023-02-21,161.0,111.17,1.4482324368084916,1.4574437040735584,1.5806801717768768,0.06468383955780024,-1.9052126241392437,-1,0.9611132447239329,0.0018633540372670807,-0.002698569758028245
2023-02-22,160.35,109.73,1.4613141346942493,1.4536749213233513,1.5780072701606185,0.06625501228829918,-1.8765727232266263,-1,0.9637880050512699,0.0018633540372670807,-0.002698569758028245
2023-02-23,161.93,110.74,1.4622539281199207,1.4549048919219199,1.5753340326966807,0.06764452529704158,-1.7803235405368096,-1,0.9640065489745434,0.0018633540372670807,-0.002698569758028245
2023-02-24,162.41,110.75,1.4664559819413092,1.4603364149324922,1.572703964302329,0.06876843506978435,-1.6339989306984999,-1,0.9648739732148512,0.0018633540372670807,-0.002698569758028245
2023-02-27,162.82,110.55,1.4728177295341474,1.4622148422196237,1.569956131213659,0.06941866340585245,-1.552050755632266,-1,0.9661776623217364,0.0018633540372670807,-0.002698569758028245
2023-02-28,160.77,109.91,1.4627422436538988,1.4651168035887052,1.5668951949536185,0.07003719754426913,-1.4532047959312075,-2,0.9640848711904769,0.0018633540372670807,-0.002698569758028245
2023-03-01,162.05,110.89,1.4613581026242224,1.4651255971747,1.5638008023198584,0.07053676103215233,-1.3989188573626168,-2,0.9638253659953111,0.0018633540372670807,-0.002698569758028245
2023-03-02,162.56,111.4,1.4592459605026928,1.4645240036512541,1.5606578265963356,0.07092962368998985,-1.3553409413991941,-2,0.9633994059777229,0.0018633540372670807,-0.002698569758028245
2023-03-03,164.96,112.81,1.46228171261413,1.4636891497858184,1.5574890231324174,0.07100806992138817,-1.3209748335709344,-2,0.9640664723083441,0.0018633540372670807,-0.002698569758028245
2023-03-06,166.17,113.81,1.4600650206484491,1.4611386080086786,1.554225891689881,0.07090979165562715,-1.3127564121649111,-2,0.9636225609354089,0.0018633540372670807,-0.002698569758028245
2023-03-07,164.03,111.61,1.4696711764178838,1.4625243945614756,1.5509796169569199,0.0702335182674984,-1.2594445583452738,-2,0.9655718367633195,0.0018633540372670807,-0.002698569758028245
2023-03-08,162.99,109.98,1.4819967266775778,1.4666521193721467,1.5479805264569635,0.06925002104957496,-1.1744170738460156,-2,0.9680326172701478,0.0018633540372670807,-0.002698569758028245
2023-03-09,160.51,109.13,1.4708146247594611,1.4689658522235003,1.545451414720371,0.0692510607419949,-1.104467739228271,-2,0.9657052835520494,0.0018633540372670807,-0.002698569758028245
2023-03-10,159.67,107.78,1.4814436815735756,1.4727982460153894,1.5434745334840216,0.06935876276063391,-1.0189957931133409,-2,0.9677831353340832,0.0018633540372670807,-0.002698569758028245
2023-03-13,158.71,106.54,1.4896752393467243,1.4787202897550444,1.5413358651732112,0.06899941291146772,-0.9074798288285151,0,0.9692238942500068,0.0,0.0
2023-03-14,160.76,106.94,1.503272863287825,1.4854406271290328,1.5394115789038176,0.06841188582267022,-0.788911913854888,0,0.9692238942500068,0.0,0.0
2023-03-15,153.8,101.62,1.5134815981106082,1.491737601415639,1.5376003592061671,0.06761807961529423,-0.6782617615208741,0,0.9692238942500068,0.0,0.0
2023-03-16,154.29,101.03,1.5271701474809463,1.5030087059599357,1.5361955063633232,0.06692963774921443,-0.495846108232926,0,0.9692238942500068,0.0,0.0
2023-03-17,152.34,99.84,1.525841346153846,1.51188823887599,1.534704703278635,0.0661294316868351,-0.3450273776840457,0,0.9692238942500068,0.0,0.0
2023-03-20,154.58,102.45,1.5088335773548074,1.5157199064776066,1.5328781425837843,0.0652859003712839,-0.2628168717686063,0,0.9692238942500068,0.0,0.0
2023-03-21,159.31,107.04,1.4883221225710015,1.5127297583342418,1.5307386041429527,0.06459234488055487,-0.2788077417225384,0,0.9692238942500068,0.0,0.0
2023-03-22,156.07,104.59,1.492207668037097,1.5084749723195396,1.5285214633376019,0.06356872704567347,-0.315351462105872,0,0.9692238942500068,0.0,0.0
2023-03-23,154.52,103.41,1.4942462044289722,1.5018901837091447,1.52622031585529,0.06223274625665031,-0.3909538564441121,0,0.9692238942500068,0.0,0.0
2023-03-24,156.06,103.53,1.5073891625615763,1.4981997469906907,1.5241737314439188,0.06075747491015428,-0.42750269809002694,0,0.9692238942500068,0.0,0.0
2023-03-27,157.65,105.8,1.4900756143667298,1.4944481543930754,1.5217923565108231,0.05920163167549209,-0.4618825755957578,0,0.9692238942500068,0.0,0.0
2023-03-28,159.49,107.12,1.4888909634055265,1.4945619225599804,1.5193910886847983,0.05751372513305941,-0.4317085368296873,0,0.9692238942500068,0.0,0.0
2023-03-29,160.86,108.96,1.4763215859030838,1.4913847061331778,1.516874961595815,0.055995612665453685,-0.4552187974963155,0,0.9692238942500068,0.0,0.0
2023-03-30,162.39,109.49,1.4831491460407342,1.4891652944555303,1.5143681884516342,0.05401522846008388,-0.46658867720477,0,0.9692238942500068,0.0,0.0
2023-03-31,163.16,109.66,1.4878716031369688,1.4852617825706087,1.5123077822616402,0.05258642526607618,-0.5143152354278593,0,0.9692238942500068,0.0,0.0
2023-04-03,169.95,116.13,1.4634461379488504,1.4799358872870327,1.5099549685274574,0.05153397696357929,-0.582510471909437,0,0.9692238942500068,0.0,0.0
2023-04-04,169.04,115.02,1.4696574508781082,1.476089184781549,1.5078260198326172,0.050488392912814595,-0.6285966579659752,0,0.9692238942500068,0.0,0.0
2023-04-05,169.88,116.99,1.452089922215574,1.471242852044047,1.5051107058998439,0.048984879837420114,-0.6913940376745557,0,0.9692238942500068,0.0,0.0
2023-04-06,167.65,115.05,1.4571925249891353,1.4660515278337274,1.5027463260100646,0.04778247551625541,-0.7679551504997648,0,0.9692238942500068,0.0,0.0
2023-04-10,168.29,114.54,1.469268377859263,1.462330882778186,1.501015222367879,0.04706526198139857,-0.8219297622306244,0,0.9692238942500068,0.0,0.0
2023-04-11,169.22,115.35,1.4670134373645427,1.4630443426613247,1.499398202609652,0.04652700794101138,-0.7813496194386286,0,0.9692238942500068,0.0,0.0
2023-04-12,169.82,115.23,1.4737481558621885,1.4638624836581406,1.4978065991092555,0.04572364145384873,-0.742375593277636,0,0.9692238942500068,0.0,0.0
2023-04-13,172.09,115.77,1.4864818173965622,1.4707408626943383,1.495943851040923,0.04379851374529709,-0.5754302187774794,0,0.9692238942500068,0.0,0.0
2023-04-14,172.44,116.05,1.4859112451529513,1.4764846067271016,1.4940040991840033,0.04152685838748646,-0.4218834059978161,0,0.9692238942500068,0.0,0.0
2023-04-17,170.92,114.7,1.4901482127288577,1.4806605737010206,1.4920402860089192,0.03873814074537759,-0.29375989887322024,0,0.9692238942500068,0.0,0.0
2023-04-18,170.52,116.94,1.4581836839404825,1.4788946230162086,1.48974431785345,0.03649295999409253,-0.29730925742931663,0,0.9692238942500068,0.0,0.0
2023-04-19,170.68,116.57,1.464184610105516,1.4769819138648739,1.4874446632234835,0.033514546769209765,-0.31218531554846624,0,0.9692238942500068,0.0,0.0
2023-04-20,169.85,115.64,1.4687824282255275,1.473442036030667,1.48544310040773,0.030833014876884307,-0.38922772959384555,0,0.9692238942500068,0.0,0.0
2023-04-21,169.12,116.01,1.457805361606758,1.4678208593214284,1.4833758720986145,0.028315735325755566,-0.5493416504369419,0,0.9692238942500068,0.0,0.0
2023-04-24,171.48,118.2,1.4507614213197968,1.4599435010396162,1.4809771607329298,0.02457572946912534,-0.8558712252972326,0,0.9692238942500068,0.0,0.0
2023-04-25,168.99,116.52,1.4503089598352215,1.4583685562185642,1.479278953952454,0.023043304449469296,-0.9074391990846343,0,0.9692238942500068,0.0,0.0
2023-04-26,165.98,115.45,1.4376786487656994,1.4530673639506007,1.4776737507344535,0.02251599544038925,-1.0928402809903688,-2,0.9692238942500068,0.0,0.0
2023-04-27,166.95,116.83,1.4289994008388256,1.4451107584732603,1.476489689086221,0.023177983940628647,-1.353824849190465,-2,0.9692238942500068,0.0,0.0
2023-04-28,168.58,118.34,1.4245394625654892,1.4384575786650065,1.4753409554180381,0.02401534059810497,-1.5358256778561823,-1,0.9691038942500068,0.0017795705303120179,-0.0025350684468480648
2023-05-01,167.24,114.67,1.4584459754076917,1.4399944894825853,1.4743057582620276,0.023363029375276026,-1.4686138611695712,-2,0.976022970939321,0.0017795705303120179,-0.0025350684468480648
2023-05-02,160.04,110.1,1.453587647593097,1.4406502270341606,1.4732984211043287,0.022920107023864135,-1.4244346257273262,-2,0.9747953259231702,0.0017795705303120179,-0.0025350684468480648
2023-05-03,156.83,107.93,1.4530714351894747,1.4437287843189157,1.472211227490814,0.02228754376329771,-1.2779534377763961,-2,0.974584003050529,0.0017795705303120179,-0.0025350684468480648
2023-05-04,156.22,106.04,1.473217653715579,1.4525724348942664,1.4715168564450132,0.021573213388793307,-0.8781455599279397,0,0.9781803797583116,0.0,0.0
2023-05-05,160.21,108.68,1.4741442767758557,1.4624933977363397,1.4712146730429627,0.0214038333658637,-0.4074632406983844,0,0.9781803797583116,0.0,0.0
2023-05-08,159.58,109.11,1.4625607185409222,1.4633163463629857,1.4710403279278417,0.021431453079008008,-0.36040400696962466,0,0.9781803797583116,0.0,0.0
2023-05-09,159.12,109.14,1.4579439252336448,1.4641876018910953,1.4712883178540108,0.0211869420204027,-0.3351458627714006,0,0.9781803797583116,0.0,0.0
2023-05-10,157.09,107.74,1.4580471505476147,1.4651827449627233,1.471394140481983,0.021103125383086205,-0.294335336899343,0,0.9781803797583116,0.0,0.0
2023-05-11,156.22,105.79,1.4766991208998959,1.4658790383995868,1.47133649168956,0.02108349402047397,-0.2588495666170645,0,0.9781803797583116,0.0,0.0
2023-05-12,156.62,105.78,1.4806201550387597,1.4671742140521675,1.4717450930214213,0.02102075329429397,-0.21744601181797524,0,0.9781803797583116,0.0,0.0
2023-05-15,157.2,105.07,1.496145426858285,1.47389115571564,1.4726925440209186,0.020813611308073306,0.057587877326047095,0,0.9781803797583116,0.0,0.0
2023-05-16,153.51,102.52,1.4973663675380413,1.4817756441765193,1.4732582235949112,0.02101770847790077,0.40524972503847406,0,0.9781803797583116,0.0,0.0
2023-05-17,155.71,104.82,1.4854989505819503,1.4872660041833865,1.473879332157802,0.02081528893448411,0.6431172811349779,0,0.9781803797583116,0.0,0.0
2023-05-18,154.01,105.77,1.456083955753049,1.4831429711540172,1.4737921625087822,0.020879652845254986,0.4478431090083946,0,0.9781803797583116,0.0,0.0
2023-05-19,155.23,106.26,1.4608507434594389,1.479189088838153,1.473768776097774,0.020893576554103458,0.2594248393205025,0,0.9781803797583116,0.0,0.0
2023-05-22,152.44,104.97,1.4522244450795465,1.4704048924824051,1.4735315838167447,0.021058134449083957,-0.14847902799269708,0,0.9781803797583116,0.0,0.0
2023-05-23,156.85,106.4,1.4741541353383458,1.465762446042466,1.4735538572468145,0.021058073365518144,-0.3699963937397338,0,0.9781803797583116,0.0,0.0
2023-05-24,157.27,107.59,1.4617529510177527,1.4610132461296268,1.4735373690362121,0.021067067586865666,-0.5944881913415202,0,0.9781803797583116,0.0,0.0
2023-05-25,154.56,105.66,1.4628052243043725,1.4623574998398912,1.4735614877308814,0.0210537119249827,-0.532162116158498,0,0.9781803797583116,0.0,0.0
2023-05-26,154.08,104.97,1.467847956559017,1.463756942459807,1.47370485433182,0.020983748854398732,-0.4740769602724168,0,0.9781803797583116,0.0,0.0
2023-05-30,153.12,104.04,1.4717416378316033,1.4676603810102182,1.4738625197521114,0.02093193966585444,-0.29630023977235437,0,0.9781803797583116,0.0,0.0
2023-05-31,150.62,102.18,1.4740653748287336,1.4676426289082958,1.4740958589884494,0.020853412161975688,-0.30945679440991053,0,0.9781803797583116,0.0,0.0
2023-06-01,152.16,103.36,1.4721362229102166,1.4697192832867887,1.474136943096655,0.020846974422800466,-0.21190891878462673,0,0.9781803797583116,0.0,0.0
2023-06-02,156.26,105.76,1.4774962178517397,1.4726574819962621,1.4740619346162243,0.020826301479311,-0.06743648752791422,0,0.9781803797583116,0.0,0.0
2023-06-05,155.51,105.29,1.4769683730648684,1.4744815652974324,1.474164497087981,0.020825191062519094,0.015225224512920618,0,0.9781803797583116,0.0,0.0
2023-06-06,155.79,106.15,1.4676401318888364,1.4736612641088789,1.4739344379265689,0.020819658069631774,-0.013120956010725597,0,0.9781803797583116,0.0,0.0
2023-06-07,159.83,108.53,1.4726803648760711,1.4733842621183464,1.4736511900187246,0.020717231701594667,-0.012884342088892243,0,0.9781803797583116,0.0,0.0
2023-06-08,159.24,108.19,1.4718550697846382,1.4733280314932309,1.4731275601270049,0.02034963411077385,0.009851349912964399,0,0.9781803797583116,0.0,0.0
2023-06-09,158.86,107.39,1.4792811248719622,1.4736850128972752,1.4725575522396939,0.01966769369265261,0.057325514379069506,0,0.9781803797583116,0.0,0.0
2023-06-12,157.33,106.42,1.4783875211426425,1.47396884251283,1.4717445084673888,0.01833495453210911,0.12131658366240954,0,0.9781803797583116,0.0,0.0
2023-06-13,158.51,106.44,1.4891957910559939,1.4782799743462616,1.4711337492157583,0.017069032673673656,0.4186660877112956,0,0.9781803797583116,0.0,0.0
2023-06-14,157.09,105.16,1.4938189425637125,1.48250768988379,1.4708835053025733,0.016610872660999493,0.6997937326019554,0,0.9781803797583116,0.0,0.0
2023-06-15,158.28,105.89,1.4947587118708094,1.487088418301024,1.4709907817909034,0.016745641459127224,0.9613030679900656,0,0.9781803797583116,0.0,0.0
2023-06-16,157.26,105.13,1.4958622657661942,1.4904046464798706,1.471051691753055,0.016830554245544454,1.1498703158833252,-2,0.9781803797583116,0.0,0.0
2023-06-20,153.68,102.72,1.4961059190031154,1.493948326051965,1.4710826869959572,0.0168756454033717,1.3549490113983624,-2,0.9781803797583116,0.0,0.0
2023-06-21,154.88,103.87,1.4910946375276788,1.494328095346302,1.4708111115787257,0.016406049867321124,1.4334336392832367,-2,0.9781803797583116,0.0,0.0
2023-06-22,152.64,103.3,1.4776379477250725,1.4910918963785742,1.4706038171346982,0.016236209912791344,1.2618757304766601,-2,0.9781803797583116,0.0,0.0
2023-06-23,151.35,102.4,1.4780273437499998,1.4877456227544124,1.470422756807106,0.016088725542717734,1.0767084006319718,-2,0.9781803797583116,0.0,0.0
2023-06-26,154.01,104.29,1.4767475309233866,1.4839226757858506,1.4704298558907778,0.016091466232318035,0.8385077966340854,0,0.9781803797583116,0.0,0.0
2023-06-27,153.53,104.55,1.4684839789574367,1.4783982877767148,1.4701854364393896,0.016006144735256092,0.5131061522413372,0,0.9781803797583116,0.0,0.0
2023-06-28,154.92,105.4,1.469829222011385,1.4741452046734562,1.4698847300872966,0.01583682922035401,0.2690232070371722,0,0.9781803797583116,0.0,0.0
2023-06-29,156.24,106.7,1.4642924086223055,1.4714760968529028,1.4698988345985207,0.015831373635452742,0.09962889454203978,0,0.9781803797583116,0.0,0.0
2023-06-30,157.35,107.25,1.4671328671328672,1.4692972015294763,1.4698567582027666,0.0158353804492993,-0.035335852844324236,0,0.9781803797583116,0.0,0.0
