date,JNJ,ABT,ratio,ins_ratio,long_mean,long_std,z_score,action,capital,holding1,holding2
2021-01-04,156.5,109.11,1.4343323251764275,,,,,0,0.0,0.0,0.0
2021-01-05,158.34,110.46,1.4334600760456275,,,,,0,0.0,0.0,0.0
2021-01-06,159.83,110.23,1.4499682482082918,,,,,0,0.0,0.0,0.0
2021-01-07,160.37,111.3,1.440880503144654,,,,,0,0.0,0.0,0.0
2021-01-08,160.04,111.61,1.4339216916046948,1.438512568835939,,,,0,0.0,0.0,0.0
2021-01-11,159.37,110.84,1.4378383255142548,1.4392137689035045,,,,0,0.0,0.0,0.0
2021-01-12,158.13,108.84,1.4528665931642777,1.4430950723272347,,,,0,0.0,0.0,0.0
2021-01-13,157.89,112.15,1.4078466339723583,1.434670749480048,,,,0,0.0,0.0,0.0
2021-01-14,160.65,110.04,1.4599236641221374,1.4384793816755446,,,,0,0.0,0.0,0.0
2021-01-15,160.3,111.3,1.4402515723270441,1.4397453578200146,,,,0,0.0,0.0,0.0
2021-01-19,162.78,112.57,1.446033579106334,1.4413844085384304,,,,0,0.0,0.0,0.0
2021-01-20,162.38,112.89,1.438391354415803,1.4384893607887352,,,,0,0.0,0.0,0.0
2021-01-21,161.73,112.95,1.4318725099601592,1.4432945359862956,,,,0,0.0,0.0,0.0
2021-01-22,163.55,112.84,1.4493973768167316,1.4411892785252143,,,,0,0.0,0.0,0.0
2021-01-25,165.98,114.72,1.4468270571827055,1.4425043754963465,,,,0,0.0,0.0,0.0
2021-01-26,170.48,114.73,1.4859234725006536,1.4504823541752105,,,,0,0.0,0.0,0.0
2021-01-27,167.88,114.29,1.4688949164406333,1.4565830665801767,,,,0,0.0,0.0,0.0
2021-01-28,169.16,120.39,1.4051000913697151,1.451228582862088,,,,0,0.0,0.0,0.0
2021-01-29,163.13,123.59,1.3199287968282223,1.425334866864386,,,,0,0.0,0.0,0.0
2021-02-01,162.71,122.54,1.3278113269136609,1.401531720810577,,,,0,0.0,0.0,0.0
2021-02-02,161.25,120.24,1.341067864271457,1.3725605991647378,,,,0,0.0,0.0,0.0
2021-02-03,160.5,120.22,1.3350524039261353,1.3457920966618382,,,,0,0.0,0.0,0.0
2021-02-04,161.99,119.74,1.3528478369801238,1.3353416457839198,,,,0,0.0,0.0,0.0
2021-02-05,164.45,124.03,1.325888897847295,1.3365336659877343,,,,0,0.0,0.0,0.0
2021-02-08,164.92,124.5,1.3246586345381526,1.3359031275126327,,,,0,0.0,0.0,0.0
2021-02-09,166.27,125.15,1.3285657211346384,1.333402698885269,,,,0,0.0,0.0,0.0
2021-02-10,166.81,125.29,1.3313911724798466,1.3326704525960111,,,,0,0.0,0.0,0.0
2021-02-11,166.06,126.84,1.3092084515925575,1.323942575518498,,,,0,0.0,0.0,0.0
2021-02-12,166.58,128.23,1.2990719800358732,1.3185791919562138,,,,0,0.0,0.0,0.0
2021-02-16,165.07,128.02,1.2894079050148413,1.3115290460515514,,,,0,0.0,0.0,0.0
2021-02-17,165.66,127.24,1.3019490726186733,1.3062057163483582,,,,0,0.0,0.0,0.0
2021-02-18,165.74,125.41,1.3215852005422217,1.3042445219608334,,,,0,0.0,0.0,0.0
2021-02-19,162.98,123.04,1.3246098829648894,1.3073248082352997,,,,0,0.0,0.0,0.0
2021-02-22,161.87,122.55,1.3208486332109344,1.311680138870312,,,,0,0.0,0.0,0.0
2021-02-23,160.44,120.8,1.3281456953642383,1.3194276969401915,,,,0,0.0,0.0,0.0
2021-02-24,162.59,122.38,1.3285667592743913,1.324751234271335,,,,0,0.0,0.0,0.0
2021-02-25,162.76,121.58,1.3387070241816088,1.3281755989992123,,,,0,0.0,0.0,0.0
2021-02-26,158.46,119.78,1.322925363165804,1.3278386950393952,,,,0,0.0,0.0,0.0
2021-03-01,159.32,122.21,1.3036576384911218,1.3244004960954328,,,,0,0.0,0.0,0.0
2021-03-02,159.02,122.53,1.297804619276912,1.3183322808779676,,,,0,0.0,0.0,0.0
2021-03-03,156.22,119.18,1.3107904010740057,1.3147770092378905,,,,0,0.0,0.0,0.0
2021-03-04,153.07,116.01,1.3194552193776397,1.3109266482770967,,,,0,0.0,0.0,0.0
2021-03-05,156.1,117.25,1.3313432835820895,1.312610232360354,,,,0,0.0,0.0,0.0
2021-03-08,157.4,115.63,1.3612384329326301,1.3241263912486556,,,,0,0.0,0.0,0.0
2021-03-09,157.7,116.7,1.3513281919451583,1.3348311057823046,,,,0,0.0,0.0,0.0
2021-03-10,159.15,115.88,1.3734035208836728,1.3473537297442382,,,,0,0.0,0.0,0.0
2021-03-11,159.14,117.52,1.354152484683458,1.3542931828054017,,,,0,0.0,0.0,0.0
2021-03-12,159.6,116.71,1.367492074372376,1.361522940963459,,,,0,0.0,0.0,0.0
2021-03-15,160.42,118.1,1.3583403895004234,1.3609433322770177,,,,0,0.0,0.0,0.0
2021-03-16,161.37,118.22,1.364997462358315,1.363677186359649,,,,0,0.0,0.0,0.0
2021-03-17,160.77,117.62,1.3668593776568612,1.3623683577142867,,,,0,0.0,0.0,0.0
2021-03-18,160.47,118.11,1.3586487172974346,1.363267604237082,,,,0,0.0,0.0,0.0
2021-03-19,160.04,120.25,1.3308939708939709,1.355947983541401,,,,0,0.0,0.0,0.0
2021-03-22,160.5,121.47,1.3213139046678193,1.3485426865748802,,,,0,0.0,0.0,0.0
2021-03-23,160.35,120.49,1.3308158353390322,1.3417063611710236,,,,0,0.0,0.0,0.0
2021-03-24,161.91,118.02,1.3718861209964412,1.3427117098389396,,,,0,0.0,0.0,0.0
2021-03-25,161.97,119.05,1.3605207895842084,1.3430861242962944,,,,0,0.0,0.0,0.0
2021-03-26,164.93,122.07,1.3511100188416483,1.34712933388583,,,,0,0.0,0.0,0.0
2021-03-29,166.04,122.23,1.3584226458316289,1.3545510821185918,,,,0,0.0,0.0,0.0
2021-03-30,165.01,119.75,1.3779540709812108,1.3639787292470273,1.3676399630754354,0.05393545038520867,-0.06788176982410381,0,1.0,0.0,0.0
2021-03-31,164.35,119.84,1.3714118825100132,1.3638838815497418,1.3665912890309952,0.05322375359624991,-0.050868405520428796,0,1.0,0.0,0.0
2021-04-01,162.83,118.94,1.369009584664537,1.3655816405658077,1.3655171141746436,0.0524967297198124,0.001229150682498654,0,1.0,0.0,0.0
2021-04-05,163.43,119.86,1.3635074253295512,1.3680611218633882,1.364076100459998,0.05131259217434097,0.07766166616277519,0,1.0,0.0,0.0
2021-04-06,163.39,119.97,1.361923814286905,1.3687613555544433,1.3627601556457023,0.05031220464566543,0.1192792077191963,0,1.0,0.0,0.0
2021-04-07,163.61,120.11,1.3621680126550664,1.3656041438892144,1.3615642609965417,0.04943722861841503,0.08171742238738326,0,1.0,0.0,0.0
2021-04-08,162.97,119.78,1.3605777258306895,1.3634373125533499,1.360276584335149,0.04841243860638801,0.06528752339659763,0,1.0,0.0,0.0
2021-04-09,161.25,120.9,1.3337468982630272,1.356384775273048,1.3582912560867948,0.04697213586402993,-0.0405874840195784,0,1.0,0.0,0.0
2021-04-12,161.64,121.04,1.335426305353602,1.350768551277858,1.3570842506098155,0.046606206408455704,-0.13551198045614105,0,1.0,0.0,0.0
2021-04-13,159.48,123.01,1.296479960978782,1.3376797806162333,1.3543601888907595,0.04525031590612403,-0.3686252336697774,0,1.0,0.0,0.0
2021-04-14,159.92,121.5,1.3162139917695472,1.3284889764391297,1.352292895881468,0.044077984602345674,-0.5400410126980153,0,1.0,0.0,0.0
2021-04-15,160.39,123.94,1.2940939164111667,1.315192214555225,1.3497605681698819,0.04295135193927188,-0.8048257401427638,0,1.0,0.0,0.0
2021-04-16,162.24,124.35,1.3047044632086853,1.3093837275443565,1.3475324533164297,0.0417257116901566,-0.914273818871081,0,1.0,0.0,0.0
2021-04-19,162.69,124.53,1.3064321850156588,1.303584903476768,1.3454417812340216,0.040554378279655086,-1.032117357800847,-2,1.0,0.0,0.0
2021-04-20,166.48,120.0,1.3873333333333333,1.3217555779476782,1.3444073805092982,0.0386024359146395,-0.5867972324780055,0,1.0,0.0,0.0
2021-04-21,166.59,122.6,1.3588091353996739,1.3302746066737037,1.3429404151462478,0.03624475101343801,-0.3494522135866854,0,1.0,0.0,0.0
2021-04-22,165.18,123.5,1.3374898785425102,1.3389537990999723,1.3404665219136118,0.031007265791715484,-0.04878607561856472,0,1.0,0.0,0.0
2021-04-23,165.52,123.31,1.3423080042170141,1.3464745073016382,1.3383567400432181,0.02602738100104965,0.31189335792535877,0,1.0,0.0,0.0
2021-04-26,164.12,122.58,1.3388807309512156,1.3529642164887494,1.3372530840362435,0.024508927937445107,0.6410371148263152,0,1.0,0.0,0.0
2021-04-27,163.18,121.7,1.340838126540674,1.3436651751302175,1.3376015728647843,0.02440686215835699,0.2484384197399597,0,1.0,0.0,0.0
2021-04-28,161.98,121.45,1.3337175792507203,1.3386468639004268,1.3377000104037353,0.024378601132777088,0.03883953355380956,0,1.0,0.0,0.0
2021-04-29,164.2,121.01,1.3569126518469548,1.3425314185613157,1.33796409019666,0.024501212097862053,0.18641234345521282,0,1.0,0.0,0.0
2021-04-30,162.73,120.08,1.3551798800799466,1.3451057937339024,1.338299548132557,0.024598266386607243,0.27669614981692675,0,1.0,0.0,0.0
2021-05-03,165.21,119.53,1.3821634736049528,1.3537623422646496,1.3387881420763041,0.025176487433986348,0.5947692356850172,0,1.0,0.0,0.0
2021-05-04,167.77,117.54,1.4273438829334695,1.3710634935432089,1.340479058494407,0.02758704328902685,1.1086521570424048,-2,1.0,0.0,0.0
2021-05-05,167.07,118.51,1.4097544511011728,1.3862708679132993,1.3418973221037906,0.028915352322209122,1.5346015955484846,1,0.99988,-0.001795654516071108,0.0025314319466711666
2021-05-06,167.74,118.79,1.4120717232090243,1.3973026821857133,1.3432890888050304,0.03024203285141234,1.7860437374057148,1,0.9993857124193003,-0.001795654516071108,0.0025314319466711666
2021-05-07,168.5,118.95,1.4165615804960068,1.4095790222689253,1.3447085956053,0.03164063311215199,2.0502253047114594,2,0.9983053077753508,0.0,0.0
2021-05-10,170.27,118.94,1.4315621321674794,1.4194587539814305,1.346747823614882,0.03321741928578715,2.1889397770783354,2,0.9983053077753508,0.0,0.0
2021-05-11,168.88,118.39,1.4264718303910804,1.419284343472953,1.3488711544541352,0.034176222991709714,2.0602975652370428,2,0.9983053077753508,0.0,0.0
2021-05-12,168.2,116.35,1.4456381607219595,1.42646108539711,1.351474992049254,0.035495050052518594,2.1125788873915217,2,0.9983053077753508,0.0,0.0
2021-05-13,169.96,117.45,1.44708386547467,1.4334635138502392,1.3538939052635206,0.03697713164792276,2.1518599480440908,2,0.9983053077753508,0.0,0.0
2021-05-14,170.22,118.31,1.4387625729016988,1.4379037123313778,1.355846861469512,0.038312095646976435,2.1418001149812236,2,0.9983053077753508,0.0,0.0
2021-05-17,170.39,116.74,1.4595682713722802,1.4435049401723377,1.3580961679429684,0.040354363166604255,2.1164693363331364,2,0.9983053077753508,0.0,0.0
2021-05-18,170.45,116.98,1.4570866814840142,1.4496279103909244,1.3603668020808533,0.04202146326733826,2.1241789640259996,2,0.9983053077753508,0.0,0.0
2021-05-19,170.08,116.38,1.4614194878845164,1.4527841758234359,1.362588031956191,0.043775198649833764,2.060439396032015,2,0.9983053077753508,0.0,0.0
2021-05-20,171.07,117.8,1.4522071307300508,1.4538088288745121,1.3646487048137852,0.045038433023909176,1.9796453400897682,1,0.9981853077753507,-0.001753668089086339,0.0025466893039049238
2021-05-21,170.96,117.13,1.4595748313839325,1.4579712805709588,1.3666631682671573,0.04653660513591561,1.9620707620834288,1,0.9966719294315339,-0.001753668089086339,0.0025466893039049238
2021-05-24,170.55,117.29,1.4540881575581892,1.4568752578081408,1.3688492148403637,0.0475175412066528,1.8524957464645238,1,0.9977984036366842,-0.001753668089086339,0.0025466893039049238
2021-05-25,170.08,118.4,1.4364864864864866,1.452755218808635,1.3710630289736199,0.04752303404488863,1.7190019845503022,1,1.0014494527658893,-0.001753668089086339,0.0025466893039049238
2021-05-26,169.07,116.75,1.44813704496788,1.4500987302253079,1.373568569401803,0.04755814149143188,1.6091915794752554,1,0.9990186201844233,-0.001753668089086339,0.0025466893039049238
2021-05-27,168.81,115.69,1.459158094908808,1.4514889230610593,1.3760413642990494,0.04809285124062397,1.5687894731905467,1,0.9967750832254465,-0.001753668089086339,0.0025466893039049238
2021-05-28,169.25,116.65,1.4509215602228889,1.4497582688288504,1.3782324699798036,0.04846445725162597,1.4758402942116322,-2,0.9984482909979973,-0.001753668089086339,0.0025466893039049238
2021-06-01,165.53,105.79,1.5647036581907552,1.4718813689553638,1.3821218095566148,0.05371688240700084,1.6709748476961275,1,0.977314890448991,-0.001753668089086339,0.0025466893039049238
2021-06-02,166.2,106.9,1.5547240411599623,1.495528879890059,1.3853465696937368,0.05807303615025841,1.897305832456151,1,0.9789667579566377,-0.001753668089086339,0.0025466893039049238
2021-06-03,166.04,109.2,1.5205128205128204,1.5100040349990471,1.3881663135031979,0.060451939470874586,2.0154476855874908,2,0.9849908747455731,0.0,0.0
2021-06-04,165.97,109.29,1.518620184829353,1.521896452983156,1.390586591235626,0.06271547128906403,2.0937395358524107,2,0.9849908747455731,0.0,0.0
2021-06-07,164.84,110.0,1.4985454545454546,1.5314212318476692,1.3929931407333258,0.0640498710909615,2.161254796559269,2,0.9849908747455731,0.0,0.0
2021-06-08,163.39,107.9,1.5142724745134382,1.521334995112206,1.395439480735677,0.06583750809682037,1.9122156657476705,1,0.9848708747455731,-0.0018360976803965972,0.002780352177942539
2021-06-09,165.59,109.05,1.5184777624942687,1.514085739379067,1.398108436952241,0.06753213264583734,1.7173647252494229,1,0.9840288648533345,-0.0018360976803965972,0.002780352177942539
2021-06-10,167.08,110.15,1.5168406718111667,1.5133513096387363,1.4006391571097885,0.0690972640100857,1.6312100651698154,1,0.9843514667052804,-0.0018360976803965972,0.002780352177942539
2021-06-11,164.96,109.91,1.500864343553817,1.509800141383629,1.4028725732080711,0.07014466979965525,1.5243862218036053,1,0.987576709265015,-0.0018360976803965972,0.002780352177942539
2021-06-14,165.37,110.48,1.4968320057929037,1.509457451633119,1.405175628016329,0.0709321219134976,1.4701635987143122,-2,0.9884087099574796,-0.0018360976803965972,0.002780352177942539
2021-06-15,164.49,110.41,1.4898107055520335,1.5045650978408378,1.40782424026063,0.07107825863510304,1.3610470970715494,-2,0.9898298512637727,-0.0018360976803965972,0.002780352177942539
2021-06-16,164.43,110.06,1.494003270943122,1.4996701995306085,1.4107023963652183,0.07101214653757504,1.25285331458491,-2,0.9889668938623166,-0.0018360976803965972,0.002780352177942539
2021-06-17,165.22,111.63,1.4800680820567949,1.492315681579734,1.4131899338105143,0.07078006488985762,1.1179100766910717,-2,0.9918815296141731,-0.0018360976803965972,0.002780352177942539
2021-06-18,161.98,110.33,1.4681410314511012,1.485771019159191,1.4147941823180923,0.07091872155412464,1.0008194632630227,-2,0.9942160282673328,-0.0018360976803965972,0.002780352177942539
2021-06-21,163.84,111.44,1.470208183776023,1.4804462547558148,1.4166223055546223,0.07090970951063467,0.9000734827664258,0,0.9937649437611781,0.0,0.0
2021-06-22,163.62,110.96,1.474585436193223,1.4774012008840527,1.4186802291771485,0.07076779755723052,0.8297696654953266,0,0.9937649437611781,0.0,0.0
2021-06-23,162.63,110.84,1.467250090220137,1.4720505647394557,1.4204940199169571,0.07059162262862533,0.7303493375372861,0,0.9937649437611781,0.0,0.0
2021-06-24,163.37,111.7,1.4625783348254253,1.468552615293182,1.4219044243143606,0.07057266261518401,0.6609951963011934,0,0.9937649437611781,0.0,0.0
2021-06-25,164.21,112.72,1.4567955997161108,1.466283528946184,1.4233274862677956,0.07039789249913327,0.610189327456319,0,0.9937649437611781,0.0,0.0
2021-06-28,164.02,115.7,1.4176318063958513,1.4557682534701493,1.424137856629984,0.07004097313667816,0.45159847762882405,0,0.9937649437611781,0.0,0.0
2021-06-29,164.03,117.21,1.3994539715041379,1.4407419605323324,1.4247369657328939,0.06966630465348239,0.2297379612575514,0,0.9937649437611781,0.0,0.0
2021-06-30,164.74,115.93,1.42102993185543,1.431497928859391,1.4257220676923694,0.06917924039469044,0.08349124873398955,0,0.9937649437611781,0.0,0.0
2021-07-01,165.96,117.16,1.416524411061796,1.4222871441066651,1.4266280076658149,0.06868702121688454,-0.06319772618240563,0,0.9937649437611781,0.0,0.0
2021-07-02,168.98,118.04,1.4315486275838698,1.417237749680217,1.427810856028368,0.06813920585397679,-0.15516920421422584,0,0.9937649437611781,0.0,0.0
2021-07-06,167.97,118.82,1.4136509005217976,1.4164415685054064,1.4291425893993472,0.06704162588202417,-0.1894497743281371,0,0.9937649437611781,0.0,0.0
2021-07-07,169.41,119.87,1.413281054475682,1.419206985099715,1.4304401685513821,0.06594142497661633,-0.170350935783545,0,0.9937649437611781,0.0,0.0
2021-07-08,169.08,119.26,1.4177427469394601,1.4185495481165211,1.4324612149840599,0.063582167541943,-0.218798248083658,0,0.9937649437611781,0.0,0.0
2021-07-09,169.75,119.74,1.4176549189911476,1.4187756497023916,1.43415189710442,0.06176131404818995,-0.24896243933590836,0,0.9937649437611781,0.0,0.0
2021-07-12,169.48,118.81,1.4264792525881658,1.4177617747032505,1.4363583193740366,0.058974810541893116,-0.315330299494153,0,0.9937649437611781,0.0,0.0
2021-07-13,169.27,118.65,1.4266329540665823,1.4203581854122076,1.438390460888335,0.056406174888532536,-0.3196861959131624,0,0.9937649437611781,0.0,0.0
2021-07-14,170.42,117.17,1.454467867201502,1.4285955479573715,1.440857722258099,0.05370951231444143,-0.22830544855702115,0,0.9937649437611781,0.0,0.0
2021-07-15,168.37,116.66,1.44325390022287,1.4336977786140535,1.441789731706258,0.05324818036719696,-0.15196675335012075,0,0.9937649437611781,0.0,0.0
2021-07-16,168.1,117.51,1.4305165517828269,1.4362701051723892,1.4429848553126436,0.05214750266681646,-0.12876455816411186,0,0.9937649437611781,0.0,0.0
2021-07-19,166.88,118.79,1.4048320565704182,1.4319406659688398,1.4441072249464424,0.050538326309068876,-0.24073925407021868,0,0.9937649437611781,0.0,0.0
2021-07-20,168.45,118.73,1.4187652657289647,1.4303671283013162,1.4453815126383083,0.04886420619027839,-0.3072675380937474,0,0.9937649437611781,0.0,0.0
2021-07-21,169.49,118.98,1.4245251302739956,1.4243785809158152,1.4468089192936877,0.046912332762785315,-0.4781330847752285,0,0.9937649437611781,0.0,0.0
2021-07-22,169.98,118.25,1.4374630021141648,1.423220401294074,1.4484193338865794,0.04482492914361875,-0.5621633558363985,0,0.9937649437611781,0.0,0.0
2021-07-23,171.79,120.8,1.4221026490066224,1.421537620738833,1.449892418382511,0.04237705223302934,-0.6691073623468745,0,0.9937649437611781,0.0,0.0
2021-07-26,171.87,119.52,1.4380020080321285,1.4281716110311753,1.4512439076522639,0.040618024779064954,-0.5680309849281572,0,0.9937649437611781,0.0,0.0
2021-07-27,172.66,119.81,1.4411150989066022,1.4326415776667027,1.452676161299375,0.03864019743756422,-0.5184907159194688,0,0.9937649437611781,0.0,0.0
2021-07-28,172.18,120.52,1.4286425489545305,1.4334650614028097,1.453450812555201,0.03765597999759667,-0.5307457448635482,0,0.9937649437611781,0.0,0.0
2021-07-29,172.18,121.09,1.4219175819638286,1.4303559773727426,1.453360374205707,0.037726194437344644,-0.6097725247949413,0,0.9937649437611781,0.0,0.0
2021-07-30,172.2,120.98,1.4233757645891882,1.4306106004892556,1.453587396097174,0.03749964677900085,-0.6127203208960605,0,0.9937649437611781,0.0,0.0
2021-08-02,172.27,120.92,1.424660932848164,1.4279423854524627,1.4537972162578263,0.03729809708309786,-0.6931943672021844,0,0.9937649437611781,0.0,0.0
2021-08-03,174.39,122.12,1.4280216180805763,1.4253236892872576,1.453988216884236,0.03713316274050164,-0.7719387598975932,0,0.9937649437611781,0.0,0.0
2021-08-04,173.36,121.57,1.4260097063420254,1.4247971207647565,1.4538956764538116,0.037196862607857956,-0.7822852157135397,0,0.9937649437611781,0.0,0.0
2021-08-05,173.69,122.21,1.4212421242124214,1.4246620292144752,1.453808514684167,0.03726827159541501,-0.7820723693898831,0,0.9937649437611781,0.0,0.0
2021-08-06,173.11,122.17,1.4169599738069905,1.4233788710580355,1.453330544902251,0.03755761065508789,-0.7974861372113957,0,0.9937649437611781,0.0,0.0
2021-08-09,173.71,123.16,1.4104417018512505,1.4205350248586528,1.4527198421751943,0.03795669418062399,-0.8479352064588161,0,0.9937649437611781,0.0,0.0
2021-08-10,173.77,122.7,1.4162184189079055,1.4181743850241186,1.4523441062752975,0.03820795135125675,-0.8943091697601572,0,0.9937649437611781,0.0,0.0
2021-08-11,173.8,121.46,1.4309237609089414,1.4191571959375018,1.4518666977675752,0.038295012894412714,-0.8541452099849202,0,0.9937649437611781,0.0,0.0
2021-08-12,175.2,122.81,1.426593925576093,1.4202275562102362,1.4513584851691097,0.03842667257013714,-0.8101385542048347,0,0.9937649437611781,0.0,0.0
2021-08-13,176.25,123.06,1.4322281813749391,1.423281197723826,1.4508719633939504,0.038481887279138476,-0.7169805750426831,0,0.9937649437611781,0.0,0.0
2021-08-16,177.84,124.66,1.4266003529600515,1.4265129279455862,1.4504451837644505,0.03860861483197958,-0.6198682838795152,0,0.9937649437611781,0.0,0.0
2021-08-17,179.47,125.69,1.4278781128172489,1.4288448667274547,1.4499169051216723,0.03869832491916797,-0.544520685022731,0,0.9937649437611781,0.0,0.0
2021-08-18,177.19,123.93,1.429758734769628,1.4286118614995922,1.449511414741863,0.03878125265229478,-0.5389086688264622,0,0.9937649437611781,0.0,0.0
2021-08-19,178.57,125.72,1.4203786191536747,1.4273688002151084,1.449242950286316,0.0389284207345926,-0.5619069476345289,0,0.9937649437611781,0.0,0.0
2021-08-20,179.44,126.32,1.4205193160227993,1.4250270271446805,1.448782654803898,0.03910459818108459,-0.6074893686213191,0,0.9937649437611781,0.0,0.0
2021-08-23,177.61,125.84,1.4113954227590593,1.421986041104482,1.4479866102680687,0.03937502014715947,-0.6603315773912669,0,0.9937649437611781,0.0,0.0
2021-08-24,175.39,125.5,1.3975298804780876,1.4159163946366498,1.4470967489389888,0.03990728597138794,-0.7813198403092151,0,0.9937649437611781,0.0,0.0
2021-08-25,174.23,124.74,1.3967452300785634,1.409313693698437,1.4442974418037857,0.0373250994899381,-0.9372713960154212,0,0.9937649437611781,0.0,0.0
2021-08-26,173.3,125.47,1.381206662947318,1.4014793024571655,1.4414054855002416,0.035290856337195725,-1.1313463935697958,-2,0.9937649437611781,0.0,0.0
2021-08-27,172.93,124.59,1.3879926157797575,1.394973962408557,1.4391968154213572,0.034391440280061775,-1.2858680140371463,-2,0.9937649437611781,0.0,0.0
2021-08-30,173.66,125.94,1.3789105923455613,1.3884769963258576,1.4368683222132939,0.033644336908592094,-1.4383200958577382,-2,0.9937649437611781,0.0,0.0
2021-08-31,173.13,126.37,1.3700245311387196,1.382975926457984,1.434726306823182,0.033742110920203155,-1.5337031073006262,-1,0.9936449437611781,0.0017328019407381735,-0.0023739811664160795
2021-09-01,173.74,127.4,1.3637362637362638,1.376374133189524,1.4322173699768956,0.03332113405019769,-1.6759104508041276,-1,0.9922567523436199,0.0017328019407381735,-0.0023739811664160795
2021-09-02,174.93,128.49,1.3614289049731496,1.3724185815946903,1.4295998890182102,0.03259059330732242,-1.7545341038842783,-1,0.9917311471817047,0.0017328019407381735,-0.0023739811664160795
2021-09-03,175.04,128.94,1.3575306344035984,1.3663261853194586,1.4269447217280842,0.031843549764151824,-1.9036362735183332,-1,0.9908534638702987,0.0017328019407381735,-0.0023739811664160795
2021-09-07,172.32,128.39,1.342160604408443,1.358976187732035,1.4242996594089945,0.03218883447109304,-2.029382944437544,2,0.987325253858543,0.0,0.0
2021-09-08,171.9,129.06,1.3319386331938634,1.3513590081430638,1.4215514365323438,0.0329219922798023,-2.132083252821345,2,0.987325253858543,0.0,0.0
2021-09-09,168.07,127.98,1.3132520706360369,1.3412621695230182,1.4186087926170772,0.03456692663890991,-2.2375903967983803,2,0.987325253858543,0.0,0.0
2021-09-10,166.97,128.8,1.2963509316770185,1.3282465748637922,1.415314586962642,0.0366173577355096,-2.377779760291547,2,0.987325253858543,0.0,0.0
2021-09-13,165.8,126.62,1.309429789922603,1.3186264059675932,1.4124706154270723,0.03809940322409105,-2.4631411916746107,2,0.987325253858543,0.0,0.0
2021-09-14,164.8,127.05,1.2971271153089337,1.3096197081476912,1.4096203834913694,0.04020283435278645,-2.48740361105279,2,0.987325253858543,0.0,0.0
2021-09-15,165.42,127.49,1.2975135304729781,1.3027346876035142,1.406742139269652,0.041936152655306466,-2.480138140497183,2,0.987325253858543,0.0,0.0
2021-09-16,165.22,127.44,1.296453232893911,1.2993749200550888,1.4037732692146634,0.0433339205688377,-2.4091600249678207,2,0.987325253858543,0.0,0.0
2021-09-17,164.75,126.79,1.299392696584904,1.2999832730366658,1.4009756459874094,0.044567276707522765,-2.2660656071385334,2,0.987325253858543,0.0,0.0
2021-09-20,163.81,124.87,1.3118443180908144,1.3004661786703082,1.398463412375166,0.04527863085452441,-2.1643153040495604,2,0.987325253858543,0.0,0.0
2021-09-21,164.53,125.13,1.3148725325661312,1.3040152621217476,1.3960980279226662,0.045882716882440826,-2.006916156182514,2,0.987325253858543,0.0,0.0
2021-09-22,163.93,124.65,1.3151223425591656,1.3075370245389852,1.3943895368587216,0.04696309772074398,-1.8493778420705176,-1,0.987205253858543,0.001830049411334106,-0.0024067388688327313
2021-09-23,164.86,125.3,1.3157222665602555,1.3113908312722542,1.3929940084429904,0.04804172996231509,-1.6985894811603863,-1,0.9873428195463424,0.001830049411334106,-0.0024067388688327313
2021-09-24,164.36,124.37,1.321540564444802,1.3158204048442337,1.3913358523194796,0.04876909864956448,-1.5484281966716302,-1,0.9886660619886898,0.001830049411334106,-0.0024067388688327313
2021-09-27,163.17,120.58,1.3532094874771934,1.3240934387215095,1.39028060359307,0.048899658106749545,-1.3535302174725161,-2,0.9956098435020782,0.001830049411334106,-0.0024067388688327313
2021-09-28,162.81,118.74,1.371147043961597,1.3353483410006026,1.3892739105326983,0.048656815269746634,-1.1082839933756419,-2,0.9993794252326501,0.001830049411334106,-0.0024067388688327313
2021-09-29,164.02,119.46,1.3730118868240417,1.346926249853578,1.388596593637736,0.04859454264941813,-0.8575107720384542,0,0.9997433982888613,0.0,0.0
2021-09-30,161.5,118.13,1.3671378989249132,1.3572093763265094,1.387827541045223,0.048562385423214255,-0.6304913659384863,0,0.9997433982888613,0.0,0.0
2021-10-01,160.47,117.21,1.3690811364218072,1.3667174907219104,1.3870165142032624,0.04846054723696893,-0.418877306153625,0,0.9997433982888613,0.0,0.0
2021-10-04,159.22,115.53,1.378170172249632,1.3717096276763983,1.386358435090904,0.04830528193437541,-0.30325477521084887,0,0.9997433982888613,0.0,0.0
2021-10-05,159.58,115.88,1.3771142561270282,1.3729030701094846,1.385535685149885,0.048029965100004436,-0.26301528668816787,0,0.9997433982888613,0.0,0.0
2021-10-06,159.91,116.49,1.3727358571551207,1.3728478641757005,1.3846374002013604,0.04775151261004865,-0.2468934570080815,0,0.9997433982888613,0.0,0.0
2021-10-07,161.34,117.91,1.3683317784751081,1.3730866400857393,1.383201798722587,0.04690382018310628,-0.21565745812088483,0,0.9997433982888613,0.0,0.0
2021-10-08,160.93,118.39,1.3593208885885633,1.3711345905190906,1.3818029151953486,0.046330566654526756,-0.2302653614364038,0,0.9997433982888613,0.0,0.0
2021-10-11,160.25,116.88,1.3710643394934976,1.3697134239678637,1.3808120449905268,0.04590486702492791,-0.24177438563619397,0,0.9997433982888613,0.0,0.0
2021-10-12,157.69,117.32,1.3441016024548245,1.3631108932334228,1.3797998707552668,0.04603561223034156,-0.3625232013498548,0,0.9997433982888613,0.0,0.0
2021-10-13,159.2,117.0,1.3606837606837605,1.360700473939151,1.37883184567118,0.04581249132391518,-0.39577353704324386,0,0.9997433982888613,0.0,0.0
2021-10-14,160.11,117.57,1.3618269966828274,1.3593995175806945,1.3777868767779937,0.045466331061041906,-0.40441704373754683,0,0.9997433982888613,0.0,0.0
2021-10-15,161.3,117.49,1.3728827985360457,1.362111899570191,1.376710540051692,0.04478902490269981,-0.32594236005840915,0,0.9997433982888613,0.0,0.0
2021-10-18,160.12,116.82,1.3706557096387606,1.3620301735992437,1.3758530910622275,0.04439603216392704,-0.3113547943191035,0,0.9997433982888613,0.0,0.0
2021-10-19,163.87,119.34,1.373135579017932,1.3678369689118655,1.3747719839119907,0.043640329286358824,-0.15891298515689792,0,0.9997433982888613,0.0,0.0
2021-10-20,163.78,123.31,1.3281972265023112,1.3613396620755753,1.3728900193719191,0.04316297726215493,-0.2675987160522193,0,0.9997433982888613,0.0,0.0
2021-10-21,163.4,125.05,1.3066773290683726,1.3503097285526846,1.37085726570715,0.04336431484498816,-0.4738351621123384,0,0.9997433982888613,0.0,0.0
2021-10-22,163.72,126.72,1.2919823232323233,1.33412963349194,1.368691678061625,0.04401079967225465,-0.7853082613146356,0,0.9997433982888613,0.0,0.0
2021-10-25,164.08,126.58,1.296255332595987,1.3192495580833854,1.3665730041950717,0.04439182755516879,-1.0660396004844395,-2,0.9997433982888613,0.0,0.0
2021-10-26,165.75,128.13,1.2936080543198314,1.3033440531437652,1.3643887895529327,0.04470825497401985,-1.3654019027278268,-2,0.9997433982888613,0.0,0.0
2021-10-27,163.74,127.71,1.2821235611933288,1.2941293200819686,1.3619571552714786,0.04515407069518516,-1.5021422021368864,-1,0.9996233982888613,0.0018321729571271527,-0.002349072116513977
2021-10-28,162.85,127.71,1.2751546472476705,1.2878247837178283,1.3594429042865728,0.04572340841352921,-1.5663338113602494,-1,0.9979927643570181,0.0018321729571271527,-0.002349072116513977
2021-10-29,162.88,128.89,1.2637132438513463,1.2821709678416326,1.3568174229472214,0.046628464738422574,-1.6008773937624186,-1,0.9952758244482455,0.0018321729571271527,-0.002349072116513977
2021-11-01,163.02,128.94,1.2643089809213588,1.2757816975067071,1.3542732397324608,0.047448620389687085,-1.6542428753695395,-1,0.9954148750564176,0.0018321729571271527,-0.002349072116513977
2021-11-02,165.59,127.71,1.2966095059118317,1.2763819878251073,1.3523760364668038,0.04744044800065469,-1.6018830311351155,-1,1.0030129182595466,0.0018321729571271527,-0.002349072116513977
2021-11-03,165.06,128.7,1.2825174825174825,1.2764607720899381,1.3501476875269636,0.0475308295505316,-1.550297273029633,-1,0.9997162851969205,0.0018321729571271527,-0.002349072116513977
2021-11-04,164.6,129.09,1.2750794019676195,1.2764457230339277,1.3475502815446083,0.047299494407932755,-1.5032836904648914,-1,0.9979573475112015,0.0018321729571271527,-0.002349072116513977
2021-11-05,163.43,124.37,1.314062876899574,1.2865156496435732,1.3456747640666662,0.04633330660623911,-1.2768161557268776,-2,1.0069013255413086,0.0018321729571271527,-0.002349072116513977
2021-11-08,162.87,126.8,1.2844637223974764,1.290546597938797,1.3432120230837084,0.045575628104216455,-1.1555611482629042,-2,1.0001670634421884,0.0018321729571271527,-0.002349072116513977
2021-11-09,162.51,126.43,1.285375306493712,1.288299758055173,1.3408582723092695,0.04483684139156941,-1.1722171460538922,-2,1.0003766378607328,0.0018321729571271527,-0.002349072116513977
2021-11-10,164.27,127.82,1.2851666405883275,1.2888295896693418,1.3384797477721206,0.04391823313024495,-1.1305135604052003,-2,1.0003360520233222,0.0018321729571271527,-0.002349072116513977
2021-11-11,163.06,127.25,1.2814145383104125,1.2900966169379005,1.3360073444978005,0.04285523104795357,-1.0712980991405094,-2,0.9994580938516112,0.0018321729571271527,-0.002349072116513977
2021-11-12,165.01,128.45,1.284624367458155,1.2842089150496165,1.3337447736362087,0.04189822689311137,-1.1822900933962077,-2,1.0002119445781925,0.0018321729571271527,-0.002349072116513977
2021-11-15,163.52,129.44,1.2632880098887516,1.2799737725478715,1.3311242518673077,0.041291549158228476,-1.2387638720801792,-2,0.9951564254767242,0.0018321729571271527,-0.002349072116513977
2021-11-16,162.67,130.89,1.2427992971197188,1.271458570673073,1.3283143164399855,0.041472601208669156,-1.3709230699285821,-2,0.9901929238942209,0.0018321729571271527,-0.002349072116513977
2021-11-17,163.28,128.62,1.2694759757424972,1.268320437703907,1.3261800846943923,0.04114391479031147,-1.4062747136572922,-2,0.9966429431025552,0.0018321729571271527,-0.002349072116513977
2021-11-18,162.4,127.64,1.2723284236916328,1.2665032147801512,1.32410647125461,0.04065961454040415,-1.4167191973061506,-2,0.9973327215744671,0.0018321729571271527,-0.002349072116513977
2021-11-19,162.89,126.84,1.2842163355408387,1.2664216083966877,1.3224899657978353,0.040277229269973076,-1.3920609341156165,-2,1.0001097440166704,0.0018321729571271527,-0.002349072116513977
2021-11-22,159.7,125.26,1.274948107935494,1.2687536280060363,1.3206058906670977,0.03980241526841152,-1.3027416128240081,-2,0.9979766462275269,0.0018321729571271527,-0.002349072116513977
2021-11-23,160.69,124.48,1.2908901028277635,1.2783717891476454,1.3191388825084678,0.039235094642250334,-1.0390466426178142,-2,1.0016227737059638,0.0018321729571271527,-0.002349072116513977
2021-11-24,160.24,125.07,1.2812025265851126,1.2807170993161683,1.3176585157659073,0.038957276722041974,-0.9482545895934668,0,0.9992948661576609,0.0,0.0
2021-11-26,159.2,125.88,1.2646965363838576,1.2791907218546132,1.3160078536433675,0.039069869278682105,-0.9423407978701109,0,0.9992948661576609,0.0,0.0
2021-11-29,159.75,128.03,1.24775443255487,1.2718983412574196,1.3141132791030627,0.03958276445386513,-1.066497967691111,-2,0.9992948661576609,0.0,0.0
2021-11-30,155.93,125.77,1.2398028146616842,1.2648692826026575,1.312151148774031,0.040305380959958136,-1.1730906654460396,-2,0.9992948661576609,0.0,0.0
2021-12-01,158.08,126.74,1.2472778917468836,1.2561468403864815,1.3105697702296717,0.04096398312389632,-1.3285556162492071,-2,0.9992948661576609,0.0,0.0
2021-12-02,157.09,128.38,1.2236329646362363,1.2446329279967063,1.308764675753711,0.04236858141728964,-1.5136628513796313,-1,0.9991748661576609,0.0019097332739194091,-0.0023368125876304722
2021-12-03,159.38,130.27,1.2234589698318874,1.2363854146863122,1.3072681240736421,0.04377005623026251,-1.6194338205652508,-1,0.9991315795643148,0.0019097332739194091,-0.0023368125876304722
2021-12-06,162.94,132.47,1.2300143428700838,1.2328373967493549,1.3061625142601931,0.0448743765847763,-1.634008605608438,-1,1.0007892423266809,0.0019097332739194091,-0.0023368125876304722
2021-12-07,163.36,132.42,1.2336505059658665,1.2316069350101915,1.3048995261942475,0.04583693993317385,-1.598985257107261,-1,1.0017081709311084,0.0019097332739194091,-0.0023368125876304722
2021-12-08,164.34,132.37,1.2415199818690035,1.2304553530346154,1.3039727406369153,0.0465533226368948,-1.5792081732966423,-1,1.0036965501689308,0.0019097332739194091,-0.0023368125876304722
2021-12-09,165.9,132.53,1.2517920470836792,1.236087169524104,1.3032107159137603,0.0470325818452156,-1.4271712025199905,-2,1.0063018440622242,0.0019097332739194091,-0.0023368125876304722
2021-12-10,165.49,134.37,1.2315993153233609,1.2377152386223989,1.3021298172875846,0.047927238310804525,-1.3440077278699443,-2,1.0012191182586772,0.0019097332739194091,-0.0023368125876304722
2021-12-13,168.45,135.96,1.2389673433362751,1.2395058387156372,1.301122728066774,0.048615639305161926,-1.267429375233876,-2,1.003156396735146,0.0019097332739194091,-0.0023368125876304722
2021-12-14,170.29,132.94,1.280953813750564,1.2489665002725765,1.30060788632777,0.04866371487993215,-1.0611887354388803,-2,1.0137274799738019,0.0019097332739194091,-0.0023368125876304722
2021-12-15,171.14,135.56,1.2624668043670697,1.2531558647721899,1.299734457524452,0.048873194784358996,-0.9530498867074028,0,1.0090995822636657,0.0,0.0
2021-12-16,173.01,136.09,1.2712910573884928,1.2570556668331523,1.299003936104941,0.04896677899267907,-0.8566679314982173,0,1.0090995822636657,0.0,0.0
2021-12-17,168.23,137.11,1.2269710451462328,1.2561300127977268,1.2975247490813737,0.04978682291152159,-0.83143960314984,0,1.0090995822636657,0.0,0.0
2021-12-20,167.75,134.98,1.2427767076603942,1.2568918856625506,1.296212018134967,0.0501796989981875,-0.7835864554276549,0,1.0090995822636657,0.0,0.0
2021-12-21,167.21,135.27,1.2361203518888149,1.247925193290201,1.2942605325418273,0.05020229051108114,-0.9229726130005717,0,1.0090995822636657,0.0,0.0
2021-12-22,167.93,138.99,1.2082164184473703,1.237075116106261,1.2915450221165905,0.050379162779729696,-1.0811991109992356,-2,1.0090995822636657,0.0,0.0
2021-12-23,168.25,139.16,1.209039954009773,1.224624895430517,1.288812156569686,0.0503323977399678,-1.2752673033933235,-2,1.0090995822636657,0.0,0.0
2021-12-27,169.67,141.46,1.1994203308355718,1.2191147525683848,1.286016863768197,0.05056541699466586,-1.3230803813378966,-2,1.0090995822636657,0.0,0.0
2021-12-28,170.35,140.47,1.2127144586032605,1.2131023027569579,1.283410752471221,0.050240250357113284,-1.3994446527336732,-2,1.0090995822636657,0.0,0.0
2021-12-29,171.55,141.19,1.2150293930165026,1.2088841109824957,1.280691739484002,0.049433050665441514,-1.4526238525615986,-2,1.0090995822636657,0.0,0.0
2021-12-30,172.31,141.0,1.2220567375886524,1.211652174810752,1.2781074475083625,0.048347963906089274,-1.3745206070454725,-2,1.0090995822636657,0.0,0.0
2021-12-31,171.07,140.74,1.2155037658092935,1.2129449371706562,1.2754869126525987,0.047383517139168316,-1.3199099445964062,-2,1.0090995822636657,0.0,0.0
2022-01-03,171.54,139.04,1.2337456846950519,1.2198100079425522,1.2732438110895978,0.046081529594559516,-1.1595492514500672,-2,1.0090995822636657,0.0,0.0
2022-01-04,171.08,135.77,1.2600721808941593,1.2292815524007321,1.2715896659613577,0.04469993963928874,-0.9464915143518252,0,1.0090995822636657,0.0,0.0
2022-01-05,172.22,135.16,1.2741935483870968,1.2411143834748508,1.269975152776251,0.04275316659527475,-0.6750557116531821,0,1.0090995822636657,0.0,0.0
2022-01-06,171.63,135.14,1.2700162794139411,1.2507062918399086,1.2687403973922362,0.041631139722166165,-0.4331878894664403,0,1.0090995822636657,0.0,0.0
2022-01-07,173.95,135.56,1.2831956329300678,1.2642446652640633,1.2674489285963415,0.03989631777781503,-0.08031476363615618,0,1.0090995822636657,0.0,0.0
2022-01-10,173.09,135.26,1.2796835723791218,1.2734322428008773,1.266079871524613,0.03796547537315994,0.19365940249656488,0,1.0090995822636657,0.0,0.0
2022-01-11,171.25,135.7,1.2619749447310245,1.2738127955682503,1.2642314072945295,0.035282453002722085,0.2715624186612415,0,1.0090995822636657,0.0,0.0
2022-01-12,169.79,133.72,1.269742746036494,1.2729226350981298,1.2625495245678249,0.03241174636893273,0.3200417037771126,0,1.0090995822636657,0.0,0.0
2022-01-13,168.76,129.65,1.3016583108368684,1.2792510413827152,1.2613582367648073,0.02945718771748793,0.6074172724671,0,1.0090995822636657,0.0,0.0
2022-01-14,167.84,128.16,1.3096129837702872,1.2845345115507594,1.2610484993859403,0.028833579297138087,0.8145368260662034,0,1.0090995822636657,0.0,0.0
2022-01-18,167.1,126.57,1.3202180611519319,1.2926414093053211,1.2612741782539996,0.02924679715748069,1.0725014052794668,-2,1.0090995822636657,0.0,0.0
2022-01-19,166.58,126.05,1.3215390717969062,1.3045542347184975,1.261766790730076,0.03001170412844651,1.4256919169033635,-2,1.0090995822636657,0.0,0.0
2022-01-20,165.25,124.71,1.3250741720792238,1.3156205199270434,1.2622471047214632,0.030793451763277826,1.733271593450584,1,1.0089795822636658,-0.001815431164901664,0.0024055809477988937
2022-01-21,164.87,125.83,1.31025987443376,1.3173408326464218,1.2625246350566954,0.031153817169296157,1.7595339053267214,1,1.0123636967678633,-0.001815431164901664,0.0024055809477988937
2022-01-24,162.97,123.82,1.3161847843644,1.3186551927652443,1.2630923221095465,0.03182020910228503,1.7461503938296832,1,1.0109777982761006,-0.001815431164901664,0.0024055809477988937
2022-01-25,167.63,123.27,1.3598604688894298,1.3265836743127442,1.2645040858035759,0.034157662036276334,1.8174425533936758,1,1.0011948195263696,-0.001815431164901664,0.0024055809477988937
2022-01-26,168.38,120.07,1.4023486299658532,1.3427455859465334,1.2668146755721508,0.038514397504045506,1.9714941760780993,1,0.9921353871197368,-0.001815431164901664,0.0024055809477988937
2022-01-27,170.59,120.44,1.4163899036864829,1.3610087322679854,1.2693493576182364,0.04308036708571641,2.1276368065150315,2,0.988893464681635,0.0,0.0
2022-01-28,171.79,125.35,1.370482648583965,1.373053287098026,1.270580576662772,0.044890268565786304,2.2827377449319823,2,0.988893464681635,0.0,0.0
2022-01-31,172.29,127.46,1.3517181860975993,1.380159967444666,1.2717339217224404,0.04607548084235728,2.353226569532605,2,0.988893464681635,0.0,0.0
2022-02-01,170.88,127.2,1.3433962264150943,1.3768671189497987,1.2728725354632318,0.04699450984110916,2.2129092065898335,2,0.988893464681635,0.0,0.0
2022-02-02,172.77,130.04,1.3285912027068596,1.3621156334980002,1.2731146742266866,0.04724708961318754,1.8837342151646916,1,0.988773464681635,-0.0017364125716270184,0.0023069824669332516
2022-02-03,172.76,130.11,1.3277995542233492,1.3443975636053733,1.273836938090451,0.047752060287189306,1.4776456783342586,-2,0.9889523175800367,-0.0017364125716270184,0.0023069824669332516
2022-02-04,171.63,129.71,1.3231824840027753,1.3349375306891356,1.2744670577156019,0.048154645366154505,1.2557557534425405,-2,0.9899916707992018,-0.0017364125716270184,0.0023069824669332516
2022-02-07,171.06,128.05,1.3358844201483795,1.3317707774992915,1.2753123540416031,0.048786644138567474,1.157251630125059,-2,0.9871518350699201,-0.0017364125716270184,0.0023069824669332516
2022-02-08,171.51,128.65,1.3331519626894675,1.3297219247541663,1.2761746444479205,0.049350292895407495,1.0850448328591147,-2,0.9877546388928479,-0.0017364125716270184,0.0023069824669332516
2022-02-09,171.49,130.49,1.3142003218637444,1.3268437485855433,1.276667577021347,0.04958328184890238,1.0119574520521002,-2,0.9920342148834376,-0.0017364125716270184,0.0023069824669332516
2022-02-10,169.42,127.76,1.3260801502817783,1.326499867797229,1.2777141126945644,0.04995735195724055,0.9765480593211057,0,0.9892127421524056,0.0,0.0
2022-02-11,167.71,125.49,1.3364411506892981,1.3291516011345337,1.2792748102540572,0.05030957685777162,0.9913975428869406,0,0.9892127421524056,0.0,0.0
2022-02-14,165.6,122.78,1.3487538687082585,1.3317254908465093,1.2805961084701531,0.05108297181542248,1.0009085329080174,-2,0.9892127421524056,0.0,0.0
2022-02-15,167.31,123.98,1.349491853524762,1.3349934690135683,1.2818821656340385,0.05183705942393694,1.0245817175926553,-2,0.9892127421524056,0.0,0.0
2022-02-16,167.21,123.68,1.3519566623544632,1.342544737111712,1.2830111710809324,0.05262052679922435,1.1313753330127663,-2,0.9892127421524056,0.0,0.0
2022-02-17,166.19,120.58,1.3782551003483166,1.3529797271250197,1.2847329542878125,0.05402365951048103,1.263275636186155,-2,0.9892127421524056,0.0,0.0
2022-02-18,163.36,116.79,1.3987498929702886,1.3654414755812176,1.286530617456855,0.05599074495004214,1.4093553889088473,-2,0.9892127421524056,0.0,0.0
2022-02-22,161.14,117.51,1.3712875499957449,1.3699482118387152,1.2880320345136989,0.0570433884155824,1.4360328094156392,-2,0.9892127421524056,0.0,0.0
2022-02-23,161.22,117.25,1.3750106609808102,1.3750519733299247,1.2898706032569813,0.05804744661337725,1.4674438763911624,-2,0.9892127421524056,0.0,0.0
2022-02-24,158.14,118.72,1.332041778975741,1.3710689966541802,1.2912753923639957,0.05803083454515498,1.3750207956788132,-2,0.9892127421524056,0.0,0.0
2022-02-25,166.0,122.41,1.3560983579772894,1.366637648179975,1.2932136514192558,0.058224327644280906,1.2610535790005155,-2,0.9892127421524056,0.0,0.0
2022-02-28,164.57,120.62,1.364367434919582,1.3597611565698335,1.2951651438054674,0.058619504908278955,1.1019542533741713,-2,0.9892127421524056,0.0,0.0
2022-03-01,164.0,118.17,1.3878310908013878,1.3630698647309623,1.2979017792415533,0.059054601228785565,1.1035225728972238,-2,0.9892127421524056,0.0,0.0
2022-03-02,166.04,120.36,1.3795280824194083,1.3639733490186816,1.3005029311180119,0.05915714087643339,1.072912195558029,-2,0.9892127421524056,0.0,0.0
2022-03-03,168.48,120.97,1.3927420021492931,1.376113393653392,1.3032150587726654,0.05959930306872646,1.2231407269421335,-2,0.9892127421524056,0.0,0.0
2022-03-04,169.48,121.41,1.3959311424100156,1.3840799505399375,1.3059197360467347,0.06006926327854791,1.3011681886419195,-2,0.9892127421524056,0.0,0.0
2022-03-07,172.21,118.86,1.4488473834763589,1.4009759402512927,1.3093751927401907,0.06222638279957243,1.4720564395674858,-2,0.9892127421524056,0.0,0.0
2022-03-08,168.72,116.11,1.4531048144001377,1.4140306849710427,1.3127304055287985,0.06445628903454964,1.5716120328917098,1,0.9890927421524056,-0.0017780938833570413,0.0025837567823615536
2022-03-09,169.36,118.39,1.43052622687727,1.4242303138626151,1.3160458540546969,0.06532269940084603,1.6561541516227831,1,0.9938457275308414,-0.0017780938833570413,0.0025837567823615536
2022-03-10,169.66,117.0,1.45008547008547,1.4356990074498506,1.3195644895005167,0.06677040378699928,1.7393113020524542,1,0.9897208774383518,-0.0017780938833570413,0.0025837567823615536
2022-03-11,169.35,114.02,1.4852657428521312,1.4535659275382735,1.322969688318876,0.06990421058967004,1.868217066150464,1,0.982572491330755,-0.0017780938833570413,0.0025837567823615536
2022-03-14,171.69,115.52,1.4862361495844876,1.4610436807598992,1.326699177405833,0.07254105954893632,1.8519787853861882,1,0.9822873868172418,-0.0017780938833570413,0.0025837567823615536
2022-03-15,176.14,117.48,1.499319033026898,1.4702865244852514,1.3304996436664733,0.07550183026980575,1.8514369826433315,1,0.9794390323297316,-0.0017780938833570413,0.0025837567823615536
2022-03-16,174.52,119.48,1.4606628724472714,1.4763138535992515,1.334394507454824,0.07609596457491673,1.8650048913527788,1,0.9874870579854931,-0.0017780938833570413,0.0025837567823615536
2022-03-17,176.8,121.2,1.4587458745874589,1.4780459344996495,1.337993993570275,0.0767934955867496,1.823747439275833,1,0.987877065597101,-0.0017780938833570413,0.0025837567823615536
2022-03-18,174.84,122.45,1.4278481012658228,1.4665624061823876,1.3411894560598916,0.07647089618872112,1.639485822332858,1,0.9945918255864328,-0.0017780938833570413,0.0025837567823615536
2022-03-21,175.83,121.76,1.4440703022339028,1.4581292367122707,1.3451203541230006,0.07557638431180463,1.495293584342837,-2,0.9910487204620798,-0.0017780938833570413,0.0025837567823615536
2022-03-22,175.0,121.89,1.4357207318073673,1.4454095764683645,1.3488983670862937,0.07431378186134686,1.2986986661793023,-2,0.9928604267669732,-0.0017780938833570413,0.0025837567823615536
2022-03-23,174.34,116.92,1.4911050290797125,1.451498007794853,1.353759778723696,0.07390910637513119,1.3224111867227748,-2,0.981192697521652,-0.0017780938833570413,0.0025837567823615536
2022-03-24,175.24,117.82,1.4873535902223733,1.4572195509218357,1.3583370975840148,0.07352933434812042,1.3448027812909016,-2,0.981917794130756,-0.0017780938833570413,0.0025837567823615536
2022-03-25,176.92,118.95,1.487347625052543,1.4691194556791796,1.3628757347846154,0.07293576020938822,1.4566753070037728,-2,0.9818502415707848,-0.0017780938833570413,0.0025837567823615536
2022-03-28,177.83,119.99,1.482040170014168,1.4767134292352329,1.3672087919917073,0.07214645315743351,1.5178104044085345,1,0.982919283190586,-0.0017780938833570413,0.0025837567823615536
2022-03-29,177.74,120.19,1.4788251934437142,1.4853343215625023,1.371597482452281,0.07075736786876544,1.6074204360056255,1,0.9835960629965604,-0.0017780938833570413,0.0025837567823615536
2022-03-30,179.59,120.38,1.491859112809437,1.485485138308447,1.3758993729208542,0.0700773262069108,1.5637834848896661,1,0.9807975031009987,-0.0017780938833570413,0.0025837567823615536
2022-03-31,177.23,118.36,1.4973808719161878,1.4874905946472101,1.3798545177712214,0.07012607208623658,1.5348938515139525,1,0.979774615965351,-0.0017780938833570413,0.0025837567823615536
2022-04-01,178.19,118.58,1.5026986001011975,1.490560789656941,1.3836629352997896,0.0704944376524754,1.5164012639428126,1,0.9786360723294477,-0.0017780938833570413,0.0025837567823615536
2022-04-04,176.47,118.88,1.4844380888290714,1.4910403734199216,1.3872366321233751,0.07006924774482153,1.4814450652385958,-2,0.9824695208435303,-0.0017780938833570413,0.0025837567823615536
2022-04-05,177.61,119.48,1.4865249414127888,1.4925803230137364,1.3906254539314205,0.06986874635859666,1.4592342699128942,-2,0.9819927478859203,-0.0017780938833570413,0.0025837567823615536
2022-04-06,182.23,119.94,1.5193430048357512,1.4980771014189993,1.3946197778056977,0.07026821384985407,1.4723203842119075,-2,0.9749664822646972,-0.0017780938833570413,0.0025837567823615536
2022-04-07,181.76,123.37,1.4732917240820296,1.4932592718521678,1.3981417241282144,0.06878732488396753,1.3827772468896047,-2,0.9846644721533752,-0.0017780938833570413,0.0025837567823615536
2022-04-08,182.12,123.25,1.4776470588235295,1.488248963596634,1.4016067960079985,0.06743288755281807,1.2848651560526965,-2,0.9837143075414833,-0.0017780938833570413,0.0025837567823615536
2022-04-11,179.84,120.04,1.498167277574142,1.4909948013456482,1.4048819454536197,0.06726813230164713,1.2801434043965567,-2,0.9794745023241567,-0.0017780938833570413,0.0025837567823615536
2022-04-12,179.9,118.39,1.519554016386519,1.4976006163403943,1.40838096266389,0.06768746939631103,1.318111822944985,-2,0.9751046180002587,-0.0017780938833570413,0.0025837567823615536
2022-04-13,180.66,119.48,1.5120522263140275,1.4961424606360496,1.411578198749925,0.06798251418647404,1.2439119514492707,-2,0.9765695615416815,-0.0017780938833570413,0.0025837567823615536
2022-04-14,179.9,117.69,1.528592063896678,1.5072025285989792,1.4150290819515876,0.06858699738826868,1.3438909728851491,-2,0.9732959882526057,-0.0017780938833570413,0.0025837567823615536
2022-04-18,177.66,116.29,1.5277323931550433,1.5172195954652818,1.4184067189695182,0.06907034501514372,1.4306121747922187,-2,0.9736616590560193,-0.0017780938833570413,0.0025837567823615536
2022-04-19,183.08,119.98,1.5259209868311385,1.5227703373166812,1.4220010708428077,0.06895840762613335,1.4613050089585409,-2,0.9735584527351383,-0.0017780938833570413,0.0025837567823615536
2022-04-20,183.89,122.64,1.499429223744292,1.518745378788236,1.4250551448324726,0.06824666717623706,1.372817718905187,-2,0.9789909897307009,-0.0017780938833570413,0.0025837567823615536
2022-04-21,183.36,123.37,1.4862608413714842,1.513587101799727,1.4271618177071734,0.06815092355973272,1.2681454568521568,-2,0.981819521940004,-0.0017780938833570413,0.0025837567823615536
2022-04-22,181.54,119.64,1.5173854898027415,1.51134578698094,1.429079098704455,0.06905321127743,1.1913521001357643,-2,0.9754182400095053,-0.0017780938833570413,0.0025837567823615536
2022-04-25,186.01,120.01,1.5499541704857926,1.5157901424470899,1.4313051698177768,0.07076876370068058,1.1938172749017602,-2,0.968426150360373,-0.0017780938833570413,0.0025837567823615536
2022-04-26,184.68,116.97,1.5788663759938446,1.526379220279631,1.434778231941275,0.0728169352945466,1.257962697383889,-2,0.9629363946068588,-0.0017780938833570413,0.0025837567823615536
2022-04-27,182.1,116.72,1.5601439342015078,1.538522162371074,1.4382519944096732,0.07375286543380931,1.3595426750081994,-2,0.9668779376303295,-0.0017780938833570413,0.0025837567823615536
2022-04-28,183.46,118.01,1.5546140157613761,1.5521927972490526,1.441772290898778,0.07418810020060185,1.4883856851934696,-2,0.9677927761982104,-0.0017780938833570413,0.0025837567823615536
2022-04-29,180.46,113.5,1.5899559471365639,1.5667068887158169,1.4461283699726064,0.07509750613441964,1.6056261379356962,1,0.9614743147598308,-0.0017780938833570413,0.0025837567823615536
2022-05-02,178.64,112.83,1.5832668616502703,1.5733694269487124,1.4503861584297217,0.07551585552887448,1.6285754515747544,1,0.9629793285833584,-0.0017780938833570413,0.0025837567823615536
2022-05-03,178.29,112.43,1.5857867117317441,1.5747534940962924,1.454762895558538,0.07562835168225372,1.5865822256960576,1,0.9625681587295888,-0.0017780938833570413,0.0025837567823615536
2022-05-04,180.2,115.7,1.5574762316335349,1.574219953582698,1.4584560924166239,0.07513363940251491,1.5407727096233164,1,0.9676208840906991,-0.0017780938833570413,0.0025837567823615536
2022-05-05,176.76,113.01,1.5641093708521367,1.57611902460085,1.4623053825526684,0.07451893521926482,1.5273117055859151,1,0.9667872213048948,-0.0017780938833570413,0.0025837567823615536
2022-05-06,176.37,112.27,1.57094504319943,1.572316843813423,1.4665844612415964,0.0732305468661696,1.4438289361003245,-2,0.9655686979004565,-0.0017780938833570413,0.0025837567823615536
2022-05-09,177.33,107.39,1.6512710680696527,1.5859176850972998,1.4720043098713942,0.0746750318422645,1.5254546588814848,1,0.9512529946745094,-0.0017780938833570413,0.0025837567823615536
2022-05-10,177.09,106.75,1.6589227166276348,1.600544886076478,1.4773790026370333,0.0763392454964768,1.6134018962124665,1,0.9500261328658037,-0.0017780938833570413,0.0025837567823615536
2022-05-11,176.13,105.84,1.6641156462585034,1.6218727690014716,1.4826350322628705,0.07816776199709834,1.7812680468422482,1,0.9493818843218775,-0.0017780938833570413,0.0025837567823615536
2022-05-12,177.87,107.97,1.647402056126702,1.6385313060563846,1.4876002023062365,0.07902409343147787,1.9099378075247542,1,0.9517914029112663,-0.0017780938833570413,0.0025837567823615536
2022-05-13,176.85,109.88,1.6094830724426648,1.6462389119050314,1.4918923091410397,0.07852394285136188,1.965599244757165,1,0.958540034126601,-0.0017780938833570413,0.0025837567823615536
2022-05-16,178.08,109.71,1.6231884057971016,1.6406223794505213,1.4959745308985195,0.07888201274643501,1.8337241091574321,1,0.9559137399970704,-0.0017780938833570413,0.0025837567823615536
2022-05-17,178.82,114.54,1.5612013270473195,1.6210781015344584,1.4986820547998032,0.07827396559800207,1.5636878213537113,1,0.9670774957821926,-0.0017780938833570413,0.0025837567823615536
2022-05-18,175.5,112.74,1.5566790846194785,1.5995907892066534,1.501771913710199,0.07680522025693476,1.2735967056565054,-2,0.9683300052666872,-0.0017780938833570413,0.0025837567823615536
2022-05-19,173.94,112.44,1.5469583778014941,1.5795020535416116,1.5046377089905436,0.07518610853172085,0.9957204331100983,0,0.9702087448374798,0.0,0.0
2022-05-20,176.98,113.24,1.5628753090780643,1.5701805008686915,1.508484934492249,0.07204498340727294,0.8563478462848018,0,0.9702087448374798,0.0,0.0
2022-05-23,179.44,115.03,1.5599408849865253,1.5575309967065762,1.5118823099424028,0.06949842273023804,0.6568305433543626,0,0.9702087448374798,0.0,0.0
2022-05-24,181.4,113.77,1.5944449327590755,1.5641797178489276,1.5157169349063944,0.0675410110660914,0.7175312033026958,0,0.9702087448374798,0.0,0.0
2022-05-25,179.62,113.19,1.5868893011750156,1.570221761160035,1.5190345717459548,0.0660246251081759,0.775274215191897,0,0.9702087448374798,0.0,0.0
2022-05-26,179.46,114.87,1.5622878036040742,1.573287646320551,1.5220805670990327,0.06365264748249706,0.804476816704269,0,0.9702087448374798,0.0,0.0
2022-05-27,181.09,116.69,1.551889622075585,1.571090508920055,1.5247330274311375,0.06144942732378752,0.7544005454217193,0,0.9702087448374798,0.0,0.0
2022-05-31,179.53,117.46,1.5284352119870594,1.564789374320162,1.526941428590755,0.059077233768056354,0.6406519621078083,0,0.9702087448374798,0.0,0.0
2022-06-01,177.71,115.08,1.544230100799444,1.5547464079282356,1.5285311405461397,0.0582172495681876,0.45030068539034934,0,0.9702087448374798,0.0,0.0
2022-06-02,177.15,117.51,1.5075312739341333,1.5388748024800591,1.5294382482050397,0.05744092525477329,0.16428276935241862,0,0.9702087448374798,0.0,0.0
2022-06-03,176.42,116.57,1.5134254096251178,1.529102323684268,1.530819901250837,0.056000366052261025,-0.030670827490057746,0,0.9702087448374798,0.0,0.0
2022-06-06,176.4,116.42,1.5152035732691977,1.5217651139229906,1.5319052029705658,0.05503181936518682,-0.18425865552956366,0,0.9702087448374798,0.0,0.0
2022-06-07,178.34,116.88,1.5258384668035594,1.5212457648862905,1.532581415036423,0.054697271288492666,-0.20724343067032142,0,0.9702087448374798,0.0,0.0
2022-06-08,177.28,114.69,1.5457319731449997,1.5215461393554015,1.533573012095765,0.05438122734464406,-0.22115853811357414,0,0.9702087448374798,0.0,0.0
2022-06-09,173.71,112.71,1.5412119598970813,1.528282276547991,1.5342712275436012,0.05420262103798336,-0.11049190760375387,0,0.9702087448374798,0.0,0.0
2022-06-10,172.55,109.63,1.5739304934780627,1.5403832933185801,1.5361590212274479,0.05356421222578287,0.07886370237886117,0,0.9702087448374798,0.0,0.0
2022-06-13,170.81,105.91,1.6127844396185442,1.5598994665884494,1.5387263306446326,0.05348238421581036,0.395889903830383,0,0.9702087448374798,0.0,0.0
2022-06-14,168.19,102.94,1.633864387021566,1.5815046506320507,1.5421599354072284,0.0528527614826391,0.7444211829451167,0,0.9702087448374798,0.0,0.0
2022-06-15,169.99,104.8,1.6220419847328245,1.5967666529496156,1.5451261301155437,0.05224504134926933,0.988429169552072,0,0.9702087448374798,0.0,0.0
2022-06-16,170.08,102.07,1.6663074360732832,1.621785748184856,1.548969241853309,0.05254091442923326,1.385901009195849,-2,0.9702087448374798,0.0,0.0
2022-06-17,169.46,102.53,1.652784550863162,1.637556559661876,1.5516639005496997,0.05365710242371636,1.600769613571452,1,0.9700887448374798,-0.0017703292812463116,0.0029259728859845897
2022-06-21,173.01,104.41,1.6570251891581267,1.6464047095697925,1.5544917605319624,0.05467180529956773,1.6811764040752615,1,0.9693049049147063,-0.0017703292812463116,0.0029259728859845897
2022-06-22,175.74,105.44,1.6667298937784523,1.6529778109211697,1.5574814650107276,0.0558302716990317,1.710476109183942,1,0.9674856580494681,-0.0017703292812463116,0.0029259728859845897
2022-06-23,179.66,106.21,1.6915544675642595,1.6668803074874567,1.5609733699698958,0.057557150971529136,1.8400309210917727,1,0.9627989663891906,-0.0017703292812463116,0.0029259728859845897
2022-06-24,182.29,109.45,1.6655093650068524,1.6667206932741707,1.5640847728292815,0.058084583814335775,1.7670079340321934,1,0.9676231525301029,-0.0017703292812463116,0.0029259728859845897
2022-06-27,182.12,109.08,1.6696002933626697,1.670083841774072,1.567047125838502,0.05886579979189768,1.7503663638279845,1,0.9668414985401005,-0.0017703292812463116,0.0029259728859845897
2022-06-28,176.94,106.97,1.6541086285874544,1.6695005296599377,1.5696592551163562,0.05919841470145075,1.6865531796265267,1,0.969838001427529,-0.0017703292812463116,0.0029259728859845897
2022-06-29,176.99,109.1,1.6222731439046747,1.660609179685182,1.5716521641797476,0.05891805234966662,1.5098431118783884,1,0.9759818072106138,-0.0017703292812463116,0.0029259728859845897
2022-06-30,177.51,108.65,1.633778186838472,1.6490539235400248,1.5741411658132376,0.05832267295730979,1.284453436858437,-2,0.9737445481856728,-0.0017703292812463116,0.0029259728859845897
2022-07-01,179.52,110.22,1.62874251497006,1.6417005535326663,1.5765114587058586,0.05758679873438226,1.132014563398303,-2,0.9747799637613634,-0.0017703292812463116,0.0029259728859845897
2022-07-05,178.14,109.3,1.629826166514181,1.6337457281629686,1.5783528447338326,0.05749412758819457,0.9634528908046242,0,0.9744040880554578,0.0,0.0
2022-07-06,178.3,108.69,1.6404453031557642,1.6310130630766306,1.5811387377183947,0.05635554054507218,0.8849941793805929,0,0.9744040880554578,0.0,0.0
2022-07-07,178.5,109.49,1.630285870855786,1.6326156084668526,1.5836827179189326,0.05503426868271158,0.8891349284576173,0,0.9744040880554578,0.0,0.0
2022-07-08,178.28,109.26,1.6317041918359876,1.6322008094663558,1.58590833315663,0.05421136328840209,0.8539256993677123,0,0.9744040880554578,0.0,0.0
2022-07-11,178.35,108.89,1.637891450087244,1.6340305964897925,1.5878806237183087,0.053908176159511774,0.8560848475921017,0,0.9744040880554578,0.0,0.0
2022-07-12,175.85,108.3,1.623730378578024,1.6328114389025612,1.589741926256042,0.05316855005725105,0.8100561817116075,0,0.9744040880554578,0.0,0.0
2022-07-13,175.44,106.21,1.6518218623481782,1.6350867507410438,1.5917957562302336,0.053146472998892066,0.8145600651940286,0,0.9744040880554578,0.0,0.0
2022-07-14,175.68,105.71,1.6619052123734748,1.6414106190445819,1.594031969883874,0.05322792216831407,0.8901089358868813,0,0.9744040880554578,0.0,0.0
2022-07-15,178.23,108.82,1.6378423083991913,1.6426382423572226,1.5958973252433417,0.05275960140981028,0.8859224835839964,0,0.9744040880554578,0.0,0.0
2022-07-18,174.23,107.02,1.6280134554288919,1.6406626434255522,1.5980403957714182,0.05136785630953207,0.8297455007135432,0,0.9744040880554578,0.0,0.0
2022-07-19,171.69,109.93,1.5618120622214136,1.6282789801542301,1.5992995827855838,0.04947237429798771,0.5857692859876554,0,0.9744040880554578,0.0,0.0
2022-07-20,170.71,108.23,1.5772891065323849,1.6133724289910714,1.6002979763977445,0.04838373594741726,0.27022412257573436,0,0.9744040880554578,0.0,0.0
2022-07-21,171.31,110.69,1.5476556147800162,1.5905225094723796,1.6002596671359817,0.04842516500440962,-0.2010763961819312,0,0.9744040880554578,0.0,0.0
2022-07-22,172.12,109.2,1.5761904761904761,1.5781921430306365,1.6002150688059256,0.048446429166967495,-0.4545830550150247,0,0.9744040880554578,0.0,0.0
2022-07-25,172.46,108.5,1.5894930875576037,1.570488069456379,1.6007042213618603,0.048182429155963206,-0.6271197288055719,0,0.9744040880554578,0.0,0.0
2022-07-26,173.68,109.09,1.59207993399945,1.5765416438119861,1.6013286533324949,0.047816371681435314,-0.5183791377071855,0,0.9744040880554578,0.0,0.0
2022-07-27,173.2,109.99,1.5746886080552778,1.5760215441165646,1.60107419768114,0.04791843128485764,-0.5228187336861365,0,0.9744040880554578,0.0,0.0
2022-07-28,174.2,110.36,1.578470460311707,1.5821845132229029,1.6009942576588307,0.047952630519990325,-0.3922567799088003,0,0.9744040880554578,0.0,0.0
2022-07-29,174.52,108.84,1.603454612274899,1.5876373404397874,1.6012887226678834,0.04791189176306696,-0.28492680471905585,0,0.9744040880554578,0.0,0.0
2022-08-01,173.91,109.52,1.5879291453615778,1.5873245520005823,1.6017962712300173,0.047600188820524886,-0.30402650888634525,0,0.9744040880554578,0.0,0.0
2022-08-02,172.92,108.64,1.5916789396170838,1.5872443531241092,1.6022557640427664,0.047362699062999586,-0.3169458501233165,0,0.9744040880554578,0.0,0.0
2022-08-03,174.59,109.61,1.5928291214305264,1.590872455799159,1.6026204986799513,0.04720148104529286,-0.24889140384216626,0,0.9744040880554578,0.0,0.0
2022-08-04,171.79,109.72,1.5657127232956616,1.5883209083959495,1.6011945262670517,0.04699875784543438,-0.2739140024389556,0,0.9744040880554578,0.0,0.0
2022-08-05,171.11,109.25,1.5662242562929063,1.5808748371995514,1.5996495519281393,0.04659076619418213,-0.4029707227895379,0,0.9744040880554578,0.0,0.0
2022-08-08,170.2,109.0,1.5614678899082568,1.575582586108887,1.5979387559889688,0.046065101833839,-0.48531684485844734,0,0.9744040880554578,0.0,0.0
2022-08-09,170.18,107.91,1.5770549532017424,1.5726577888258186,1.5967663042735525,0.04567843748025134,-0.5277876560063366,0,0.9744040880554578,0.0,0.0
2022-08-10,170.67,110.27,1.5477464405550012,1.5636412526507137,1.5957373604087584,0.04608068949307988,-0.6965196942824524,0,0.9744040880554578,0.0,0.0
2022-08-11,167.14,110.49,1.51271608290343,1.5530419245722675,1.593896155027197,0.04715965258702036,-0.8662962556720306,0,0.9744040880554578,0.0,0.0
2022-08-12,165.3,111.48,1.4827771797631863,1.5363525092663235,1.592589085905795,0.04912693800056692,-1.14471975922502,-2,0.9744040880554578,0.0,0.0
2022-08-15,166.09,111.9,1.484271671134942,1.5209132655116604,1.5913822956810526,0.050881993717075594,-1.3849502549217791,-2,0.9744040880554578,0.0,0.0
2022-08-16,167.57,112.03,1.4957600642684994,1.5046542877250118,1.5905289904555027,0.05205539726244639,-1.649679135047968,-1,0.9742840880554577,0.001790296592468819,-0.0026778541462108363
2022-08-17,167.58,110.55,1.5158751696065131,1.4982800335353141,1.5897456547976434,0.05282650667689712,-1.731434217707422,-1,0.9782652151577745,0.001790296592468819,-0.0026778541462108363
2022-08-18,166.77,109.96,1.5166424154237907,1.4990653000393863,1.5890240136382647,0.05353159402918981,-1.6804788878475307,-1,0.9783950088641392,0.001790296592468819,-0.0026778541462108363
2022-08-19,169.31,110.06,1.5383427221515538,1.5101784085170598,1.5880889767948057,0.05392383380912632,-1.4448262071559153,-2,0.9826745767943889,0.001790296592468819,-0.0026778541462108363
2022-08-22,167.59,107.45,1.5597021870637506,1.5252645117028216,1.5876358582262848,0.05404816792881099,-1.1539955730898228,-2,0.9865844659769527,0.001790296592468819,-0.0026778541462108363
2022-08-23,166.13,106.01,1.567116309782096,1.5395357608055407,1.5877163333292517,0.05401336971212873,-0.8920119737112425,0,0.9877104826643025,0.0,0.0
2022-08-24,165.58,105.44,1.570371775417299,1.550435081967698,1.5880243692182805,0.05385806671010529,-0.6979323534375904,0,0.9877104826643025,0.0,0.0
2022-08-25,167.13,105.89,1.578336009066012,1.5627738006961422,1.5888560491695964,0.05330473391476132,-0.48930454310421784,0,0.9877104826643025,0.0,0.0
2022-08-26,164.27,101.9,1.6120706575073602,1.5775193877673037,1.5899867251147282,0.05306104924829246,-0.23496213369406094,0,0.9877104826643025,0.0,0.0
2022-08-29,163.0,101.84,1.6005498821681068,1.5856889267881749,1.5915370352519609,0.05195850578133237,-0.11255343809149981,0,0.9877104826643025,0.0,0.0
2022-08-30,162.43,102.2,1.589334637964775,1.5901325924247107,1.592802189057622,0.050938460828882516,-0.052408270479143496,0,0.9877104826643025,0.0,0.0
2022-08-31,161.34,102.65,1.5717486604968338,1.5904079694406177,1.5937446071780828,0.04999276176134589,-0.06674241670010984,0,0.9877104826643025,0.0,0.0
2022-09-01,165.34,104.84,1.57706982067913,1.5901547317632412,1.5945984630760088,0.049245211054035,-0.09023682136099903,0,0.9877104826643025,0.0,0.0
2022-09-02,162.74,102.5,1.5877073170731708,1.5852820636764033,1.5952980521414786,0.048835688960239515,-0.20509567241346663,0,0.9877104826643025,0.0,0.0
2022-09-06,163.18,102.71,1.588745010222958,1.5829210892873735,1.59609026964691,0.04832631436156865,-0.2725053738012587,0,0.9877104826643025,0.0,0.0
2022-09-07,164.07,104.7,1.567048710601719,1.5784639038147623,1.595975573265637,0.048387926439708795,-0.36190163000049763,0,0.9877104826643025,0.0,0.0
2022-09-08,165.39,106.99,1.5458454061127207,1.5732832529379397,1.594859922707207,0.04876403043358752,-0.44247100941856715,0,0.9877104826643025,0.0,0.0
2022-09-09,165.71,108.48,1.5275626843657817,1.56338182567527,1.5930882276629437,0.04925154132246725,-0.6031567985492127,0,0.9877104826643025,0.0,0.0
2022-09-12,165.64,109.29,1.5156006953975658,1.548960501340149,1.5913142061740229,0.05010062983960973,-0.8453727022886409,0,0.9877104826643025,0.0,0.0
2022-09-13,161.33,105.84,1.5242819349962209,1.5360678862948016,1.588947114489405,0.049851893691848295,-1.060726569816345,-2,0.9877104826643025,0.0,0.0
2022-09-14,164.66,105.78,1.5566269616184534,1.5339835364981487,1.5873444880019933,0.04930753307773018,-1.0822068794178883,-2,0.9877104826643025,0.0,0.0
2022-09-15,165.08,105.06,1.571292594707786,1.5390729742171616,1.585915611427821,0.048489470837394376,-0.966037294317822,0,0.9877104826643025,0.0,0.0
2022-09-16,167.6,104.0,1.6115384615384616,1.5558681296516976,1.584995754223821,0.0474426169217659,-0.6139548461282328,0,0.9877104826643025,0.0,0.0
2022-09-19,166.28,104.09,1.5974637333077144,1.5722407372337273,1.5834275753195455,0.045370499661376996,-0.2465663408891516,0,0.9877104826643025,0.0,0.0
2022-09-20,164.97,102.31,1.6124523506988564,1.5898748203742543,1.582543291747745,0.044246718172523444,0.16569655172893658,0,0.9877104826643025,0.0,0.0
2022-09-21,163.28,100.65,1.622255340288127,1.603000496108189,1.5817542091965031,0.043074495632569806,0.4932451697849003,0,0.9877104826643025,0.0,0.0
2022-09-22,166.18,101.07,1.6442069852577423,1.6175833742181804,1.5815891818076746,0.04281075254130653,0.8407745782038368,0,0.9877104826643025,0.0,0.0
2022-09-23,166.72,100.68,1.6559396106475963,1.6264636040400071,1.5821502895867232,0.043566972103237796,1.017130920833276,-2,0.9877104826643025,0.0,0.0
2022-09-26,165.7,99.84,1.6596554487179485,1.6389019471220538,1.5825815772847145,0.04421005940615067,1.2739265812771978,-2,0.9877104826643025,0.0,0.0
2022-09-27,164.94,98.33,1.6774127936540222,1.6518940357130873,1.583392748596114,0.04549909280252851,1.5055528121028086,1,0.9875904826643025,-0.0018188432157148053,0.003050950879690837
2022-09-28,166.36,98.72,1.6851701782820099,1.6644770033118637,1.5843151487922442,0.04699286149754827,1.7058304594582236,1,0.9861975961410668,-0.0018188432157148053,0.003050950879690837
2022-09-29,164.53,98.29,1.6739241021467086,1.6704204266896572,1.5848731287754267,0.047861364529807125,1.7873978051953208,1,0.9882141703475579,-0.0018188432157148053,0.003050950879690837
2022-09-30,163.36,96.76,1.6883009508061182,1.6768926947213614,1.585840046774599,0.04935701898574248,1.8447760788200014,1,0.9856742620640172,-0.0018188432157148053,0.003050950879690837
2022-10-03,163.2,99.52,1.639871382636656,1.672935881505103,1.5859761666212766,0.049496714118373634,1.756878540984726,1,0.9943859014064783,-0.0018188432157148053,0.003050950879690837
2022-10-04,165.62,103.08,1.6067132324408226,1.658795969262463,1.5854565296605032,0.049104555639676785,1.4935363663631454,-2,1.0008456859561479,-0.0018188432157148053,0.003050950879690837
2022-10-05,165.11,103.38,1.5971174308376863,1.6411854197735984,1.5850129805314974,0.048872624246762475,1.1493640889525616,-2,1.0026885812600697,-0.0018188432157148053,0.003050950879690837
2022-10-06,161.91,102.45,1.5803806734992678,1.6224767340441102,1.5838222940506823,0.048081223327992036,0.8039404432316919,0,1.0055500834677087,0.0,0.0
2022-10-07,160.2,101.79,1.5738284703801944,1.5995822379589255,1.5823543483507942,0.04698901434348135,0.36663653938766305,0,1.0055500834677087,0.0,0.0
2022-10-10,160.41,101.13,1.5861762088401068,1.5888432031996156,1.5814932466914762,0.046424950154231176,0.15831910392411125,0,1.0055500834677087,0.0,0.0
2022-10-11,162.73,101.75,1.5993120393120392,1.587362964573859,1.5810148897561953,0.046084103998729635,0.13774977197861182,0,1.0055500834677087,0.0,0.0
2022-10-12,162.69,100.08,1.625599520383693,1.5930593824830601,1.5820780140589,0.0463684873532822,0.23682826529347373,0,1.0055500834677087,0.0,0.0
2022-10-13,165.15,102.47,1.6116912267004977,1.5993214931233062,1.5826513827283686,0.04652071602991973,0.358337356291254,0,1.0055500834677087,0.0,0.0
2022-10-14,164.46,100.91,1.6297691011792688,1.6105096192831212,1.5840199408350226,0.04668129279368513,0.5674581157204369,0,1.0055500834677087,0.0,0.0
2022-10-17,166.59,103.52,1.609254250386399,1.6151252275923795,1.5845710037382879,0.04678234716305821,0.6531143840986862,0,1.0055500834677087,0.0,0.0
2022-10-18,166.01,104.98,1.5813488283482566,1.6115325853996232,1.584435266084799,0.04677963891091398,0.5792545634314914,0,1.0055500834677087,0.0,0.0
2022-10-19,164.69,98.11,1.6786260320048925,1.6221378877238628,1.5858777010515566,0.048328039497840265,0.7502929365451846,0,1.0055500834677087,0.0,0.0
2022-10-20,165.11,95.21,1.7341665791408467,1.6466329582119328,1.5885356672363158,0.05195188014886596,1.1182904412533603,-2,1.0055500834677087,0.0,0.0
2022-10-21,168.71,95.06,1.7747738270565958,1.6756339033873981,1.5918073900153973,0.057221242765689136,1.4649544351082273,-2,1.0055500834677087,0.0,0.0
2022-10-24,170.98,98.29,1.7395462407162476,1.7016923014533678,1.5940755838227532,0.06030493062823934,1.7845425989134682,1,1.0054300834677088,-0.0017545911802550006,0.0030521924916064704
2022-10-25,170.71,97.95,1.742827973455845,1.7339881304748856,1.5966572309576577,0.06327957812146139,2.1702246379334182,2,1.0047463799362446,0.0,0.0
2022-10-26,172.21,98.42,1.749745986588092,1.7482121213915256,1.5992916817405078,0.06628763200931585,2.2465795675140265,2,1.0047463799362446,0.0,0.0
2022-10-27,172.31,96.93,1.7776746105436911,1.756913727672094,1.602372439892394,0.07016423827645132,2.2025648902621606,2,1.0047463799362446,0.0,0.0
2022-10-28,174.87,99.49,1.757664086842899,1.7534917796293548,1.6055716292848474,0.07279128180097225,2.0321135537763206,2,1.0047463799362446,0.0,0.0
2022-10-31,173.97,98.94,1.7583383869011522,1.757250208866336,1.6087735314616518,0.07521607377413013,1.9740019646671767,1,1.0046263799362447,-0.001724435247456458,0.0030321406913280777
2022-11-01,173.09,99.31,1.74292619071594,1.7572698523183548,1.611797836475113,0.07691072686409925,1.8914398780847534,1,1.0072657750097977,-0.001724435247456458,0.0030321406913280777
2022-11-02,170.43,98.04,1.7383720930232558,1.7549950736053876,1.6144864554721385,0.0784792522138845,1.7903919083009612,1,1.0080019540900453,-0.001724435247456458,0.0030321406913280777
2022-11-03,170.72,96.45,1.7700362882322447,1.7534674091430982,1.6181912862667593,0.08049619037859265,1.6805282615252124,1,1.0026807641690714,-0.001724435247456458,0.0030321406913280777
2022-11-04,171.48,98.07,1.7485469562557356,1.7516439830256654,1.6221218008226308,0.08101466792865628,1.598749775992359,1,1.0062822613009559,-0.001724435247456458,0.0030321406913280777
2022-11-07,172.98,99.5,1.7384924623115576,1.747674798107747,1.6263837221984372,0.08028282398191887,1.510797327416219,1,1.0080315696183704,-0.001724435247456458,0.0030321406913280777
2022-11-08,173.84,99.64,1.7446808510638299,1.7480257301773245,1.630723875197252,0.0795051152518439,1.4754000998363703,-2,1.0069730550023437,-0.001724435247456458,0.0030321406913280777
2022-11-09,172.45,99.46,1.7338628594409813,1.7471238834608698,1.6346922551167933,0.07859144249579246,1.4305835950281194,-2,1.0088242346718692,-0.001724435247456458,0.0030321406913280777
2022-11-10,174.47,104.23,1.6738942722824521,1.7278954802709112,1.637325906828059,0.0771772564901154,1.1735267300471097,-2,1.0198041865696421,-0.001724435247456458,0.0030321406913280777
2022-11-11,169.25,104.09,1.6259967335959264,1.7033854357389493,1.6391484787975945,0.07555309561849105,0.8502226998840968,0,1.0282597436265406,0.0,0.0
2022-11-14,171.91,102.01,1.6852269385354375,1.6927323309837257,1.6415965490706592,0.0746051511592064,0.6854189170388968,0,1.0282597436265406,0.0,0.0
2022-11-15,172.39,103.14,1.6714174907892183,1.678079658928803,1.643458470799417,0.07391754259283105,0.4683757997758927,0,1.0282597436265406,0.0,0.0
2022-11-16,173.46,103.61,1.6741627256056366,1.6661396321617343,1.6452425777298096,0.073333233677795,0.2849602204062117,0,1.0282597436265406,0.0,0.0
2022-11-17,174.86,102.56,1.7049531981279251,1.672351417330829,1.6474856014416532,0.07306206768893618,0.3403382449432256,0,1.0282597436265406,0.0,0.0
2022-11-18,176.2,103.87,1.6963512082410703,1.6864223122598574,1.649452521427904,0.07275684292032039,0.5081280240875862,0,1.0282597436265406,0.0,0.0
2022-11-21,175.97,103.88,1.693973815941471,1.6881716877410642,1.6508175740684725,0.07281190919358731,0.5130220328830702,0,1.0282597436265406,0.0,0.0
2022-11-22,176.82,104.87,1.68608753695051,1.6911056969733225,1.6522432016481794,0.07264821876541244,0.5349407870636653,0,1.0282597436265406,0.0,0.0
2022-11-23,177.01,106.02,1.6695906432748537,1.690191280507166,1.6535808017366806,0.07220781609459766,0.5070154555363205,0,1.0282597436265406,0.0,0.0
2022-11-25,177.24,106.96,1.6570680628272254,1.680614253447026,1.6550027917755203,0.07140461124473649,0.3586807802051252,0,1.0282597436265406,0.0,0.0
2022-11-28,177.33,105.39,1.6826074580130943,1.677865503401431,1.6567617523977531,0.07074917798883416,0.2982896989560563,0,1.0282597436265406,0.0,0.0
2022-11-29,176.09,105.0,1.6770476190476191,1.6744802640226606,1.6582507574306609,0.07020928739666545,0.23115897046934766,0,1.0282597436265406,0.0,0.0
2022-11-30,178.0,107.58,1.6545826361777283,1.668179283868104,1.6593480511965735,0.06961656012446224,0.1268553438397677,0,1.0282597436265406,0.0,0.0
2022-12-01,178.74,107.93,1.6560733808950245,1.6654758313921385,1.660831795701462,0.06855666053218637,0.06774010948937921,0,1.0282597436265406,0.0,0.0
2022-12-02,178.88,108.09,1.6549171986307705,1.6650456585528475,1.662649658910096,0.06688160061711605,0.03582449613411638,0,1.0282597436265406,0.0,0.0
2022-12-05,178.78,105.41,1.6960440185940613,1.6677329706690407,1.6654576811472341,0.06461218791458229,0.03521455618891134,0,1.0282597436265406,0.0,0.0
2022-12-06,176.1,103.86,1.6955517042172155,1.67143378770296,1.6684568646275617,0.06164663966718498,0.04829011105017049,0,1.0282597436265406,0.0,0.0
2022-12-07,177.17,104.81,1.690392138154756,1.6785956880983655,1.6712253680135374,0.05872271122217732,0.12551055514011394,0,1.0282597436265406,0.0,0.0
2022-12-08,177.2,106.92,1.6573138795361015,1.678843787826581,1.6729034833121648,0.056799502040331344,0.10458374283278365,0,1.0282597436265406,0.0,0.0
2022-12-09,175.74,107.51,1.6346386382662077,1.6747880757536684,1.6739592507048051,0.05545151638371093,0.014946841906504651,0,1.0282597436265406,0.0,0.0
2022-12-12,177.84,109.49,1.6242579230979999,1.660430856654456,1.6741712417307975,0.05523271876679627,-0.24877256421788746,0,1.0282597436265406,0.0,0.0
2022-12-13,179.21,111.53,1.6068322424459787,1.6426869643002089,1.6743273835497685,0.05502504457218629,-0.5750185119441598,0,1.0282597436265406,0.0,0.0
2022-12-14,179.76,111.26,1.6156749955060217,1.627743535770462,1.6743810942965547,0.054965164025147034,-0.8484930292349472,0,1.0282597436265406,0.0,0.0
2022-12-15,177.49,108.52,1.6355510504976043,1.6233909699627624,1.6746026894667125,0.054777936596382824,-0.9348968341266761,0,1.0282597436265406,0.0,0.0
2022-12-16,175.67,106.91,1.6431577962772426,1.6250948015649693,1.674585202983704,0.05478797066633804,-0.9033078030966721,0,1.0282597436265406,0.0,0.0
2022-12-19,175.48,106.59,1.6463082840791818,1.6295048737612057,1.6744246808742307,0.054857590986657705,-0.8188439613389197,0,1.0282597436265406,0.0,0.0
2022-12-20,175.67,106.49,1.6496384637055121,1.6380661180131124,1.6742577311240232,0.054918509129067594,-0.6590057466027438,0,1.0282597436265406,0.0,0.0
2022-12-21,177.68,108.14,1.6430552986868874,1.6435421786492856,1.6736851062079046,0.055063981193123286,-0.547416421869317,0,1.0282597436265406,0.0,0.0
2022-12-22,177.03,108.03,1.6387114690363789,1.6441742623570406,1.6729107943871437,0.05522615358595552,-0.5203428115879344,0,1.0282597436265406,0.0,0.0
2022-12-23,177.48,108.18,1.6405990016638934,1.643662503434371,1.672355376045764,0.05538314467606876,-0.5180795128051143,0,1.0282597436265406,0.0,0.0
2022-12-27,177.43,108.57,1.634245187436677,1.6412498841058696,1.671454446656273,0.05555874808443952,-0.5436508847265217,0,1.0282597436265406,0.0,0.0
2022-12-28,176.66,107.83,1.6383195771121208,1.6389861067871916,1.671428583230864,0.05557405874920372,-0.5837701469687459,0,1.0282597436265406,0.0,0.0
2022-12-29,177.56,110.31,1.6096455443749433,1.6323041559248026,1.6714774550964326,0.05551744393761028,-0.705603435483313,0,1.0282597436265406,0.0,0.0
2022-12-30,176.65,109.79,1.608980781491939,1.6263580184159145,1.6716751776073369,0.05526869400022846,-0.8199426458536363,0,1.0282597436265406,0.0,0.0
2023-01-03,178.19,109.58,1.62611790472714,1.6234617990285642,1.672437464794468,0.05429501918342257,-0.9020287035989675,0,1.0282597436265406,0.0,0.0
2023-01-04,180.13,111.21,1.6197284416868987,1.620558449878608,1.6732024643162466,0.05319430185825248,-0.989655143476076,0,1.0282597436265406,0.0,0.0
2023-01-05,178.8,110.8,1.6137184115523466,1.6156382167666536,1.6736615010281173,0.05254546566737497,-1.1042491207284095,-2,1.0282597436265406,0.0,0.0
2023-01-06,180.25,112.33,1.6046470221668299,1.6146385123250309,1.6737504174090305,0.05242188914616768,-1.1276187494727297,-2,1.0282597436265406,0.0,0.0
2023-01-09,175.58,112.15,1.5655818100757914,1.6059587180418013,1.672750122237232,0.05390781782550413,-1.238992912152925,-2,1.0282597436265406,0.0,0.0
2023-01-10,175.16,113.85,1.5385155906895038,1.5884382552342742,1.6715305283037154,0.05609595180319383,-1.481252575247513,-2,1.0282597436265406,0.0,0.0
2023-01-11,174.88,113.15,1.545558992487848,1.573604365394464,1.670127026492192,0.05817350068194005,-1.659220434841277,-1,1.0281397436265407,0.0017154620311070447,-0.0026513477684489612
2023-01-12,174.0,111.36,1.5625,1.5633606830839946,1.669347788985752,0.05930485217653327,-1.7871574080694894,-1,1.0313760495446902,0.0017154620311070447,-0.0026513477684489612
2023-01-13,173.43,113.51,1.5278830059025637,1.5480078798311414,1.6684566919449904,0.0610262083949097,-1.9737226886914998,-1,1.024697838484794,0.0017154620311070447,-0.0026513477684489612
2023-01-17,172.36,113.39,1.5200634976629332,1.5389042173485699,1.665813983039291,0.06394194646719974,-1.9847654427570802,-1,1.0231804558437234,0.0017154620311070447,-0.0026513477684489612
2023-01-18,169.76,111.51,1.5223746749170477,1.5356760341940785,1.6622841179688943,0.06591994881295993,-1.9206338301938204,-1,1.0237047883675292,0.0017154620311070447,-0.0026513477684489612
2023-01-19,169.53,111.8,1.5163685152057245,1.529837938737654,1.6579773627713799,0.06688029776233229,-1.9159517574082248,-1,1.0225413412475244,0.0017154620311070447,-0.0026513477684489612
2023-01-20,168.74,112.82,1.495656798439993,1.5164692984256525,1.6539125387334424,0.06920965392467528,-1.9858969452061848,-1,1.0184817515191318,0.0017154620311070447,-0.0026513477684489612
2023-01-23,168.31,114.01,1.4762740110516621,1.5061474994554722,1.6494699726933724,0.071907886461929,-1.9931398388934847,-1,1.0145889990013013,0.0017154620311070447,-0.0026513477684489612
2023-01-24,168.31,112.53,1.4956900382120324,1.501272807565292,1.6452357068871046,0.07336825536942787,-1.962196028744623,-1,1.0185129936986057,0.0017154620311070447,-0.0026513477684489612
2023-01-25,169.51,111.0,1.527117117117117,1.5022212960053056,1.6410597486633285,0.07283098303299002,-1.9063102937266911,-1,1.024628110221661,0.0017154620311070447,-0.0026513477684489612
2023-01-26,168.89,111.07,1.5205726118663905,1.503062115337439,1.6371082240803867,0.07282908700710282,-1.8405573137265128,-1,1.0233789294185833,0.0017154620311070447,-0.0026513477684489612
2023-01-27,168.23,109.95,1.5300591177808094,1.5099425792056023,1.6333035695950477,0.07234975243650855,-1.7050644436924989,-1,1.0252162339787154,0.0017154620311070447,-0.0026513477684489612
2023-01-30,162.0,109.81,1.475275475821874,1.5097428721596446,1.6288427243468135,0.07371458068406982,-1.6156892039800632,-1,1.0149000942125013,0.0017154620311070447,-0.0026513477684489612
2023-01-31,163.42,110.55,1.4782451379466304,1.5062538921065642,1.6245072750955363,0.07480502431853972,-1.5808213962396112,-1,1.015374052948021,0.0017154620311070447,-0.0026513477684489612
2023-02-01,164.92,111.82,1.474870327311751,1.495804534145491,1.619587842413528,0.07477788369874004,-1.6553465028072534,-1,1.0145800343287514,0.0017154620311070447,-0.0026513477684489612
2023-02-02,165.54,112.25,1.4747438752783963,1.486638786827892,1.6150244577305723,0.07512836862058864,-1.7088840508576766,-1,1.0145035412476047,0.0017154620311070447,-0.0026513477684489612
2023-02-03,164.61,111.79,1.47249306735844,1.4751255767434184,1.6105911344813537,0.07556606967798984,-1.7926770350131422,-1,1.0141277815321617,0.0017154620311070447,-0.0026513477684489612
2023-02-06,163.36,110.75,1.475033860045147,1.475077253588073,1.6060970179643757,0.07547449000748002,-1.7359476607701194,-1,1.0147408556724649,0.0017154620311070447,-0.0026513477684489612
2023-02-07,163.4,111.99,1.4590588445396913,1.4712399949066852,1.6015169510493543,0.0759264824270028,-1.7158302607778506,-1,1.0115218029208324,0.0017154620311070447,-0.0026513477684489612
2023-02-08,163.61,110.2,1.4846642468239566,1.473198778809126,1.5983631172917125,0.07679427625919036,-1.6298654610682317,-1,1.0166279624528884,0.0017154620311070447,-0.0026513477684489612
2023-02-09,161.4,108.07,1.4934764504487834,1.4769452938432035,1.596154445905927,0.07788400691751732,-1.5305986014429291,-1,1.0184841621109382,0.0017154620311070447,-0.0026513477684489612
2023-02-10,162.15,108.16,1.4991678994082842,1.4822802602531724,1.5930534619204741,0.07798138724425487,-1.4205082210237645,-2,1.0195321373351078,0.0017154620311070447,-0.0026513477684489612
2023-02-13,162.75,108.52,1.4997235532620716,1.4872181988965574,1.5901918962950217,0.07820691221734136,-1.3166828158653632,-2,1.0196069293571304,0.0017154620311070447,-0.0026513477684489612
2023-02-14,162.04,107.26,1.5107216110385977,1.4975507521963387,1.5874678777189044,0.07807885577481177,-1.1516194061795275,-2,1.02172964950329,0.0017154620311070447,-0.0026513477684489612
2023-02-15,159.37,107.28,1.48555182699478,1.4977282682305035,1.5838111882000188,0.0776196674378373,-1.1090348981262492,-2,1.0170963389248653,0.0017154620311070447,-0.0026513477684489612
2023-02-16,158.24,106.08,1.4917043740573153,1.4973738529522098,1.5804004076302895,0.07708506827112255,-1.0770770077813239,-2,1.0183394841518532,0.0017154620311070447,-0.0026513477684489612
2023-02-17,160.39,106.74,1.5026231965523702,1.4980649123810268,1.5772112306404713,0.07626053489510351,-1.0378411109797538,-2,1.020277837991557,0.0017154620311070447,-0.0026513477684489612
2023-02-21,158.0,103.65,1.5243608297153883,1.5029923676716903,1.574515785519886,0.07519778115022256,-0.9511373441367015,0,1.0242613773022953,0.0,0.0
2023-02-22,157.78,102.69,1.5364689843217452,1.5081418423283197,1.5722970912040006,0.07430361960995718,-0.8634202372973454,0,1.0242613773022953,0.0,0.0
2023-02-23,157.73,102.55,1.5380789858605557,1.518647274101475,1.570313939921223,0.0735871941125418,-0.7021149052202034,0,1.0242613773022953,0.0,0.0
2023-02-24,155.97,100.46,1.552558232132192,1.5308180457164502,1.5681464528232079,0.0721243023099931,-0.5175565781741458,0,1.0242613773022953,0.0,0.0
2023-02-27,155.63,99.77,1.559887741806154,1.542270954767207,1.5661937882025165,0.07069784744809651,-0.33838135528627805,0,1.0242613773022953,0.0,0.0
2023-02-28,153.26,101.72,1.506685017695635,1.5387357923632563,1.5637288278944819,0.07013994436735806,-0.35633098595465806,0,1.0242613773022953,0.0,0.0
2023-03-01,152.57,100.83,1.513140930278687,1.5340701815546447,1.5613466203842097,0.06937349419523288,-0.3931824271789287,0,1.0242613773022953,0.0,0.0
2023-03-02,152.45,102.63,1.4854331092273214,1.523541006227998,1.5585218855608187,0.06894813582218656,-0.5073506181956036,0,1.0242613773022953,0.0,0.0
2023-03-03,154.02,104.45,1.474581139301101,1.5079455876617796,1.5548308375726028,0.06737111515311368,-0.6959250979335514,0,1.0242613773022953,0.0,0.0
2023-03-06,155.56,102.75,1.5139659367396594,1.4987612266484809,1.5518044081146434,0.06497863841379167,-0.8163172199512281,0,1.0242613773022953,0.0,0.0
2023-03-07,154.09,99.98,1.5412082416483297,1.5056658714390196,1.5493180098395363,0.06238833724121208,-0.6996842732279325,0,1.0242613773022953,0.0,0.0
2023-03-08,152.96,99.4,1.5388329979879276,1.5108042849808678,1.5473433284804001,0.060766131068006234,-0.601306070624107,0,1.0242613773022953,0.0,0.0
2023-03-09,151.24,97.85,1.5456310679611653,1.5228438767276367,1.545859868975316,0.059675572041844975,-0.38568532248908094,0,1.0242613773022953,0.0,0.0
2023-03-10,151.61,96.96,1.5636344884488451,1.5406545465571853,1.54484947839783,0.05883295641523006,-0.07130241443312439,0,1.0242613773022953,0.0,0.0
2023-03-13,153.06,98.19,1.5588145432325085,1.5496242678557552,1.5440491834109389,0.05829969627296101,0.09562801869007409,0,1.0242613773022953,0.0,0.0
2023-03-14,153.92,98.55,1.5618467782851344,1.5537519751831161,1.5431520464572575,0.05758863863466632,0.18406284602598516,0,1.0242613773022953,0.0,0.0
2023-03-15,154.35,97.8,1.5782208588957054,1.5616295473646717,1.5421965432638924,0.05649480149549381,0.34397862433996407,0,1.0242613773022953,0.0,0.0
2023-03-16,154.03,99.03,1.5553872563869535,1.5635807850498293,1.5407337009323878,0.05495152239626383,0.4157679918799647,0,1.0242613773022953,0.0,0.0
2023-03-17,152.38,97.01,1.5707659004226366,1.5650070674445877,1.5394746612047787,0.053333194507135126,0.4787338631364597,0,1.0242613773022953,0.0,0.0
2023-03-20,153.89,97.87,1.5723919485031161,1.5677225484987092,1.5381872192847388,0.051530702147266974,0.5731598441946877,0,1.0242613773022953,0.0,0.0
2023-03-21,153.89,98.33,1.565036102918743,1.568360413425431,1.5368868993552698,0.0497947449959328,0.6320649713686037,0,1.0242613773022953,0.0,0.0
2023-03-22,151.05,96.86,1.5594672723518481,1.5646096961166596,1.5355661627438608,0.04806923866876851,0.604202067208293,0,1.0242613773022953,0.0,0.0
2023-03-23,151.13,97.04,1.55739901071723,1.5650120469827147,1.534179496228083,0.04614969306377803,0.668098717623574,0,1.0242613773022953,0.0,0.0
2023-03-24,152.65,98.05,1.556858745537991,1.5622306160057857,1.5328897221964382,0.04435206810992517,0.6615451107404307,0,1.0242613773022953,0.0,0.0
2023-03-27,153.3,98.46,1.5569774527726998,1.5591477168597023,1.5315340201241148,0.0422690614031429,0.6532838870544296,0,1.0242613773022953,0.0,0.0
2023-03-28,151.82,97.11,1.5633817320564307,1.55881684268724,1.5307629565854728,0.04122919275077556,0.6804374335279572,0,1.0242613773022953,0.0,0.0
2023-03-29,153.31,98.62,1.5545528290407624,1.5578339540250228,1.5298558240446198,0.04006128573917955,0.698383226203861,0,1.0242613773022953,0.0,0.0
2023-03-30,153.43,99.08,1.5485466289866776,1.5560634776789122,1.5285629694489455,0.038106042921553104,0.721683652290543,0,1.0242613773022953,0.0,0.0
2023-03-31,155.0,101.26,1.53071301599842,1.5508343317709983,1.5270793790208042,0.03618070861087152,0.6565640547752091,0,1.0242613773022953,0.0,0.0
2023-04-03,156.85,101.59,1.5439511762968796,1.5482290764758342,1.5259165917665463,0.034427715478958225,0.648096581457025,0,1.0242613773022953,0.0,0.0
2023-04-04,158.49,102.8,1.5417315175097277,1.5438990335664935,1.5248680000222612,0.0329139727475041,0.5782053017491012,0,1.0242613773022953,0.0,0.0
2023-04-05,165.61,104.21,1.589194894923712,1.5508274467430834,1.5252615514363934,0.0335441749306833,0.7621560333357461,0,1.0242613773022953,0.0,0.0
2023-04-06,165.15,104.93,1.5739064137996759,1.5558994037056828,1.5258513984882296,0.03408793875372455,0.881484956733269,0,1.0242613773022953,0.0,0.0
2023-04-10,164.32,103.7,1.5845708775313403,1.566670976012267,1.5265015965722877,0.034834107833576475,1.1531622865696078,-2,1.0242613773022953,0.0,0.0
2023-04-11,164.27,103.29,1.5903766095459386,1.575956062662079,1.5269662067313867,0.03550189050162105,1.37992245591697,-2,1.0242613773022953,0.0,0.0
2023-04-12,163.92,102.56,1.598283931357254,1.5872665454315842,1.528139555488965,0.036676654471210386,1.6121151395919002,1,1.0241413773022954,-0.0018301610541727673,0.002925117004680187
2023-04-13,166.11,103.61,1.603223627063025,1.5900722918594468,1.529525557645633,0.037916629548833514,1.596838509494482,1,1.0232046974485711,-0.0018301610541727673,0.002925117004680187
2023-04-14,165.84,103.96,1.5952289342054637,1.5943367959406043,1.53073979530044,0.038839066730851635,1.6374492487391898,1,1.0247226318848357,-0.0018301610541727673,0.002925117004680187
2023-04-17,165.67,104.52,1.5850554917719095,1.5944337187887183,1.5318845782432098,0.03941627958420359,1.5868859569023261,1,1.026671824786666,-0.0018301610541727673,0.002925117004680187
2023-04-18,161.01,104.15,1.5459433509361495,1.5855470670667604,1.5327226874514788,0.03916674352802358,1.348704917923189,-2,1.0341180820073794,-0.0018301610541727673,0.002925117004680187
2023-04-19,162.53,112.29,1.4474129486151928,1.555372870518348,1.5322416697442045,0.04003926249082669,0.5777129581106316,0,1.0550215061302153,0.0,0.0
2023-04-20,163.58,110.35,1.482374263706389,1.531202997847021,1.5320197401691105,0.040281465469287035,-0.02027588402195138,0,1.0550215061302153,0.0,0.0
2023-04-21,162.69,111.66,1.457012358946803,1.5035596827952888,1.5308513275329387,0.041426543402931865,-0.6587960881070852,0,1.0550215061302153,0.0,0.0
2023-04-24,163.68,110.4,1.4826086956521738,1.4830703235713416,1.530218595596035,0.041873706396082774,-1.125963667479506,-2,1.0550215061302153,0.0,0.0
2023-04-25,165.18,109.97,1.502046012548877,1.474290855893887,1.529751710508836,0.04203138860477111,-1.3195104053415347,-2,1.0550215061302153,0.0,0.0
2023-04-26,162.62,108.75,1.4953563218390804,1.4838795305386647,1.5300863912757898,0.04166864487914637,-1.1089120097651637,-2,1.0550215061302153,0.0,0.0
2023-04-27,163.0,109.5,1.4885844748858448,1.4851215727745557,1.5302587135581096,0.0414715327760616,-1.08838853454696,-2,1.0550215061302153,0.0,0.0
2023-04-28,163.7,110.47,1.4818502760930568,1.4900891562038066,1.530375046037798,0.0413230524798807,-0.9749011124869306,0,1.0550215061302153,0.0,0.0
2023-05-01,163.6,111.11,1.4724147241472414,1.48805036190282,1.5303362268522789,0.041377257047739716,-1.0219591139323425,-2,1.0550215061302153,0.0,0.0
2023-05-02,165.03,111.5,1.4800896860986548,1.4836590966127756,1.5304628371646158,0.04120854128061511,-1.1357776591295443,-2,1.0550215061302153,0.0,0.0
2023-05-03,162.87,111.76,1.457319255547602,1.47605168335448,1.5301675937563235,0.04167323867967553,-1.2985770272814552,-2,1.0550215061302153,0.0,0.0
2023-05-04,162.13,110.86,1.4624751939383005,1.470829827164971,1.530224532912967,0.04157665633237705,-1.4285589796633902,-2,1.0550215061302153,0.0,0.0
2023-05-05,162.68,111.26,1.4621607046557612,1.466891912877512,1.5298494738768302,0.04209291329837641,-1.4956807706095894,-2,1.0550215061302153,0.0,0.0
2023-05-08,162.31,110.9,1.463570784490532,1.46512312494617,1.5293510461108595,0.04270354045297789,-1.5040420649761508,-1,1.0549015061302154,0.0018483149528679685,-0.0027051397655545534
2023-05-09,161.05,110.25,1.4607709750566895,1.4612593827377771,1.5287110973716662,0.04344479867904964,-1.5525843526676602,-1,1.0543309701372123,0.0018483149528679685,-0.0027051397655545534
2023-05-10,161.65,110.69,1.4603848586141477,1.4618725033510862,1.5280554524608676,0.044180290562653,-1.4980197791122711,-2,1.0542496976120892,0.0018483149528679685,-0.0027051397655545534
2023-05-11,160.99,110.05,1.4628805088596093,1.461953566335348,1.5272581007578843,0.04492388127286805,-1.453670799855336,-2,1.054761099193151,0.0018483149528679685,-0.0027051397655545534
2023-05-12,160.78,110.49,1.455154312607476,1.460552287925691,1.526751475518096,0.045568963243642575,-1.4527253393600228,-2,1.0531826915562048,0.0018483149528679685,-0.0027051397655545534
2023-05-15,159.55,109.84,1.452567370721049,1.4583516051717944,1.5260991921291582,0.04635250855689315,-1.4615732582026346,-2,1.0526676050117878,0.0018483149528679685,-0.0027051397655545534
2023-05-16,159.34,109.39,1.4566230916902825,1.4575220284985129,1.5253325237147901,0.04712142397669767,-1.4390587018297805,-2,1.0534967717661852,0.0018483149528679685,-0.0027051397655545534
2023-05-17,158.99,108.82,1.461036574159162,1.4576523716075156,1.5242771194555196,0.047847122278362235,-1.392450468816042,-2,1.0543917911990475,0.0018483149528679685,-0.0027051397655545534
2023-05-18,158.48,108.47,1.4610491380105097,1.4572860974376958,1.523020122016999,0.04850752397064155,-1.3551304869547196,-2,1.0543959494910289,0.0018483149528679685,-0.0027051397655545534
2023-05-19,158.91,108.93,1.4588267694849903,1.4580205888131987,1.521699251744073,0.049165088250199655,-1.2952008263834598,-2,1.053946360628607,0.0018483149528679685,-0.0027051397655545534
2023-05-22,156.87,108.25,1.4491454965357968,1.457336213976148,1.5199757061507995,0.04987249546251356,-1.2559927389583716,-2,1.0520152931653335,0.0018483149528679685,-0.0027051397655545534
2023-05-23,156.81,105.74,1.482977113675052,1.4626070183731021,1.5186938623486148,0.04981763697266732,-1.1258431227134473,-2,1.0586942950797034,0.0018483149528679685,-0.0027051397655545534
2023-05-24,156.66,104.04,1.5057670126874279,1.4715531060787552,1.5186785622651446,0.04982152848011471,-0.9458853958123469,0,1.062901585485871,0.0,0.0
2023-05-25,154.41,102.14,1.5117485803798707,1.4816929945526276,1.5186553564334977,0.04982447568772979,-0.7418514970940833,0,1.062901585485871,0.0,0.0
2023-05-26,154.35,102.87,1.500437445319335,1.4900151297194966,1.5189054287016979,0.049692383668271896,-0.581382836755474,0,1.062901585485871,0.0,0.0
2023-05-30,154.37,101.71,1.5177465342640843,1.503735337265154,1.5196248519510809,0.04935109307947373,-0.3219688500179468,0,1.062901585485871,0.0,0.0
2023-05-31,155.06,102.0,1.5201960784313726,1.5111791302164181,1.5197286876459428,0.049345538662462114,-0.17325897459557887,0,1.062901585485871,0.0,0.0
2023-06-01,154.54,102.82,1.503014977630811,1.5106287232050948,1.5190921332456506,0.049310090028667194,-0.1716364751237628,0,1.062901585485871,0.0,0.0
2023-06-02,156.97,104.2,1.506429942418426,1.5095649956128057,1.5185520823194925,0.04926764396589858,-0.18241356767348887,0,1.062901585485871,0.0,0.0
2023-06-05,158.32,103.76,1.5258288357748648,1.5146432737039117,1.5182220451163875,0.04914935521745873,-0.07281420878547991,0,1.062901585485871,0.0,0.0
2023-06-06,158.18,102.62,1.5414149288637693,1.5193769526238488,1.517851719123303,0.04888438094910413,0.03120083492790427,0,1.062901585485871,0.0,0.0
2023-06-07,158.52,101.66,1.5593153649419635,1.527200809925967,1.5178600661517938,0.04889153615203717,0.19105032300737118,0,1.062901585485871,0.0,0.0
2023-06-08,160.26,100.78,1.5901964675530857,1.544637107910422,1.5183325609729263,0.049457546453889424,0.5318611379563692,0,1.062901585485871,0.0,0.0
2023-06-09,160.01,101.69,1.5735077195397777,1.5580526633346925,1.5182540086503276,0.049364470315081586,0.8062206366307522,0,1.062901585485871,0.0,0.0
2023-06-12,159.9,101.4,1.5769230769230769,1.5682715115643346,1.5186129389925962,0.04971608484812171,0.9988431857303535,0,1.062901585485871,0.0,0.0
2023-06-13,160.74,101.86,1.5780483015904183,1.5755981861096644,1.5187343123453927,0.04985426277894225,1.1406020387145355,-2,1.062901585485871,0.0,0.0
2023-06-14,161.56,103.25,1.5647457627118644,1.5766842656636446,1.5186068759155384,0.0497243828537258,1.1679861350708445,-2,1.062901585485871,0.0,0.0
2023-06-15,163.73,105.02,1.5590363740239954,1.5704522469578266,1.5185068804339592,0.049635384455429046,1.0465390183592238,-2,1.062901585485871,0.0,0.0
2023-06-16,164.23,106.2,1.5464218455743879,1.5650350721647484,1.5182894566543348,0.04948125260444419,0.9447136652764339,0,1.062901585485871,0.0,0.0
2023-06-20,164.13,106.7,1.5382380506091846,1.55729806690197,1.5179701073192007,0.049286010209672736,0.7979538091125696,0,1.062901585485871,0.0,0.0
2023-06-21,163.88,106.25,1.5424,1.5501684065838863,1.5177291282269008,0.04912773847275508,0.660304735480049,0,1.062901585485871,0.0,0.0
2023-06-22,165.62,108.25,1.5299769053117784,1.5432146351038694,1.5172791191025523,0.04888519465492531,0.5305392805407185,0,1.062901585485871,0.0,0.0
2023-06-23,165.48,108.05,1.531513188338732,1.5377099979668167,1.5167479767072574,0.04854775810455883,0.43178144734125123,0,1.062901585485871,0.0,0.0
2023-06-26,163.63,108.51,1.5079716155193068,1.5300199519558004,1.5159716231485665,0.048304798225821836,0.2908267775296133,0,1.062901585485871,0.0,0.0
2023-06-27,163.29,107.79,1.5148900640133591,1.5253503546366354,1.515410680399011,0.048115154546559215,0.20658094796320506,0,1.062901585485871,0.0,0.0
2023-06-28,162.96,107.61,1.514357401728464,1.519741834982328,1.5151380868278452,0.04807330335128505,0.09576517180111069,0,1.062901585485871,0.0,0.0
2023-06-29,164.1,107.66,1.5242429871818688,1.518595051356346,1.5148096170092615,0.047940241535700805,0.07896152013054542,0,1.062901585485871,0.0,0.0
2023-06-30,165.52,109.02,1.5182535314621173,1.5159431199810232,1.5144183172418015,0.047812420136864604,0.03189135239037938,0,1.062901585485871,0.0,0.0
