date,JPM,BAC,ratio,ins_ratio,long_mean,long_std,z_score,action,capital,holding1,holding2
2021-01-04,125.87,30.03,4.191475191475192,,,,,0,0.0,0.0,0.0
2021-01-05,125.65,30.26,4.1523463317911435,,,,,0,0.0,0.0,0.0
2021-01-06,131.55,32.15,4.091757387247279,,,,,0,0.0,0.0,0.0
2021-01-07,135.87,32.86,4.134814363968351,,,,,0,0.0,0.0,0.0
2021-01-08,136.02,32.53,4.181371042114971,4.150352863319387,,,,0,0.0,0.0,0.0
2021-01-11,138.05,33.07,4.174478379195646,4.146953500863478,,,,0,0.0,0.0,0.0
2021-01-12,140.22,33.66,4.165775401069519,4.1496393147191535,,,,0,0.0,0.0,0.0
2021-01-13,140.35,33.46,4.194560669456067,4.17019997116091,,,,0,0.0,0.0,0.0
2021-01-14,141.17,33.99,4.153280376581347,4.17389317368351,,,,0,0.0,0.0,0.0
2021-01-15,138.64,33.01,4.199939412299303,4.1776068477203765,,,,0,0.0,0.0,0.0
2021-01-19,138.04,32.77,4.212389380530973,4.185189047987442,,,,0,0.0,0.0,0.0
2021-01-20,135.97,32.34,4.20439084724799,4.192912137223136,,,,0,0.0,0.0,0.0
2021-01-21,134.83,31.77,4.243940824677369,4.202788168267396,,,,0,0.0,0.0,0.0
2021-01-22,133.79,31.55,4.2405705229793975,4.220246197547007,,,,0,0.0,0.0,0.0
2021-01-25,132.12,31.16,4.2400513478819,4.228268584663526,,,,0,0.0,0.0,0.0
2021-01-26,131.58,30.94,4.252747252747253,4.236340159106782,,,,0,0.0,0.0,0.0
2021-01-27,127.86,29.83,4.286288970834731,4.25271978382413,,,,0,0.0,0.0,0.0
2021-01-28,130.11,30.32,4.29122691292876,4.262177001474408,,,,0,0.0,0.0,0.0
2021-01-29,128.67,29.65,4.339629005059022,4.281988697890333,,,,0,0.0,0.0,0.0
2021-02-01,129.62,29.96,4.326435246995994,4.299265477713152,,,,0,0.0,0.0,0.0
2021-02-02,133.61,31.03,4.3058330647760235,4.309882640118905,,,,0,0.0,0.0,0.0
2021-02-03,135.14,31.58,4.279290690310323,4.308482984014025,,,,0,0.0,0.0,0.0
2021-02-04,138.25,32.5,4.253846153846154,4.301006832197503,,,,0,0.0,0.0,0.0
2021-02-05,137.98,32.37,4.2625888168056845,4.285598794546836,,,,0,0.0,0.0,0.0
2021-02-08,140.14,33.09,4.235116349350256,4.2673350150176885,,,,0,0.0,0.0,0.0
2021-02-09,139.58,32.95,4.2361153262518965,4.253391467312863,,,,0,0.0,0.0,0.0
2021-02-10,139.66,32.98,4.234687689508793,4.2444708671525575,,,,0,0.0,0.0,0.0
2021-02-11,139.27,32.88,4.2357055961070555,4.240842755604737,,,,0,0.0,0.0,0.0
2021-02-12,141.25,33.37,4.2328438717410855,4.234893766591817,,,,0,0.0,0.0,0.0
2021-02-16,144.65,34.27,4.220892909250073,4.232049078571781,,,,0,0.0,0.0,0.0
2021-02-17,145.1,34.41,4.2167974426038946,4.228185501842181,,,,0,0.0,0.0,0.0
2021-02-18,145.59,34.19,4.258262649897631,4.2329004939199475,,,,0,0.0,0.0,0.0
2021-02-19,148.02,34.54,4.285466126230458,4.242852599944628,,,,0,0.0,0.0,0.0
2021-02-22,149.41,35.15,4.250640113798009,4.246411848356013,,,,0,0.0,0.0,0.0
2021-02-23,150.61,35.52,4.240146396396397,4.250262545785278,,,,0,0.0,0.0,0.0
2021-02-24,153.26,36.38,4.212754260582737,4.249453909381047,,,,0,0.0,0.0,0.0
2021-02-25,151.18,35.93,4.207625939326468,4.239326567266813,,,,0,0.0,0.0,0.0
2021-02-26,147.17,34.71,4.239988475943532,4.230231037209428,,,,0,0.0,0.0,0.0
2021-03-01,150.5,35.79,4.20508521933501,4.22112005831683,,,,0,0.0,0.0,0.0
2021-03-02,150.01,35.53,4.222065859836757,4.217503951004901,,,,0,0.0,0.0,0.0
2021-03-03,152.91,36.42,4.1985172981878085,4.214656558525915,,,,0,0.0,0.0,0.0
2021-03-04,150.56,36.5,4.1249315068493155,4.1981176720304845,,,,0,0.0,0.0,0.0
2021-03-05,150.91,36.93,4.086379637151367,4.167395904272052,,,,0,0.0,0.0,0.0
2021-03-08,152.91,37.13,4.118233234581201,4.15002550732129,,,,0,0.0,0.0,0.0
2021-03-09,151.83,36.32,4.18034140969163,4.141680617292264,,,,0,0.0,0.0,0.0
2021-03-10,155.13,37.37,4.151190794755151,4.132215316605732,,,,0,0.0,0.0,0.0
2021-03-11,154.32,37.24,4.143931256713211,4.136015266578513,,,,0,0.0,0.0,0.0
2021-03-12,156.15,37.94,4.1157090142329995,4.141881141994839,,,,0,0.0,0.0,0.0
2021-03-15,155.37,37.75,4.115761589403974,4.141386812959393,,,,0,0.0,0.0,0.0
2021-03-16,153.51,37.64,4.078374070138151,4.1209933450486975,,,,0,0.0,0.0,0.0
2021-03-17,155.09,37.95,4.086693017127799,4.108093789523227,,,,0,0.0,0.0,0.0
2021-03-18,157.65,38.94,4.048536209553159,4.089014780091216,,,,0,0.0,0.0,0.0
2021-03-19,155.14,38.53,4.0264728782766674,4.07116755289995,,,,0,0.0,0.0,0.0
2021-03-22,150.97,37.66,4.008762612851832,4.049767757589522,,,,0,0.0,0.0,0.0
2021-03-23,149.46,36.9,4.050406504065041,4.0441742443749,,,,0,0.0,0.0,0.0
2021-03-24,150.62,36.9,4.081842818428185,4.043204204634977,,,,0,0.0,0.0,0.0
2021-03-25,152.55,37.66,4.0507169410515145,4.043640350934648,,,,0,0.0,0.0,0.0
2021-03-26,155.09,38.68,4.009565667011375,4.040258908681589,,,,0,0.0,0.0,0.0
2021-03-29,152.68,38.31,3.9853824066823282,4.035582867447689,,,,0,0.0,0.0,0.0
2021-03-30,154.48,38.99,3.962041549115157,4.017909876457712,4.178950203914138,0.0886809541165133,-1.8159516782469856,-1,0.99988,0.0019419989642672191,-0.007694280584765323
2021-03-31,152.23,38.69,3.934608425949858,3.9884629979620465,4.174669091155383,0.0941006258481722,-1.9787976064449708,-1,0.9978187865058283,0.0019419989642672191,-0.007694280584765323
2021-04-01,153.71,39.49,3.8923778171689034,3.9567951731855246,4.170336282578345,0.10088627624071936,-2.1166517126997704,2,0.9944170501449136,0.0,0.0
2021-04-05,153.62,39.8,3.8597989949748746,3.9268418387782242,4.166470309373805,0.10813256322610303,-2.2160620579623416,2,0.9944170501449136,0.0,0.0
2021-04-06,152.54,39.69,3.8432854623330814,3.898422449908375,4.161611494346551,0.11585323006184924,-2.271745417004517,2,0.9944170501449136,0.0,0.0
2021-04-07,154.93,40.05,3.8684144818976285,3.8796970364648695,4.156395551676263,0.12183887449363301,-2.271019954520778,2,0.9944170501449136,0.0,0.0
2021-04-08,155.12,39.7,3.9073047858942065,3.874236308453739,4.151942658454571,0.12597871049619813,-2.204391114236821,2,0.9944170501449136,0.0,0.0
2021-04-09,156.28,39.99,3.907976994248562,3.87735614386967,4.147646018340889,0.12983612408751502,-2.0817771353759125,2,0.9944170501449136,0.0,0.0
2021-04-12,155.95,40.06,3.892910634048926,3.883978471684481,4.14261851775077,0.1337693634807176,-1.9334774371081673,-1,0.9942970501449135,0.0019236934915036871,-0.0074887668497254116
2021-04-13,154.09,39.32,3.9188708036622586,3.8990955399503164,4.138711691535452,0.13684049112184857,-1.7510617626457583,-1,0.9962606677195135,0.0019236934915036871,-0.0074887668497254116
2021-04-14,151.21,39.88,3.7916248746238717,3.883737618495565,4.131906449240861,0.14372381859972108,-1.7267063536382958,-1,0.9865267210281365,0.0019236934915036871,-0.0074887668497254116
2021-04-15,152.17,38.74,3.9279814145585954,3.8878729442284423,4.127166316474654,0.14570084349783674,-1.6423609260008498,-1,0.996910660988667,0.0019236934915036871,-0.0074887668497254116
2021-04-16,153.3,39.15,3.915708812260537,3.8894193078308374,4.122354949224864,0.14785798870500347,-1.57540112261884,-1,0.9960140402256787,0.0019236934915036871,-0.0074887668497254116
2021-04-19,152.65,39.17,3.8971151391370946,3.8902602088484715,4.1165745211325255,0.1497909362633512,-1.510867866438629,-1,0.9946138641192068,0.0019236934915036871,-0.0074887668497254116
2021-04-20,149.27,38.08,3.9199054621848743,3.8904671405529947,4.111230103452617,0.15100746938903478,-1.4619340605654358,-2,0.9962745359841251,0.0019236934915036871,-0.0074887668497254116
2021-04-21,150.54,38.72,3.8879132231404956,3.909724810256319,4.105361134706928,0.15274887562255285,-1.280770962491612,-2,0.9939248159345104,0.0019236934915036871,-0.0074887668497254116
2021-04-22,147.37,38.36,3.8417622523461943,3.8924809778138387,4.0985113847002435,0.15522250184787398,-1.327323064849999,-2,0.9905226636323449,0.0019236934915036871,-0.0074887668497254116
2021-04-23,150.19,39.18,3.8333333333333335,3.876005882028399,4.09096212407522,0.15694039549924285,-1.3696680281900895,-2,0.9898066904616104,0.0019236934915036871,-0.0074887668497254116
2021-04-26,150.56,39.41,3.8203501649327585,3.8606528871875314,4.083114178275286,0.158521581068754,-1.403350191109114,-2,0.98879604067803,0.0019236934915036871,-0.0074887668497254116
2021-04-27,151.25,39.88,3.792627883650953,3.835197371480747,4.073997492918485,0.15924674395195687,-1.4995604651720953,-2,0.9866036687677965,0.0019236934915036871,-0.0074887668497254116
2021-04-28,152.23,40.03,3.8028978266300273,3.818194292178653,4.065271869245719,0.15952333769904664,-1.5488490940002613,-1,0.9873655733620113,0.0019236934915036871,-0.0074887668497254116
2021-04-29,155.19,41.11,3.774993918754561,3.8048406254603266,4.056424550145361,0.1606717422867731,-1.5658255839162916,-1,0.9849718378991588,0.0019236934915036871,-0.0074887668497254116
2021-04-30,153.81,40.53,3.794966691339748,3.79716729706161,4.048352483495852,0.1614494997550453,-1.555812726675186,-1,0.9866606256537245,0.0019236934915036871,-0.0074887668497254116
2021-05-03,153.36,40.56,3.7810650887573964,3.7893102818265376,4.040472799077706,0.16278196161145747,-1.542938263950063,-1,0.9855703005770561,0.0019236934915036871,-0.0074887668497254116
2021-05-04,155.48,41.0,3.7921951219512193,3.789223729486591,4.0326329041634645,0.1632300288627945,-1.4912034040101465,-2,0.9863534733651647,0.0019236934915036871,-0.0074887668497254116
2021-05-05,157.52,41.39,3.8057501812031895,3.789794200401223,4.025476801361013,0.16361395930014896,-1.4404797852696176,-2,0.9873571890164392,0.0019236934915036871,-0.0074887668497254116
2021-05-06,160.69,42.01,3.8250416567483936,3.7998037479999893,4.018625573535955,0.1632504280192381,-1.3404058304225621,-2,0.9888122619376761,0.0019236934915036871,-0.0074887668497254116
2021-05-07,161.24,42.18,3.8226647700331915,3.805343363738678,4.0117585248780285,0.1626725863049827,-1.2688994859426292,-2,0.9885972029935498,0.0019236934915036871,-0.0074887668497254116
2021-05-10,161.22,42.05,3.8340071343638527,3.8159317728599698,4.005063550515642,0.16156196035487252,-1.1706454739732182,-2,0.989532268814184,0.0019236934915036871,-0.0074887668497254116
2021-05-11,158.54,41.57,3.8138080346403656,3.820254355397798,3.9980796198972963,0.1606027858946949,-1.1072364872680094,-2,0.9879713783448223,0.0019236934915036871,-0.0074887668497254116
2021-05-12,157.45,41.18,3.823457989315201,3.823795917020201,3.9914557045650487,0.1594490733259802,-1.0514942736737092,-2,0.9887951715104762,0.0019236934915036871,-0.0074887668497254116
2021-05-13,161.5,41.84,3.8599426386233264,3.830776113395187,3.985508124498706,0.1575453003015165,-0.9821429824144949,0,0.9915187427294734,0.0,0.0
2021-05-14,164.01,42.36,3.871813031161473,3.840605765620843,3.9790672975197694,0.1540665311476116,-0.8987125942769866,0,0.9915187427294734,0.0,0.0
2021-05-17,164.67,42.74,3.8528310715956944,3.844370553067212,3.9718567132758573,0.14954105247608065,-0.8525161358553154,0,0.9915187427294734,0.0,0.0
2021-05-18,162.35,42.16,3.8508064516129035,3.8517702364617192,3.965192818906105,0.14576842490834238,-0.7781011732527457,0,0.9915187427294734,0.0,0.0
2021-05-19,161.11,41.97,3.8386943054562788,3.8548174996899354,3.95850195072377,0.14210129649234934,-0.7296516892751709,0,0.9915187427294734,0.0,0.0
2021-05-20,160.83,41.87,3.8411750656794847,3.8510639851011668,3.9523089641420492,0.1388935762166689,-0.7289392482985967,0,0.9915187427294734,0.0,0.0
2021-05-21,162.66,42.4,3.836320754716981,3.8439655298122686,3.946120544398558,0.13555678151790543,-0.7535957511118382,0,0.9915187427294734,0.0,0.0
2021-05-24,163.54,42.63,3.836265540699038,3.8406524236329376,3.939391828811149,0.13065389936607213,-0.7557325549202242,0,0.9915187427294734,0.0,0.0
2021-05-25,161.85,42.01,3.852654129969055,3.8410219593041672,3.9335179773217166,0.12635813821571656,-0.7320147267415548,0,0.9915187427294734,0.0,0.0
2021-05-26,161.83,42.04,3.8494291151284497,3.8431689212386018,3.927307364909912,0.12097857495962616,-0.6954821851669972,0,0.9915187427294734,0.0,0.0
2021-05-27,164.35,42.55,3.862514688601645,3.847436845823034,3.9217073214168092,0.11588091155626618,-0.6409207055444429,0,0.9915187427294734,0.0,0.0
2021-05-28,164.24,42.39,3.8744987025241806,3.8550724353844736,3.917533441344723,0.11290899753860839,-0.5531977727363262,0,0.9915187427294734,0.0,0.0
2021-06-01,166.05,42.92,3.868825722273998,3.861584471699466,3.9139075427634338,0.11086964688414039,-0.4719332345186049,0,0.9915187427294734,0.0,0.0
2021-06-02,166.06,42.94,3.867256637168142,3.864504973139283,3.909724599473216,0.10771982924915242,-0.4197892500306657,0,0.9915187427294734,0.0,0.0
2021-06-03,166.17,43.25,3.842080924855491,3.863035335084691,3.904086924725947,0.10201739145055475,-0.40239795448163795,0,0.9915187427294734,0.0,0.0
2021-06-04,166.44,43.27,3.846544950311994,3.859841387426761,3.899009493985228,0.09696664457121383,-0.40393381385596894,0,0.9915187427294734,0.0,0.0
2021-06-07,165.66,43.12,3.8418367346938775,3.8533089938607006,3.893974585284906,0.09173564780505543,-0.4432910476701764,0,0.9915187427294734,0.0,0.0
2021-06-08,165.0,42.88,3.8479477611940296,3.849133401644707,3.8895118977342564,0.08716511628863356,-0.4632414641178523,0,0.9915187427294734,0.0,0.0
2021-06-09,162.94,42.32,3.850189035916824,3.845719881394443,3.8850856885094704,0.08207577907691041,-0.4796275778039097,0,0.9915187427294734,0.0,0.0
2021-06-10,160.4,41.69,3.847445430558887,3.8467927825351227,3.881236877849816,0.07818027484224695,-0.4405727069160969,0,0.9915187427294734,0.0,0.0
2021-06-11,160.29,41.86,3.829192546583851,3.843322301789494,3.87694520334075,0.07364694133758842,-0.45654172380537755,0,0.9915187427294734,0.0,0.0
2021-06-14,157.57,41.36,3.8097195357833655,3.8368988620073914,3.8729649254445873,0.0706067776998562,-0.5108017192132722,0,0.9915187427294734,0.0,0.0
2021-06-15,155.18,41.39,3.7492147861802367,3.8171522670046327,3.86834395724298,0.06945330231319706,-0.7370663241828319,0,0.9915187427294734,0.0,0.0
2021-06-16,156.27,41.62,3.754685247477175,3.7980515093167035,3.8641093344867357,0.06848566503472452,-0.964549663590747,0,0.9915187427294734,0.0,0.0
2021-06-17,151.76,39.8,3.8130653266331658,3.7911754885315587,3.860153648196204,0.06426730469367409,-1.0733009575152619,-2,0.9915187427294734,0.0,0.0
2021-06-18,147.92,38.78,3.8143372872614747,3.7882044366670833,3.855695222676759,0.057555764845075304,-1.1726155701577932,-2,0.9915187427294734,0.0,0.0
2021-06-21,150.43,39.75,3.784402515723271,3.7831410326550645,3.851256648921288,0.05228903069902058,-1.302675061205512,-2,0.9915187427294734,0.0,0.0
2021-06-22,150.21,39.97,3.7580685514135603,3.784911785701729,3.8470650303279914,0.049383061234701535,-1.2585944061035061,-2,0.9915187427294734,0.0,0.0
2021-06-23,151.12,40.2,3.7592039800995023,3.785815532226195,3.8432953898849442,0.04723144845732172,-1.2169827421381736,-2,0.9915187427294734,0.0,0.0
2021-06-24,152.51,40.83,3.7352436933627233,3.770251205572106,3.8395154256224036,0.046638713220151465,-1.485122878998517,-2,0.9915187427294734,0.0,0.0
2021-06-25,154.05,41.62,3.7013455069678045,3.747652849513372,3.8356277103060363,0.04827119584778453,-1.8225125615300448,-1,0.9913987427294734,0.0019474196689386561,-0.007208073041806824
2021-06-28,154.33,41.56,3.7134263715110682,3.7334576206709316,3.8326451862117397,0.05019542455715127,-1.9760280227907143,-1,0.9923765046192846,0.0019474196689386561,-0.007208073041806824
2021-06-29,154.14,40.89,3.7696258253851793,3.7357690754652553,3.8311423000519107,0.050715866644718326,-1.8805401720683763,-1,0.9968359038201967,0.0019474196689386561,-0.007208073041806824
2021-06-30,155.54,41.23,3.772495755517827,3.73842743054892,3.8299624716049903,0.051249190109800516,-1.7860778064971994,-1,0.9971115465224966,0.0019474196689386561,-0.007208073041806824
2021-07-01,157.08,41.54,3.781415503129514,3.747661792502279,3.8285124886255213,0.05137340764027974,-1.5737849567886328,-1,0.9978760701697019,0.0019474196689386561,-0.007208073041806824
2021-07-02,156.03,41.15,3.7917375455650064,3.765740200221719,3.826586367953368,0.05052872444017084,-1.2041896645084489,-2,0.998642428003621,0.0019474196689386561,-0.007208073041806824
2021-07-06,153.41,40.07,3.8285500374344896,3.788764933406403,3.8252625853398,0.049387819390388527,-0.7390010813172317,0,1.0012073911285138,0.0,0.0
2021-07-07,153.59,39.75,3.8638993710691825,3.807619642543204,3.824779064290138,0.04885342322810187,-0.3512429756828914,0,1.0012073911285138,0.0,0.0
2021-07-08,150.94,38.78,3.8922124806601337,3.8315629875716652,3.8243347589067693,0.048098579297172185,0.15027946293875008,0,1.0012073911285138,0.0,0.0
2021-07-09,155.77,40.04,3.8903596403596405,3.85335181501769,3.825980338335698,0.04864638907560711,0.5626620434139702,0,1.0012073911285138,0.0,0.0
2021-07-12,158.0,40.63,3.8887521535810974,3.8727547366209087,3.8253265173194064,0.047502405177093726,0.9984382711714315,0,1.0012073911285138,0.0,0.0
2021-07-13,155.65,39.86,3.9049172102358254,3.888028171181176,3.8251466572856616,0.04717368009724295,1.3329787662504125,-2,1.0012073911285138,0.0,0.0
2021-07-14,155.12,38.86,3.991765311374164,3.913601359242172,3.8267241601562794,0.05104484770111299,1.7019778292726349,1,1.0010873911285139,-0.001933986591026302,0.007720020586721565
2021-07-15,155.46,38.83,4.003605459696112,3.935879955049368,3.8281191601148006,0.054650893540085954,1.971802983523513,1,1.0001982350699632,-0.001933986591026302,0.007720020586721565
2021-07-16,151.91,37.92,4.006065400843881,3.959021107146216,3.830088363076523,0.058812162744908476,2.192280270816173,2,0.9999213617174517,0.0,0.0
2021-07-19,146.97,36.93,3.9796913078797727,3.977208938005951,3.832387180668749,0.06189124501776146,2.339939312832395,2,0.9999213617174517,0.0,0.0
2021-07-20,149.71,37.69,3.9721411514990717,3.9906537262586,3.8347006443048453,0.06446786043294676,2.419082639107622,2,0.9999213617174517,0.0,0.0
2021-07-21,152.86,38.46,3.9745189807592305,3.987204460135614,3.8372701245686196,0.06691219821405978,2.2407623657399074,2,0.9999213617174517,0.0,0.0
2021-07-22,150.93,37.96,3.976027397260274,3.9816888476484458,3.840326783128775,0.06899488500789332,2.0488774566911516,2,0.9999213617174517,0.0,0.0
2021-07-23,150.64,37.7,3.9957559681697608,3.9796269611136226,3.8435410854877707,0.071662433209459,1.898984859027775,1,0.9998013617174517,-0.0019915029208709507,0.007957559681697611
2021-07-26,151.65,38.13,3.977183320220299,3.979125363581727,3.8469109088455324,0.07312340926224732,1.80810025230122,1,1.0012116944305018,-0.0019915029208709507,0.007957559681697611
2021-07-27,151.45,37.98,3.987625065824118,3.982222146446736,3.850121881753606,0.07500944543537598,1.7611150692607205,1,1.0004163610624213,-0.0019915029208709507,0.007957559681697611
2021-07-28,151.7,38.13,3.9784946236559136,3.983017275026073,3.853412374001914,0.0762488874292003,1.699761208247156,1,1.001112119284458,-0.0019915029208709507,0.007957559681697611
2021-07-29,153.0,38.68,3.955532574974147,3.9789183105688473,3.8561346648856296,0.07693889372124557,1.595859255893001,1,1.0028998233122595,-0.0019915029208709507,0.007957559681697611
2021-07-30,151.78,38.36,3.956725755995829,3.9711122681340614,3.858650924465507,0.07772791378865876,1.4468591550563832,-2,1.0027830377775788,-0.0019915029208709507,0.007957559681697611
2021-08-02,151.17,37.96,3.9823498419388828,3.9721455724777783,3.861272727552015,0.07921388066991152,1.3996643516024205,-2,1.0008148306866311,-0.0019915029208709507,0.007957559681697611
2021-08-03,152.89,38.55,3.966018158236057,3.967824190960166,3.8636619506887295,0.08018559215757766,1.2990144172875966,-2,1.0020844058749347,-0.0019915029208709507,0.007957559681697611
2021-08-04,151.24,38.27,3.9519205644107656,3.962509379111137,3.865627174522845,0.08088833804526768,1.1977277185998512,-2,1.0031422689834966,-0.0019915029208709507,0.007957559681697611
2021-08-05,153.15,39.02,3.924910302409021,3.956384924598111,3.867478878985656,0.08095363897145894,1.098234084866767,-2,1.0053066681659062,-0.0019915029208709507,0.007957559681697611
2021-08-06,157.5,40.15,3.9227895392278955,3.949597681244524,3.869134404817534,0.08105375832342832,0.9927149350177942,0,1.0055090413541845,0.0,0.0
2021-08-09,157.33,40.67,3.868453405458569,3.9268183939484613,3.869276250931455,0.0810448463985351,0.7100037272455924,0,1.0055090413541845,0.0,0.0
2021-08-10,159.26,41.43,3.8440743422640598,3.9024296307540625,3.868813939449831,0.08110922094021086,0.4144496878969033,0,1.0055090413541845,0.0,0.0
2021-08-11,161.16,41.95,3.841716328963051,3.8803887836645194,3.868628693739287,0.08115902020118893,0.14490182232461313,0,1.0055090413541845,0.0,0.0
2021-08-12,161.79,42.15,3.8384341637010677,3.8630935559229287,3.8684224889407566,0.08122076351646806,-0.06561047676863328,0,1.0055090413541845,0.0,0.0
2021-08-13,159.98,41.63,3.8429017535431176,3.8471159987859727,3.8684926130755373,0.08119647453563826,-0.2632702270858092,0,1.0055090413541845,0.0,0.0
2021-08-16,158.93,41.29,3.8491160087188185,3.843248519438023,3.8686249621261926,0.08115765516994781,-0.31268082641163447,0,1.0055090413541845,0.0,0.0
2021-08-17,157.01,41.09,3.8211243611584322,3.8386585232168975,3.868371688900217,0.0812837915133862,-0.3655484707357223,0,1.0055090413541845,0.0,0.0
2021-08-18,155.58,40.79,3.8141701397401326,3.833149285372314,3.8680034322175687,0.08148152513952135,-0.42775520936278255,0,1.0055090413541845,0.0,0.0
2021-08-19,154.28,40.19,3.838765862154765,3.8332156250630534,3.86777196108733,0.08154556978014046,-0.4237671784922947,0,1.0055090413541845,0.0,0.0
2021-08-20,154.72,40.37,3.8325489224671787,3.8311450588478655,3.8674906245429757,0.0816389914456998,-0.4451986122254405,0,1.0055090413541845,0.0,0.0
2021-08-23,156.7,40.91,3.8303593253483257,3.827393722173767,3.866954701822087,0.08177763475110429,-0.48376282548066535,0,1.0055090413541845,0.0,0.0
2021-08-24,157.67,41.48,3.801108968177435,3.823390643577567,3.865731539582975,0.08221059071578225,-0.5150297016085007,0,1.0055090413541845,0.0,0.0
2021-08-25,160.92,42.15,3.8177935943060497,3.824115334490751,3.864881004116842,0.08244169591761043,-0.49447878494434244,0,1.0055090413541845,0.0,0.0
2021-08-26,161.75,42.04,3.8475261655566126,3.8258673951711204,3.864552162923317,0.0824714042806946,-0.46906886198434705,0,1.0055090413541845,0.0,0.0
2021-08-27,163.05,42.49,3.8373734996469757,3.8268323106070796,3.864473705836508,0.08249537971490509,-0.45628488964488745,0,1.0055090413541845,0.0,0.0
2021-08-30,160.44,41.66,3.8511761881901108,3.8309956831754364,3.864550893134477,0.08248048552071467,-0.4068260479700175,0,1.0055090413541845,0.0,0.0
2021-08-31,159.95,41.75,3.831137724550898,3.837001434450129,3.8643725762987606,0.08254196652589256,-0.33160273495598747,0,1.0055090413541845,0.0,0.0
2021-09-01,159.72,41.19,3.8776402039329936,3.848970756375518,3.86486745034441,0.08253083239083123,-0.19261521431907747,0,1.0055090413541845,0.0,0.0
2021-09-02,160.46,41.02,3.9117503656752803,3.8618155963992513,3.865893472507051,0.08272768765946165,-0.04929276066056415,0,1.0055090413541845,0.0,0.0
2021-09-03,159.49,41.05,3.8852618757612674,3.87139327162211,3.866523746593757,0.08272881141916515,0.058861295657693234,0,1.0055090413541845,0.0,0.0
2021-09-07,159.21,41.32,3.853097773475315,3.8717775886791506,3.8669221670419485,0.08260344639459559,0.05877989174940485,0,1.0055090413541845,0.0,0.0
2021-09-08,158.5,40.78,3.8867091711623343,3.8828918780014385,3.8682053276315975,0.08229721111312009,0.17845744917958262,0,1.0055090413541845,0.0,0.0
2021-09-09,159.19,40.93,3.8893232347911066,3.885228484173061,3.870540468441779,0.08083851558891726,0.18169576252456293,0,1.0055090413541845,0.0,0.0
2021-09-10,157.36,40.27,3.9076235410975912,3.884403119257523,3.873089440002119,0.07952400311839246,0.14226747663294104,0,1.0055090413541845,0.0,0.0
2021-09-13,159.86,40.94,3.904738641914998,3.8882984724882688,3.8746173285901495,0.07923133565493344,0.17267339727431918,0,1.0055090413541845,0.0,0.0
2021-09-14,157.07,39.84,3.9425200803212848,3.906182933857463,3.87675370847448,0.07930651987642547,0.3710820425463077,0,1.0055090413541845,0.0,0.0
2021-09-15,158.16,40.14,3.9402092675635276,3.9168829531377014,3.8793504876718172,0.07878044916249591,0.4764185259780395,0,1.0055090413541845,0.0,0.0
2021-09-16,158.09,40.45,3.908281829419036,3.9206746720632877,3.881854042305242,0.07723251690364333,0.502646182131794,0,1.0055090413541845,0.0,0.0
2021-09-17,157.68,40.5,3.8933333333333335,3.9178166305104356,3.8840895315258055,0.07554499501185631,0.44645047602871446,0,1.0055090413541845,0.0,0.0
2021-09-20,152.96,39.11,3.9110201994374845,3.919072942014933,3.8870191399603855,0.07304177479071144,0.4388420482168207,0,1.0055090413541845,0.0,0.0
2021-09-21,152.98,39.13,3.909532328136979,3.9124753915780723,3.8904889203132047,0.06889942733291893,0.31910963727797037,0,1.0055090413541845,0.0,0.0
2021-09-22,155.91,40.14,3.8841554559043345,3.9012646292462336,3.8933344050530923,0.06487065274945214,0.12224671491699074,0,1.0055090413541845,0.0,0.0
2021-09-23,161.18,41.69,3.866154953226194,3.892839254007665,3.8949432238504427,0.06291822857622777,-0.033439750139000995,0,1.0055090413541845,0.0,0.0
2021-09-24,163.04,42.14,3.869008068343616,3.8879742010097216,3.896551762397539,0.060937243594621354,-0.14076057402397016,0,1.0055090413541845,0.0,0.0
2021-09-27,166.98,43.26,3.8599167822468794,3.8777535175716005,3.8978601170494955,0.059242473285268715,-0.3393950043421766,0,1.0055090413541845,0.0,0.0
2021-09-28,166.08,43.16,3.848007414272475,3.8654485347986998,3.8987979481946198,0.05796566604708935,-0.5753304614636546,0,1.0055090413541845,0.0,0.0
2021-09-29,165.95,43.07,3.8530299512421635,3.8592234338662657,3.899205946758081,0.057547480880513105,-0.694774337296047,0,1.0055090413541845,0.0,0.0
2021-09-30,163.69,42.45,3.8560659599528853,3.8572056352116038,3.8990753899061428,0.05763775279012961,-0.7264293395857231,0,1.0055090413541845,0.0,0.0
2021-10-01,167.13,43.08,3.8795264623955434,3.8593093140219894,3.8988639562683995,0.05768660230549308,-0.6856816083037645,0,1.0055090413541845,0.0,0.0
2021-10-04,166.95,43.34,3.852099676972773,3.8577458929671677,3.898226290211952,0.057992851458440756,-0.6980239154785068,0,1.0055090413541845,0.0,0.0
2021-10-05,168.66,44.22,3.8141112618724557,3.8509666624871643,3.8969822753501413,0.05899149647793048,-0.7800380666761356,0,1.0055090413541845,0.0,0.0
2021-10-06,169.02,44.24,3.8205244122965643,3.8444655546980444,3.8955757287178203,0.059799657327256533,-0.8546900819192491,0,1.0055090413541845,0.0,0.0
2021-10-07,170.09,44.12,3.855167724388033,3.844285907585074,3.8932991022680516,0.05866499711357184,-0.8354759583144813,0,1.0055090413541845,0.0,0.0
2021-10-08,170.22,44.34,3.838971583220568,3.8361749317500786,3.8905552043267924,0.05725139026894156,-0.9498506904593829,0,1.0055090413541845,0.0,0.0
2021-10-11,166.64,43.78,3.8063042485153034,3.827015846058585,3.8872258517879823,0.05621932268281357,-1.0709841893524608,-2,1.0055090413541845,0.0,0.0
2021-10-12,165.36,43.54,3.797887000459348,3.8237709937759634,3.884195779997642,0.05605034238621814,-1.0780449083668069,-2,1.0055090413541845,0.0,0.0
2021-10-13,161.0,43.14,3.732035234121465,3.8060731581409435,3.8801940147080156,0.05819523072105613,-1.2736586082517893,-2,1.0055090413541845,0.0,0.0
2021-10-14,163.47,45.07,3.627024628355891,3.7604445389345154,3.87440244216796,0.06548378089501646,-1.740246236180861,-1,1.0053890413541846,0.0018351991191044228,-0.006656312402928777
2021-10-15,166.61,46.37,3.593055855078715,3.711261393306144,3.8680195831316,0.07357496180348286,-2.1305915216667586,2,1.0023754773180935,0.0,0.0
2021-10-18,166.55,46.28,3.5987467588591184,3.6697498953749075,3.861402762976423,0.07950562889674592,-2.410557217909883,2,1.0023754773180935,0.0,0.0
2021-10-19,168.57,46.48,3.6267211703958693,3.6355167293622115,3.855561727146016,0.08362251815737744,-2.6314084128593245,2,1.0023754773180935,0.0,0.0
2021-10-20,170.84,47.09,3.627946485453387,3.6146989796285958,3.849567084139837,0.08682562255361723,-2.7050552314347476,2,1.0023754773180935,0.0,0.0
2021-10-21,169.5,46.83,3.6194746957078796,3.613188993098994,3.8435834186740365,0.0900992462958586,-2.5571182340249208,2,1.0023754773180935,0.0,0.0
2021-10-22,171.78,47.57,3.6110994324153878,3.6167977085663283,3.837842866298057,0.09374447152759978,-2.3579540652341264,2,1.0023754773180935,0.0,0.0
2021-10-25,170.94,47.51,3.597979372763629,3.6166442313472302,3.8318637599108536,0.09740270259133152,-2.209584773706034,2,1.0023754773180935,0.0,0.0
2021-10-26,171.4,47.96,3.573811509591326,3.606062299186322,3.8250547877050614,0.10092059966051997,-2.169948348061679,2,1.0023754773180935,0.0,0.0
2021-10-27,167.83,47.04,3.5678146258503403,3.5940359272657125,3.8184180621652994,0.10452249293250228,-2.1467353925866144,2,1.0023754773180935,0.0,0.0
2021-10-28,170.36,47.78,3.565508580996233,3.5832427043233834,3.8119778624417235,0.10800375522436492,-2.1178444920102093,2,1.0023754773180935,0.0,0.0
2021-10-29,169.89,47.78,3.5556718292172453,3.5721571836837547,3.8058238878885273,0.11190875671297035,-2.0880109034192356,2,1.0023754773180935,0.0,0.0
2021-11-01,169.8,47.85,3.5485893416927903,3.5622791774695868,3.799587217929609,0.1156445097106089,-2.052047616042183,2,1.0023754773180935,0.0,0.0
2021-11-02,170.47,47.88,3.5603592314118626,3.559588721833694,3.7944523150288303,0.11931662400170963,-1.9684062900721289,-1,1.0022554773180936,0.0017598404411333373,-0.006265664160401002
2021-11-03,170.53,48.37,3.5255323547653505,3.5511322676166963,3.7891432819038524,0.12406363857042206,-1.9184590830137087,-1,0.9992908923059651,0.0017598404411333373,-0.006265664160401002
2021-11-04,168.29,47.33,3.555672934713712,3.549165138360192,3.7843758919996966,0.12745861381179993,-1.8453892334558641,-1,1.0018651404446435,0.0017598404411333373,-0.006265664160401002
2021-11-05,168.05,46.97,3.5778156269959553,3.553593897915934,3.780032249721278,0.1300005872541633,-1.7418256070077298,-1,1.0036984178365158,0.0017598404411333373,-0.006265664160401002
2021-11-08,169.06,47.34,3.571187156738487,3.5581134609250737,3.7755036731078677,0.13248231263351798,-1.6408998896641718,-1,1.0031575609427121,0.0017598404411333373,-0.006265664160401002
2021-11-09,167.78,46.88,3.578924914675768,3.5618265975778547,3.7710004882071497,0.13451418791908917,-1.5550321781306369,-1,1.003787170691846,0.0017598404411333373,-0.006265664160401002
2021-11-10,167.62,47.23,3.54901545627779,3.5665232178803423,3.7664653397924726,0.13735274616301915,-1.4556834682782822,-2,1.0013126137651243,0.0017598404411333373,-0.006265664160401002
2021-11-11,167.61,47.49,3.529374605180038,3.5612635519736076,3.7617187475498044,0.14055973433473173,-1.4261210475741857,-2,0.9996659426790087,0.0017598404411333373,-0.006265664160401002
2021-11-12,166.86,46.91,3.5570240886804525,3.5571052443105073,3.7570230513252327,0.14263298687674103,-1.4016239257997738,-2,1.0019801475611914,0.0017598404411333373,-0.006265664160401002
2021-11-15,166.56,47.05,3.5400637619553668,3.550880565353883,3.752148298650036,0.14498669436268627,-1.3881807167261755,-2,1.000575002446395,0.0017598404411333373,-0.006265664160401002
2021-11-16,165.36,47.08,3.51231945624469,3.5375594736676677,3.746847634164975,0.1478640257932953,-1.4154095925257655,-2,0.998275223992223,0.0017598404411333373,-0.006265664160401002
2021-11-17,164.47,46.51,3.5362287680068802,3.5350021360134853,3.7424329641621323,0.15015297809646924,-1.3814632968210478,-2,1.000280394571043,0.0017598404411333373,-0.006265664160401002
2021-11-18,163.05,46.32,3.520077720207254,3.5331427590189284,3.7374710329271523,0.15252087810886145,-1.33967412489184,-2,0.9989718973351098,0.0017598404411333373,-0.006265664160401002
2021-11-19,160.92,45.4,3.5444933920704846,3.530636619696935,3.7324204867023836,0.1538264614289398,-1.3117630421386424,-2,1.0009878482230647,0.0017598404411333373,-0.006265664160401002
2021-11-22,164.35,46.28,3.551210025929127,3.532865872491687,3.727651095473753,0.15494939056301854,-1.2570893133190233,-2,1.0015103164749992,0.0017598404411333373,-0.006265664160401002
2021-11-23,168.28,47.5,3.542736842105263,3.5389493496638016,3.722510439705672,0.15589537759533256,-1.1774633274781985,-2,1.000782379132964,0.0017598404411333373,-0.006265664160401002
2021-11-24,166.96,47.63,3.5053537686332144,3.5327743497890687,3.717080707107044,0.15771068607285985,-1.1686358223870061,-2,0.9976448534098158,0.0017598404411333373,-0.006265664160401002
2021-11-26,161.93,45.76,3.5386800699300704,3.536494819733632,3.7114313715403284,0.15793259157296272,-1.1076659356018876,-2,1.000509647970865,0.0017598404411333373,-0.006265664160401002
2021-11-29,161.23,45.59,3.5365211669225705,3.534900374704049,3.7051775515611163,0.15729378589471352,-1.0825423006287376,-2,1.0003429225693399,0.0017598404411333373,-0.006265664160401002
2021-11-30,158.83,44.47,3.5716213177422986,3.5389826330666834,3.6999502089274676,0.15641677089918143,-1.0290940986407144,-2,1.003136849370269,0.0017598404411333373,-0.006265664160401002
2021-12-01,157.89,43.84,3.601505474452554,3.550736359536141,3.6957570039437546,0.15561188018510508,-0.9319381285998676,0,1.0053194581918479,0.0,0.0
2021-12-02,161.21,44.89,3.591222989529962,3.567910203715491,3.690832234249882,0.15413497313419133,-0.797496038925403,0,1.0053194581918479,0.0,0.0
2021-12-03,158.29,43.87,3.608160474128106,3.5818062845550984,3.686146188238832,0.15226071572511374,-0.6852713333628699,0,1.0053194581918479,0.0,0.0
2021-12-06,160.16,44.15,3.627633069082673,3.6000286649871187,3.6814796803719165,0.1496255890592344,-0.5443655453383222,0,1.0053194581918479,0.0,0.0
2021-12-07,162.57,44.71,3.636099306642809,3.6129242627672213,3.67700235811738,0.14682476738340625,-0.43642565550831364,0,1.0053194581918479,0.0,0.0
2021-12-08,160.71,44.16,3.6392663043478266,3.620476428746275,3.671948128517822,0.14269113624754642,-0.3607210729771749,0,1.0053194581918479,0.0,0.0
2021-12-09,160.46,44.49,3.6066531804899977,3.6235624669382824,3.66638886039993,0.1384986033857746,-0.3092189553880099,0,1.0053194581918479,0.0,0.0
2021-12-10,159.82,44.52,3.58984725965858,3.619899824044377,3.661081617570589,0.13513247259602365,-0.3047512765441991,0,1.0053194581918479,0.0,0.0
2021-12-13,157.92,43.58,3.6236805874254245,3.619109327712928,3.656587405138791,0.1317182679570844,-0.2845321154547374,0,1.0053194581918479,0.0,0.0
2021-12-14,159.13,44.13,3.605937004305461,3.613076867245458,3.6515026852199237,0.12755261980938273,-0.3012546353958859,0,1.0053194581918479,0.0,0.0
2021-12-15,157.94,43.94,3.5944469731451982,3.604113001004932,3.646251262636727,0.12315981003761556,-0.34214295734075106,0,1.0053194581918479,0.0,0.0
2021-12-16,160.41,45.0,3.5646666666666667,3.5957156982402667,3.6409264494827664,0.11955343551900402,-0.37816354708864147,0,1.0053194581918479,0.0,0.0
2021-12-17,156.76,43.88,3.5724703737465813,3.5922403210578664,3.636031706491439,0.11613910840672476,-0.3770597693949329,0,1.0053194581918479,0.0,0.0
2021-12-20,153.94,43.16,3.5667284522706213,3.5808498940269056,3.630993712890223,0.11235622305419173,-0.4462932047754224,0,1.0053194581918479,0.0,0.0
2021-12-21,156.09,44.19,3.53224711473184,3.566111916112182,3.625532551764972,0.10895240702494419,-0.545381577840553,0,1.0053194581918479,0.0,0.0
2021-12-22,156.7,44.28,3.538843721770551,3.554991265837252,3.6203798235566067,0.10550876299970359,-0.6197452785939533,0,1.0053194581918479,0.0,0.0
2021-12-23,157.26,44.42,3.5402971634398916,3.550117365191897,3.615167610426569,0.10146811853896559,-0.6410904840981306,0,1.0053194581918479,0.0,0.0
2021-12-27,158.16,44.64,3.543010752688172,3.5442254409802154,3.609950023638824,0.09681295703233446,-0.6788820905104374,0,1.0053194581918479,0.0,0.0
2021-12-28,158.64,44.7,3.5489932885906037,3.5406784082442115,3.6044411374087413,0.0904054490517399,-0.70529741108899,0,1.0053194581918479,0.0,0.0
2021-12-29,158.56,44.63,3.5527671969527224,3.544782424688388,3.5994522627417407,0.08457848421689625,-0.6463799695576854,0,1.0053194581918479,0.0,0.0
2021-12-30,158.48,44.53,3.5589490231304737,3.5488034849603722,3.5951995587627072,0.07988705762644528,-0.5807708429979321,0,1.0053194581918479,0.0,0.0
2021-12-31,158.35,44.49,3.5592267925376486,3.552589410779924,3.5908445984333923,0.07432400279742678,-0.5147083877833435,0,1.0053194581918479,0.0,0.0
2022-01-03,161.7,46.18,3.5015158077089645,3.5442904217840825,3.584950399822074,0.06663177455235528,-0.6102190480615749,0,1.0053194581918479,0.0,0.0
2022-01-04,167.83,47.99,3.4971869139404044,3.5339291468540424,3.579253988667405,0.05868279152605074,-0.7723702406563545,0,1.0053194581918479,0.0,0.0
2022-01-05,163.78,47.18,3.4713861805849935,3.5176529435804964,3.573672020868566,0.052301387496450004,-1.0710820490540924,-2,1.0053194581918479,0.0,0.0
2022-01-06,165.52,48.13,3.4390193226677748,3.493667003487957,3.5676908929053734,0.046414351861800124,-1.594849145751825,-1,1.005199458191848,0.0018124697921701304,-0.006233118637024724
2022-01-07,167.16,49.18,3.3989426596177306,3.4616101769039735,3.562139349996978,0.046344501711515634,-2.169171517233615,2,1.0015052306371255,0.0,0.0
2022-01-10,167.32,48.93,3.419578990394441,3.445222813441069,3.5586819226976205,0.04907916228494083,-2.3117572504159205,2,1.0015052306371255,0.0,0.0
2022-01-11,167.49,49.21,3.403576508839667,3.4265007324209216,3.555523933593636,0.05278591789206401,-2.444273138084662,2,1.0015052306371255,0.0,0.0
2022-01-12,168.44,48.86,3.4474007367990174,3.421703643663726,3.553001499892635,0.05428042180515013,-2.4188805440795518,2,1.0015052306371255,0.0,0.0
2022-01-13,168.23,48.76,3.4501640689089417,3.4239325929119593,3.550058881534519,0.05499721017785543,-2.2933215742158577,2,1.0015052306371255,0.0,0.0
2022-01-14,157.89,47.91,3.295554164057608,3.403254893799935,3.5445190095112564,0.0631545932096649,-2.2367987589175544,2,1.0015052306371255,0.0,0.0
2022-01-18,151.27,46.26,3.269995676610463,3.3733382310431397,3.538694359192966,0.07166669182357112,-2.307294001471418,2,1.0015052306371255,0.0,0.0
2022-01-19,148.93,46.44,3.2069336778639106,3.3340096648479887,3.531958263283775,0.08286510623621916,-2.388805221241193,2,1.0015052306371255,0.0,0.0
2022-01-20,147.66,45.75,3.2275409836065574,3.290037714209496,3.5257842901311567,0.09123957480828716,-2.583819317626284,2,1.0015052306371255,0.0,0.0
2022-01-21,145.08,44.92,3.2297417631344616,3.2459532530546,3.520049794356876,0.09867910998813907,-2.777655182897592,2,1.0015052306371255,0.0,0.0
2022-01-24,144.95,44.55,3.2536475869809203,3.237571937639262,3.5148136770423855,0.10427799218795651,-2.658679301222133,2,1.0015052306371255,0.0,0.0
2022-01-25,146.53,45.43,3.2254017169271405,3.228653145702598,3.5091452293079004,0.11053195803055874,-2.537655973919822,2,1.0015052306371255,0.0,0.0
2022-01-26,147.92,45.9,3.2226579520697167,3.231798000543759,3.5035949980221086,0.11636321296048611,-2.3357639460388957,2,1.0015052306371255,0.0,0.0
2022-01-27,145.31,45.47,3.195733450626787,3.225436493947805,3.497714066504342,0.1227897860938923,-2.217428511100567,2,1.0015052306371255,0.0,0.0
2022-01-28,146.61,45.87,3.1962066710268155,3.2187294755262754,3.4916448571645913,0.12850738535070585,-2.1237330515558326,2,1.0015052306371255,0.0,0.0
2022-01-31,148.6,46.14,3.2206328565236237,3.2121265294348165,3.4865631988605625,0.1330913082914755,-2.0620179705854147,2,1.0015052306371255,0.0,0.0
2022-02-01,151.15,46.94,3.2200681721346402,3.2110598204763163,3.4809697861509106,0.13712858940851563,-1.968298272729355,-1,1.0013852306371256,0.0019847833278200462,-0.006391137622496805
2022-02-02,149.94,46.89,3.197696737044146,3.2060675774712024,3.4746344713183808,0.1412958839575038,-1.9007410996342442,-1,0.9993031996915882,0.0019847833278200462,-0.006391137622496805
2022-02-03,148.7,46.43,3.202670687055783,3.2074550247570017,3.468492530157002,0.14498892739671942,-1.8003961411877223,-1,0.9997819916714399,0.0019847833278200462,-0.006391137622496805
2022-02-04,152.56,48.28,3.15990057995029,3.2001938065416966,3.461508791244911,0.14959792884803974,-1.7467821026363008,-1,0.9956196507152062,0.0019847833278200462,-0.006391137622496805
2022-02-07,153.07,48.51,3.155431869717584,3.1871536091804886,3.454949064802241,0.15425253031620081,-1.7360846857604277,-1,0.9951619285592201,0.0019847833278200462,-0.006391137622496805
2022-02-08,155.95,49.38,3.1581611988659373,3.1747722145267483,3.448762174697006,0.158600017268905,-1.7275531547118945,-1,0.9953178148117696,0.0019847833278200462,-0.006391137622496805
2022-02-09,156.6,49.28,3.17775974025974,3.170784815169867,3.442441102223327,0.16173887110760773,-1.6795980161919302,-1,0.9972470377371023,0.0019847833278200462,-0.006391137622496805
2022-02-10,155.95,49.05,3.17940876656473,3.1661324310716568,3.4364301856334833,0.1647235095863643,-1.6409178947229135,-1,0.9974268902271936,0.0019847833278200462,-0.006391137622496805
2022-02-11,153.92,47.92,3.2120200333889812,3.1765563217593944,3.431425195252555,0.1669260458056457,-1.5268370628626038,-1,1.0006197655851403,0.0019847833278200462,-0.006391137622496805
2022-02-14,152.49,47.42,3.215731758751582,3.188616299566194,3.426083578431633,0.16863469086385052,-1.4081757297326278,-2,1.0009770942376062,0.0019847833278200462,-0.006391137622496805
2022-02-15,154.72,47.79,3.2374973843900396,3.2044835366710145,3.4213739061680135,0.16990629879921082,-1.2765293048570983,-2,1.0030384401383212,0.0019847833278200462,-0.006391137622496805
2022-02-16,155.0,47.68,3.2508389261744965,3.219099373853966,3.416479665069746,0.170527965188276,-1.1574658209159843,-2,1.0042972046085856,0.0019847833278200462,-0.006391137622496805
2022-02-17,151.43,46.07,3.286954634252225,3.2406085473914645,3.412075408541798,0.17040172090228342,-1.006250759924313,-2,1.007501259700488,0.0019847833278200462,-0.006391137622496805
2022-02-18,152.14,45.96,3.310269799825935,3.260258500678856,3.408200957837143,0.17002289638185883,-0.8701325545355904,0,1.00949434067759,0.0,0.0
2022-02-22,151.87,45.56,3.333406496927129,3.283793448313965,3.405335169975374,0.1698065754393343,-0.7157656960394436,0,1.00949434067759,0.0,0.0
2022-02-23,148.69,44.78,3.3204555605180883,3.300385083539575,3.4016980948185083,0.16923817824169612,-0.5986415850816106,0,1.00949434067759,0.0,0.0
2022-02-24,144.55,43.6,3.3153669724770642,3.3132906928000887,3.39801219157775,0.16865935714747946,-0.5023231453655969,0,1.00949434067759,0.0,0.0
2022-02-25,147.97,45.02,3.286761439360284,3.3132520538217003,3.3932645269380495,0.16769609965144483,-0.47712781205200683,0,1.00949434067759,0.0,0.0
2022-02-28,141.8,44.2,3.2081447963800906,3.292827053132531,3.3867085156368417,0.16710511630531463,-0.5618108205183943,0,1.00949434067759,0.0,0.0
2022-03-01,136.45,42.47,3.2128561337414645,3.268716980495398,3.3804024013737,0.16639423932042152,-0.6712096604692667,0,1.00949434067759,0.0,0.0
2022-03-02,139.28,43.16,3.2270620945319743,3.250038287298176,3.3740507617137654,0.1648190811048004,-0.7524157614781023,0,1.00949434067759,0.0,0.0
2022-03-03,138.29,42.49,3.254648152506472,3.237894523304057,3.367834346437495,0.16210421462851668,-0.8015820158113252,0,1.00949434067759,0.0,0.0
2022-03-04,134.4,40.95,3.282051282051282,3.236952491842257,3.3619335460276356,0.15857908715822802,-0.7881307455167404,0,1.00949434067759,0.0,0.0
2022-03-07,129.21,38.34,3.3701095461658843,3.269345441799415,3.357447600057937,0.15435147276937702,-0.570789229787001,0,1.00949434067759,0.0,0.0
2022-03-08,128.3,38.59,3.3246955169733092,3.2917133184457845,3.352748305665992,0.15088903359975667,-0.40450247287093793,0,1.00949434067759,0.0,0.0
2022-03-09,133.44,41.04,3.2514619883040936,3.296593297200208,3.347108551143417,0.14817632198455177,-0.3409131315087946,0,1.00949434067759,0.0,0.0
2022-03-10,131.86,40.67,3.242193262847308,3.294102319268375,3.3407504290671155,0.14424007206091596,-0.3234060350374754,0,1.00949434067759,0.0,0.0
2022-03-11,128.89,40.33,3.195883957351847,3.2768688543284883,3.3339162116178884,0.14114343516690506,-0.4041800259568604,0,1.00949434067759,0.0,0.0
2022-03-14,130.17,41.2,3.1594660194174753,3.234740148978806,3.3266665290557595,0.13868448559705163,-0.6628454486541913,0,1.00949434067759,0.0,0.0
2022-03-15,132.48,41.5,3.1922891566265057,3.208258876909446,3.320460237221757,0.1361624114606675,-0.8240259489288079,0,1.00949434067759,0.0,0.0
2022-03-16,138.4,42.8,3.2336448598130842,3.2046954512112436,3.3148131453228658,0.13251071958049807,-0.83100970593347,0,1.00949434067759,0.0,0.0
2022-03-17,140.15,43.03,3.25702997908436,3.207662794458655,3.3096515041030945,0.12850281124945756,-0.7936690929387752,0,1.00949434067759,0.0,0.0
2022-03-18,140.1,42.9,3.265734265734266,3.2216328561351384,3.305209623286468,0.12524291495812123,-0.667317326327608,0,1.00949434067759,0.0,0.0
2022-03-21,139.65,42.84,3.2598039215686274,3.241700436565368,3.3005589599497696,0.12154656934766142,-0.48424668586118264,0,1.00949434067759,0.0,0.0
2022-03-22,142.62,44.18,3.228157537347216,3.248874112709511,3.295356632848225,0.11773168647660287,-0.39481741517354046,0,1.00949434067759,0.0,0.0
2022-03-23,139.78,43.09,3.24390809932699,3.250926760612292,3.2903715886255385,0.11331728357188445,-0.34809189533937296,0,1.00949434067759,0.0,0.0
2022-03-24,140.69,43.07,3.2665428372416994,3.25282933224376,3.285664081103057,0.10813994281468069,-0.3036320161142116,0,1.00949434067759,0.0,0.0
2022-03-25,141.92,43.73,3.2453693116853417,3.2487563414339746,3.280540783015267,0.10240045100816245,-0.3103935702271359,0,1.00949434067759,0.0,0.0
2022-03-28,140.87,43.55,3.234672789896671,3.2437301150995834,3.2751361791280376,0.09580218228219642,-0.3278220107339929,0,1.00949434067759,0.0,0.0
2022-03-29,141.18,43.44,3.2500000000000004,3.2480986076301406,3.26998239925241,0.08828268288309249,-0.2478831737731486,0,1.00949434067759,0.0,0.0
2022-03-30,140.54,43.0,3.2683720930232556,3.252991406369394,3.266096670674315,0.08288495543240243,-0.1581139090508301,0,1.00949434067759,0.0,0.0
2022-03-31,136.32,41.22,3.307132459970888,3.261109330915231,3.262929096441489,0.07735064978023333,-0.023526182797797404,0,1.00949434067759,0.0,0.0
2022-04-01,135.31,40.9,3.308312958435208,3.273698060265205,3.26021120940566,0.07262235527638924,0.18571211038551558,0,1.00949434067759,0.0,0.0
2022-04-04,135.91,40.83,3.328679892236101,3.2924994807330905,3.258372218898465,0.06934060965136574,0.49216847106208217,0,1.00949434067759,0.0,0.0
2022-04-05,133.34,40.14,3.321873442949676,3.306874169323026,3.2570877319539973,0.06737857262776242,0.7389060858275711,0,1.00949434067759,0.0,0.0
2022-04-06,131.49,39.7,3.3120906801007557,3.3156178867385258,3.2552962601157693,0.06434570348560296,0.9374616074599773,0,1.00949434067759,0.0,0.0
2022-04-07,131.09,39.39,3.328002030972328,3.319791800938814,3.254036685484647,0.06209420250859349,1.0589574033915126,-2,1.00949434067759,0.0,0.0
2022-04-08,133.49,39.67,3.3650113435845728,3.331131477968687,3.252663528931073,0.058555825021066356,1.3400536839739525,-2,1.00949434067759,0.0,0.0
2022-04-11,133.0,39.59,3.3594342005556954,3.3372823396326057,3.251151364458519,0.0543925793377928,1.5835059896532893,1,1.0093743406775901,-0.0022556390977443606,0.007577671129072997
2022-04-12,131.54,39.17,3.358182282358948,3.34454410751446,3.2521951664302073,0.055840761182204546,1.6537908712047173,1,1.0094849518860862,-0.0022556390977443606,0.007577671129072997
2022-04-13,127.3,38.82,3.2792375064399795,3.3379734727823047,3.2523491969273666,0.055903405254207866,1.5316468731302049,1,1.0163966767653467,-0.0022556390977443606,0.007577671129072997
2022-04-14,126.12,37.57,3.3569337237157306,3.3437598113309854,3.2548491976915632,0.05717748253960433,1.5549934990201384,1,1.0095862419893438,-0.0022556390977443606,0.007577671129072997
2022-04-18,128.46,38.85,3.306563706563707,3.332070283926812,3.256166243074183,0.05744727596371466,1.3212818115270148,-2,1.0140074655458355,-0.0022556390977443606,0.007577671129072997
2022-04-19,131.12,39.57,3.313621430376548,3.322907729890982,3.257564237528217,0.057812784276413204,1.1302602561112831,-2,1.013463388758768,-0.0022556390977443606,0.007577671129072997
2022-04-20,131.58,39.66,3.3177004538577917,3.3148113641907515,3.258631785309498,0.05832832384459582,0.9631612084539346,0,1.0129883196895302,0.0,0.0
2022-04-21,130.56,38.91,3.355435620663069,3.3300509870353694,3.2607990170384302,0.05947714842211247,1.164345834226185,-2,1.0129883196895302,0.0,0.0
2022-04-22,126.81,37.56,3.3761980830670923,3.3339038589056416,3.26335801922172,0.06108949172501613,1.154795001429568,-2,1.0129883196895302,0.0,0.0
2022-04-25,126.77,37.29,3.3995709305443818,3.3525053037017765,3.26675531055368,0.06290590411563456,1.3631469788665562,-2,1.0129883196895302,0.0,0.0
2022-04-26,123.02,36.45,3.3750342935528117,3.3647878763370294,3.269735770929113,0.06373757806008781,1.4913040046533825,-2,1.0129883196895302,0.0,0.0
2022-04-27,121.42,36.25,3.3495172413793104,3.3711512338413328,3.2718838440100413,0.06422463046022606,1.5456280420759632,1,1.0128683196895303,-0.0024707626420688517,0.008275862068965517
2022-04-28,123.34,36.81,3.3507199130671013,3.3702080923221396,3.2740613730255825,0.0646514973259906,1.4871537902944287,-2,1.0127589381753788,-0.0024707626420688517,0.008275862068965517
2022-04-29,119.36,35.68,3.3452914798206277,3.3640267716728465,3.2765212854051904,0.06450440145718035,1.356581633049404,-2,1.0132408493528817,-0.0024707626420688517,0.008275862068965517
2022-05-02,120.45,36.14,3.3328721638074157,3.3506870183254533,3.278691310017718,0.06416705169157869,1.1220043061006673,-2,1.0143546146247508,-0.0024707626420688517,0.008275862068965517
2022-05-03,123.03,37.13,3.313493132238082,3.3383787860625076,3.281251185889181,0.06238670711518288,0.9157014821739732,0,1.0160508983191943,0.0,0.0
2022-05-04,127.1,38.62,3.2910409114448473,3.3266835200756146,3.2835113365846356,0.06016824064977397,0.7175244452014944,0,1.0160508983191943,0.0,0.0
2022-05-05,123.92,37.54,3.301012253596164,3.3167419881814277,3.2858921874968057,0.05790792396184023,0.5327388477084977,0,1.0160508983191943,0.0,0.0
2022-05-06,123.72,37.45,3.3036048064085444,3.308404653499011,3.287989605265953,0.05617821111517682,0.3633979763293427,0,1.0160508983191943,0.0,0.0
2022-05-09,121.86,36.37,3.350563651361012,3.31194295100973,3.2908421866792237,0.05490222006416494,0.3843335352531351,0,1.0160508983191943,0.0,0.0
2022-05-10,118.89,35.76,3.3246644295302015,3.3141772104681535,3.2927195932815776,0.05408099782820924,0.39676814497278706,0,1.0160508983191943,0.0,0.0
2022-05-11,118.14,35.57,3.3213382063536687,3.320236669449918,3.2944797007416122,0.053244960753345213,0.48374472145117836,0,1.0160508983191943,0.0,0.0
2022-05-12,118.04,35.07,3.3658397490732823,3.333202168545342,3.296618740153,0.05349437918149337,0.6838742490724803,0,1.0160508983191943,0.0,0.0
2022-05-13,119.09,35.17,3.3861245379584872,3.34970611485533,3.2988735003493996,0.05437592430495661,0.9348367895476258,0,1.0160508983191943,0.0,0.0
2022-05-16,118.26,34.81,3.3972996265440965,3.359053309891947,3.3007125835542643,0.05581301057597358,1.045289005836164,-2,1.0160508983191943,0.0,0.0
2022-05-17,122.18,35.99,3.3948318977493748,3.3730868035357817,3.302121951852988,0.057111007369869765,1.2425774811360235,-2,1.0160508983191943,0.0,0.0
2022-05-18,120.09,34.88,3.442947247706422,3.3974086118063327,3.3039476310326426,0.05981488640868748,1.5625036907219794,1,1.0159308983191944,-0.0024981264051961026,0.00860091743119266
2022-05-19,118.31,34.45,3.434252539912917,3.4110911699742594,3.3058442473558904,0.0621074036721339,1.6945954330013435,1,1.0166791688250307,-0.0024981264051961026,0.00860091743119266
2022-05-20,117.34,33.86,3.4654459539279387,3.42695545316815,3.3083455637134045,0.06543065591809602,1.8127571516815852,1,1.0140278101536673,-0.0024981264051961026,0.00860091743119266
2022-05-23,124.6,35.87,3.4736548647895176,3.4422265008172337,3.311460454137225,0.06875012620703372,1.9020480964096065,1,1.0131792564886408,-0.0024981264051961026,0.00860091743119266
2022-05-24,126.36,35.65,3.544460028050491,3.4721521268774573,3.3170657079983985,0.07371472214691105,2.1038730712431724,2,1.006765894988837,0.0,0.0
2022-05-25,127.24,35.84,3.550223214285714,3.4936073201933153,3.3226884926741365,0.07835205213274225,2.1814211991488377,2,1.006765894988837,0.0,0.0
2022-05-26,129.44,36.67,3.5298609217343877,3.51272899655761,3.3277351397941763,0.08176563125768897,2.2624891891363865,2,1.006765894988837,0.0,0.0
2022-05-27,131.27,37.02,3.54592112371691,3.528824030515404,3.3325896893143505,0.08589517711545631,2.2845792719803644,2,1.006765894988837,0.0,0.0
2022-05-31,132.23,37.2,3.554569892473118,3.545007036052124,3.3371316661547143,0.09027117455892772,2.302787915556716,2,1.006765894988837,0.0,0.0
2022-06-01,129.91,36.67,3.542677938369239,3.544650618115874,3.34000780602477,0.09401132378933644,2.1767889637388156,2,1.006765894988837,0.0,0.0
2022-06-02,132.0,36.7,3.5967302452316074,3.5539520243050524,3.3445417181624086,0.09965093092992039,2.101438533373178,2,1.006765894988837,0.0,0.0
2022-06-03,130.16,36.19,3.596573639126831,3.5672945677835415,3.350293579009454,0.10405013401787101,2.085542616762193,2,1.006765894988837,0.0,0.0
2022-06-06,129.73,36.15,3.5886583679114796,3.575842016622455,3.35606799742719,0.10750568394190921,2.044301390743397,2,1.006765894988837,0.0,0.0
2022-06-07,130.07,36.35,3.5782668500687755,3.5805814081415868,3.362441045639139,0.10917000515592289,1.9981712210317017,1,1.006645894988837,-0.002306450372876144,0.008253094910591471
2022-06-08,128.0,35.89,3.5664530509891335,3.585336430665565,3.369224162832,0.10898831439810136,1.9828939370891836,1,1.0076238236018185,-0.002306450372876144,0.008253094910591471
2022-06-09,125.31,34.51,3.631121414082875,3.5922146644358195,3.3765380337896063,0.11160639972642485,1.9324754778837998,1,1.0024389041282389,-0.002306450372876144,0.008253094910591471
2022-06-10,119.55,33.17,3.604160385890865,3.593732013788626,3.382713292557569,0.11379499600938062,1.8543761029145922,1,1.0046649110958128,-0.002306450372876144,0.008253094910591471
2022-06-13,115.99,32.02,3.6224234853216735,3.6004850372706643,3.3888031843281907,0.11669518748972386,1.8139724310491738,1,1.0033848152760716,-0.002306450372876144,0.008253094910591471
2022-06-14,114.06,31.46,3.625556261919898,3.609942919640889,3.394800217597952,0.11947600544548719,1.8007189078739254,1,1.0032145313457914,-0.002306450372876144,0.008253094910591471
2022-06-15,115.41,32.05,3.600936037441498,3.616839516931362,3.400485752862499,0.12104942920648004,1.7873175072954475,1,1.0049701493396577,-0.002306450372876144,0.008253094910591471
2022-06-16,113.43,31.85,3.56138147566719,3.6028915292482244,3.406039485167832,0.12065251109404819,1.6315619318270718,1,1.0078863020958342,-0.002306450372876144,0.008253094910591471
2022-06-17,113.03,31.92,3.541040100250626,3.590267472120177,3.4109916851832263,0.11998105784559816,1.494200752652624,-2,1.009386598888726,-0.002306450372876144,0.008253094910591471
2022-06-21,115.83,32.85,3.5260273972602736,3.570988254507897,3.4153164278502026,0.11936110584305075,1.304208984645206,-2,1.010603916111523,-0.002306450372876144,0.008253094910591471
2022-06-22,115.18,32.6,3.5331288343558285,3.552502768995083,3.420112419894711,0.11819224430009566,1.1201272121056172,-2,1.0100398351262447,-0.002306450372876144,0.008253094910591471
2022-06-23,113.92,32.08,3.551122194513716,3.5425400004095264,3.4253865766383282,0.11682971028123587,1.0027708147968788,-2,1.008654353242561,-0.002306450372876144,0.008253094910591471
2022-06-24,117.32,32.31,3.6310739709068396,3.5564784994574565,3.4317378094867754,0.11748986645331129,1.061714458755055,-2,1.0027106338042182,-0.002306450372876144,0.008253094910591471
2022-06-27,116.38,32.35,3.5975270479134465,3.5677758889900204,3.4372237254016116,0.11741713647135059,1.1118663553872576,-2,1.0052088209511456,-0.002306450372876144,0.008253094910591471
2022-06-28,115.82,32.26,3.5902045877247364,3.580611327082913,3.4419415941975093,0.1177878128158107,1.177284216171386,-2,1.005757654618003,-0.002306450372876144,0.008253094910591471
2022-06-29,115.3,31.86,3.618957940991839,3.5977771484101155,3.447119010573453,0.11863874794653292,1.269889816306556,-2,1.0036557708476619,-0.002306450372876144,0.008253094910591471
2022-06-30,112.61,31.13,3.6174108576935433,3.6110348810460806,3.451931193331077,0.11960500390688646,1.3302427366572993,-2,1.0038353630659669,-0.002306450372876144,0.008253094910591471
2022-07-01,114.05,31.56,3.6137515842839036,3.607570403721494,3.4567958290199807,0.12015999223388013,1.254781827948563,-2,1.0040629053405796,-0.002306450372876144,0.008253094910591471
2022-07-05,112.62,31.24,3.6049935979513448,3.6090637137290735,3.461677544317491,0.12013129330401796,1.2268757403501043,-2,1.0047201390024032,-0.002306450372876144,0.008253094910591471
2022-07-06,111.89,30.98,3.6116849580374435,3.6133597877916146,3.4664055931019098,0.12036328800106759,1.220922069596515,-2,1.0042580430978492,-0.002306450372876144,0.008253094910591471
2022-07-07,114.72,31.86,3.6007532956685497,3.609718858726957,3.4703346256366427,0.12084408068485233,1.153422098131663,-2,1.0049935120639302,-0.002306450372876144,0.008253094910591471
2022-07-08,114.36,31.79,3.5973576596413968,3.605708219116528,3.474300016621404,0.12104675561865738,1.0855987161614542,-2,1.005246117554424,-0.002306450372876144,0.008253094910591471
2022-07-11,112.86,31.46,3.5874125874125875,3.6004404197422644,3.4781205217056317,0.12093716365465965,1.011433494388222,-2,1.005982271793243,-0.002306450372876144,0.008253094910591471
2022-07-12,112.97,31.36,3.602359693877551,3.599913638927506,3.483505891496258,0.11911131677802456,0.977302162213396,0,1.0047993774101633,0.0,0.0
2022-07-13,111.91,30.84,3.628728923476005,3.6033224320152177,3.488035811492262,0.11938407228045404,0.9656784051739121,0,1.0047993774101633,0.0,0.0
2022-07-14,108.0,30.13,3.584467308330568,3.600065234547621,3.4926675381883765,0.11760178291379082,0.9132318719859345,0,1.0047993774101633,0.0,0.0
2022-07-15,112.95,32.25,3.502325581395349,3.581058818898412,3.4958126073720233,0.11523173871219268,0.7397806583419074,0,1.0047993774101633,0.0,0.0
2022-07-18,111.79,32.26,3.465282083075016,3.5566327180308983,3.4982723011923103,0.11291725115190693,0.5168423446659725,0,1.0047993774101633,0.0,0.0
2022-07-19,114.56,33.35,3.435082458770615,3.52317727100951,3.4995997484941026,0.11167089531409108,0.21113399735080515,0,1.0047993774101633,0.0,0.0
2022-07-20,114.54,33.36,3.433453237410072,3.484122133796324,3.5005540010664857,0.11084006624105043,-0.14824844325179687,0,1.0047993774101633,0.0,0.0
2022-07-21,115.32,33.65,3.42704309063893,3.4526372902579965,3.5010118704013946,0.1104719760104115,-0.43789005945579385,0,1.0047993774101633,0.0,0.0
2022-07-22,114.76,33.43,3.4328447502243495,3.438741124023797,3.5019753780125873,0.10960329831767117,-0.5769375097226914,0,1.0047993774101633,0.0,0.0
2022-07-25,115.22,33.73,3.4159501927067897,3.428874745950151,3.503082593868045,0.10836562330861421,-0.6847914094173359,0,1.0047993774101633,0.0,0.0
2022-07-26,113.42,33.05,3.4317700453857793,3.428212263273184,3.5044334294066894,0.10692980417710134,-0.7128149791358919,0,1.0047993774101633,0.0,0.0
2022-07-27,115.24,33.59,3.4307829711223574,3.427678210015641,3.505858287595052,0.10533090834352597,-0.7422330141161863,0,1.0047993774101633,0.0,0.0
2022-07-28,114.81,33.32,3.4456782713085237,3.43140524614956,3.507738389386737,0.1031755754887141,-0.7398373391726465,0,1.0047993774101633,0.0,0.0
2022-07-29,115.36,33.81,3.412008281573499,3.4272379524193894,3.509380308542327,0.1007882528612515,-0.8149993058815838,0,1.0047993774101633,0.0,0.0
2022-08-01,114.21,33.71,3.388015425689706,3.4216509990159727,3.5109965504464085,0.09796563312713112,-0.9120091258379459,0,1.0047993774101633,0.0,0.0
2022-08-02,112.43,33.04,3.4028450363196128,3.415865997202739,3.512693763491799,0.09510646704230906,-1.0180986561721947,-2,1.0047993774101633,0.0,0.0
2022-08-03,113.61,33.64,3.377229488703924,3.405155300719053,3.513920841530056,0.09281028570827467,-1.1719125739239686,-2,1.0047993774101633,0.0,0.0
2022-08-04,112.36,33.4,3.3640718562874254,3.3888340177148337,3.5141459782788287,0.09242287709924484,-1.3558543565943464,-2,1.0047993774101633,0.0,0.0
2022-08-05,115.76,33.96,3.408716136631331,3.3881755887264,3.515546840063848,0.09011026708710165,-1.4135043148227415,-2,1.0047993774101633,0.0,0.0
2022-08-08,114.35,33.49,3.414452075246342,3.393462918637727,3.517098737878726,0.08747206902315284,-1.4134319745914983,-2,1.0047993774101633,0.0,0.0
2022-08-09,115.38,33.92,3.4015330188679243,3.3932005151473894,3.5176936257086364,0.08654237023587077,-1.438522081402921,-2,1.0047993774101633,0.0,0.0
2022-08-10,118.39,35.07,3.3758197889934416,3.392918575205293,3.5175218798925525,0.08681768544073246,-1.4352295163676296,-2,1.0047993774101633,0.0,0.0
2022-08-11,120.14,35.91,3.345586187691451,3.389221441486098,3.516659989245008,0.08827588116529657,-1.4436394865351874,-2,1.0047993774101633,0.0,0.0
2022-08-12,122.13,36.3,3.3644628099173555,3.380370776143303,3.5161538377811414,0.08906974668474815,-1.5244577052456036,-1,1.0046793774101634,0.0024563989191844758,-0.008264462809917356
2022-08-15,122.46,36.25,3.378206896551724,3.373121740404379,3.515074831928563,0.0903544869343509,-1.5710685361682533,-1,1.0059032121939901,0.0024563989191844758,-0.008264462809917356
2022-08-16,123.63,36.64,3.3741812227074233,3.367651381172279,3.514073643308471,0.09158960498660465,-1.5986777337625486,-1,1.0055540584335683,0.0024563989191844758,-0.008264462809917356
2022-08-17,122.59,36.41,3.3669321614940952,3.3658738556724095,3.5124317467679074,0.09334235353062911,-1.5701113755119402,-1,1.0049002300038974,0.0024563989191844758,-0.008264462809917356
2022-08-18,121.64,36.28,3.352811466372657,3.3673189114086512,3.5104176901276265,0.09547264269475109,-1.4988458963736484,-2,1.0036410311959614,0.0024563989191844758,-0.008264462809917356
2022-08-19,118.63,35.48,3.3435738444193914,3.363141118309058,3.507069587067108,0.0977537467414312,-1.4723575674163745,-2,1.0028588406971501,0.0024563989191844758,-0.008264462809917356
2022-08-22,116.67,34.72,3.360311059907834,3.35956195098028,3.503904384494143,0.0993936382738486,-1.4522301026567899,-2,1.0043252905510858,0.0024563989191844758,-0.008264462809917356
2022-08-23,115.52,34.41,3.3571636152281314,3.3561584294844216,3.5010260960523722,0.10111485861301593,-1.4327040412763106,-2,1.004062415265098,0.0024563989191844758,-0.008264462809917356
2022-08-24,115.8,34.52,3.3545770567786786,3.353687408541339,3.4978370282700686,0.10268020221628572,-1.403869651766879,-2,1.003841116053379,0.0024563989191844758,-0.008264462809917356
2022-08-25,118.55,35.14,3.373648264086511,3.3578547680841098,3.494821667796958,0.10363796986325598,-1.3215899529252444,-2,1.0054722461389873,0.0024563989191844758,-0.008264462809917356
2022-08-26,114.67,34.03,3.3696738172200997,3.3630747626442514,3.491938265777806,0.10468530893352361,-1.2309607188090221,-2,1.0051149720515598,0.0024563989191844758,-0.008264462809917356
2022-08-29,114.39,33.9,3.374336283185841,3.3658798072998524,3.48823169974371,0.10484907392959583,-1.166933458334735,-2,1.0055015605194773,0.0024563989191844758,-0.008264462809917356
2022-08-30,114.41,34.09,3.356116163097682,3.365670316873762,3.4842240751432243,0.10523253072362354,-1.1265884936362955,-2,1.0039804405639765,0.0024563989191844758,-0.008264462809917356
2022-08-31,113.73,33.61,3.3838143409699497,3.3715177737120166,3.480810008027532,0.10510974795397321,-1.0397916125093711,-2,1.0062770314476914,0.0024563989191844758,-0.008264462809917356
2022-09-01,114.51,33.47,3.4212727815954587,3.3810426772138067,3.478193440219643,0.10459539052510822,-0.9288245162440044,0,1.0092384686359472,0.0,0.0
2022-09-02,113.71,33.43,3.401435836075381,3.387395080984862,3.4754431533044143,0.10440466202012981,-0.8433346808074154,0,1.0092384686359472,0.0,0.0
2022-09-06,113.74,33.06,3.4404113732607375,3.4006100989998416,3.4722646526240455,0.10246992170340626,-0.6992740155653111,0,1.0092384686359472,0.0,0.0
2022-09-07,115.9,33.57,3.4524873398868037,3.419884334357666,3.4697367685239775,0.10102158287133266,-0.49348300382311866,0,1.0092384686359472,0.0,0.0
2022-09-08,118.6,34.65,3.422799422799423,3.427681350723561,3.4664097008152734,0.09917814568495392,-0.39049278270170124,0,1.0092384686359472,0.0,0.0
2022-09-09,119.17,34.94,3.410704064109903,3.42556760722645,3.4628288308517736,0.09719350806391457,-0.38337152725077644,0,1.0092384686359472,0.0,0.0
2022-09-12,120.58,35.27,3.418769492486532,3.42903433850868,3.459792721769191,0.0956390326900952,-0.32160910033646145,0,1.0092384686359472,0.0,0.0
2022-09-13,116.39,34.0,3.423235294117647,3.4255991226800617,3.457490285410032,0.09481120827564708,-0.33636490147085013,0,1.0092384686359472,0.0,0.0
2022-09-14,116.12,33.87,3.428402716268084,3.420782197956318,3.455612995676989,0.09424227790878671,-0.3695878165676612,0,1.0092384686359472,0.0,0.0
2022-09-15,117.87,34.51,3.415531729933353,3.419328659383104,3.45377140122154,0.09392204137310303,-0.3667162823006941,0,1.0092384686359472,0.0,0.0
2022-09-16,117.08,34.12,3.4314185228604925,3.423471551133222,3.4520762293632847,0.09338178187704434,-0.3063196873639292,0,1.0092384686359472,0.0,0.0
2022-09-19,118.16,34.69,3.4061689247621794,3.420951437588351,3.4496603415340927,0.09264809130895406,-0.30987043057375074,0,1.0092384686359472,0.0,0.0
2022-09-20,115.83,34.17,3.3898156277436344,3.414267504313549,3.445639369148039,0.08983382514578171,-0.34922107328258856,0,1.0092384686359472,0.0,0.0
2022-09-21,112.49,33.15,3.393363499245852,3.4072596609091024,3.4422366433369125,0.08782735754969868,-0.39824700871841395,0,1.0092384686359472,0.0,0.0
2022-09-22,111.21,32.5,3.4218461538461535,3.4085225456916626,3.439430669438936,0.08568308669999979,-0.36072607719527394,0,1.0092384686359472,0.0,0.0
2022-09-23,109.14,31.73,3.439647021745982,3.4101682454687596,3.4364421541181716,0.0823786237687215,-0.31894085440388137,0,1.0092384686359472,0.0,0.0
2022-09-26,106.79,31.03,3.44150821785369,3.4172361040870625,3.4335104434541748,0.07888506112689707,-0.20630445276492695,0,1.0092384686359472,0.0,0.0
2022-09-27,105.85,30.57,3.462544978737324,3.4317819742858005,3.430990333361732,0.07536615674514441,0.01050393118419792,0,1.0092384686359472,0.0,0.0
2022-09-28,107.99,31.07,3.4757000321853875,3.448249280873707,3.4288354405989656,0.07208359138626798,0.26932398762861626,0,1.0092384686359472,0.0,0.0
2022-09-29,106.16,30.66,3.46249184605349,3.4563784193151745,3.426348888732566,0.06813426872055227,0.44074048414274913,0,1.0092384686359472,0.0,0.0
2022-09-30,104.5,30.2,3.460264900662252,3.4605019950984284,3.4240074154824613,0.06434795306539176,0.567144374878257,0,1.0092384686359472,0.0,0.0
2022-10-03,107.73,31.09,3.4651013187520103,3.465220615278093,3.421803143134305,0.06045670218408292,0.718158129293709,0,1.0092384686359472,0.0,0.0
2022-10-04,112.77,32.38,3.482705373687461,3.4692526942681203,3.4200580229055526,0.05700812081237445,0.8629414662601771,0,1.0092384686359472,0.0,0.0
2022-10-05,110.39,31.92,3.458333333333333,3.465779354497709,3.417657583563149,0.052015479782286295,0.925143267657555,0,1.0092384686359472,0.0,0.0
2022-10-06,108.14,31.46,3.4373808010171647,3.4607571454904447,3.414468448188835,0.04412206830706238,1.0491053361204346,-2,1.0092384686359472,0.0,0.0
2022-10-07,105.98,30.75,3.4465040650406507,3.458004978366124,3.41216906080067,0.038326893497693255,1.1959204981800264,-2,1.0092384686359472,0.0,0.0
2022-10-10,104.99,30.66,3.4243313763861707,3.449850989892956,3.41086915738385,0.03649621153473664,1.068106273770466,-2,1.0092384686359472,0.0,0.0
2022-10-11,101.96,29.77,3.424924420557608,3.4382947992669854,3.410196529675227,0.03584242164787347,0.7839389276708015,0,1.0092384686359472,0.0,0.0
2022-10-12,103.61,29.86,3.469859343603483,3.440600001321015,3.4107761444224414,0.036526344541671966,0.8165026441271324,0,1.0092384686359472,0.0,0.0
2022-10-13,109.37,31.69,3.451246449984222,3.443373131114427,3.4110726979653436,0.03678489357743841,0.8780896179864058,0,1.0092384686359472,0.0,0.0
2022-10-14,111.19,31.7,3.507570977917981,3.455586513689893,3.4124148294199945,0.038791786854794424,1.1129078542192197,-2,1.0092384686359472,0.0,0.0
2022-10-17,115.86,33.62,3.4461629982153483,3.4599528380557287,3.4126368002198446,0.038948458311711516,1.2148372461165307,-2,1.0092384686359472,0.0,0.0
2022-10-18,118.84,34.88,3.407110091743119,3.4563899722928304,3.4124894652037834,0.03895243195712339,1.1270286573472534,-2,1.0092384686359472,0.0,0.0
2022-10-19,116.51,33.92,3.4348466981132075,3.4493874431947757,3.4125407427492407,0.03898025851830884,0.9452656766816554,0,1.0092384686359472,0.0,0.0
2022-10-20,116.13,33.7,3.4459940652818988,3.448336966254311,3.4127942609852324,0.039150007532478756,0.9078594746014419,0,1.0092384686359472,0.0,0.0
2022-10-21,122.23,34.95,3.4972818311874105,3.446279136908197,3.4136543203165477,0.040430537116107196,0.8069350277973852,0,1.0092384686359472,0.0,0.0
2022-10-24,122.38,35.07,3.489592244083262,3.4549649860817793,3.4149473863583775,0.041600727094660846,0.9619447187147305,0,1.0092384686359472,0.0,0.0
2022-10-25,122.7,35.39,3.4670810963549026,3.466959187004136,3.41626514753613,0.04198365556364302,1.2074708309084394,-2,1.0092384686359472,0.0,0.0
2022-10-26,124.11,35.7,3.4764705882352938,3.4752839650285536,3.417492240068058,0.04265535177631558,1.3548528509049704,-2,1.0092384686359472,0.0,0.0
2022-10-27,124.6,35.87,3.4736548647895176,3.4808161249300773,3.4190993296694847,0.04292829064482062,1.4376718554023964,-2,1.0092384686359472,0.0,0.0
2022-10-28,126.08,36.18,3.484798231066888,3.478319404905973,3.4211114359158095,0.04313417353154336,1.326279474169787,-2,1.0092384686359472,0.0,0.0
2022-10-31,125.88,36.04,3.492785793562708,3.478958114801862,3.4225125968646655,0.044079787755990425,1.2805306198309767,-2,1.0092384686359472,0.0,0.0
2022-11-01,128.15,36.2,3.5400552486187844,3.4935529452546383,3.4246059830875395,0.046600902124118875,1.479519902500224,-2,1.0092384686359472,0.0,0.0
2022-11-02,126.97,36.09,3.5181490717650314,3.5018886419605857,3.426549583969158,0.04803217377690355,1.5685123546845336,1,1.0091184686359473,-0.002362762857367882,0.008312551953449708
2022-11-03,127.2,35.89,3.5441627194204512,3.5159902128867726,3.429355299476275,0.04989910302993622,1.7362018182675998,1,1.0069125227880626,-0.002362762857367882,0.008312551953449708
2022-11-04,130.68,36.79,3.5520521880945912,3.5294410042923134,3.432796399482994,0.05112830333953035,1.890236884402885,1,1.0061714048025272,-0.002362762857367882,0.008312551953449708
2022-11-07,131.37,37.01,3.549581194271819,3.540800084434136,3.4358817058889017,0.05250184220080351,1.9983751835593422,1,1.0063698598607023,-0.002362762857367882,0.008312551953449708
2022-11-08,131.45,37.11,3.5421719213150094,3.54122341897338,3.438614456301623,0.053702462369508756,1.9106938144798449,1,1.0070120940274578,-0.002362762857367882,0.008312551953449708
2022-11-09,129.74,36.52,3.5525739320920042,3.548108391038775,3.4415876681246993,0.05499738585878166,1.9368324739578013,1,1.0061480128610214,-0.002362762857367882,0.008312551953449708
2022-11-10,135.08,38.13,3.5426173616574874,3.5477993194861823,3.444515754794089,0.05562848426552917,1.8566668866815446,1,1.0069140678477309,-0.002362762857367882,0.008312551953449708
2022-11-11,135.3,38.41,3.5225201770372303,3.54189291727471,3.4473442333051656,0.05519950923579461,1.712853706102033,1,1.008721774566076,-0.002362762857367882,0.008312551953449708
2022-11-14,133.91,37.76,3.546345338983051,3.541245746216956,3.4507237582145596,0.0549452450668057,1.6474944809570804,1,1.006602856168075,-0.002362762857367882,0.008312551953449708
2022-11-15,132.94,37.7,3.526259946949602,3.538063351343875,3.4534895729985893,0.05449181143272641,1.552045639915962,1,1.008395983022515,-0.002362762857367882,0.008312551953449708
2022-11-16,133.12,37.36,3.5631691648822272,3.54018239790192,3.4569229988261574,0.054808713775928906,1.5190905485603423,1,1.005144418044016,-0.002362762857367882,0.008312551953449708
2022-11-17,132.54,37.17,3.5657788539144466,3.544814696353311,3.4604430287784202,0.05490626525981021,1.5366491815761598,1,1.004935435630134,-0.002362762857367882,0.008312551953449708
2022-11-18,133.84,37.19,3.5988168862597476,3.560074038197815,3.4641958391479744,0.05654399187886133,1.6956390212995214,1,1.0020300949546248,-0.002362762857367882,0.008312551953449708
2022-11-21,133.05,37.31,3.5660680782632004,3.5640185860538445,3.4674690768320255,0.0566638696673529,1.7038989710483237,1,1.0048941838463594,-0.002362762857367882,0.008312551953449708
2022-11-22,135.04,37.49,3.6020272072552677,3.579172038114978,3.4712639255665163,0.057931135917181555,1.8626963003578487,1,1.0016885451118185,-0.002362762857367882,0.008312551953449708
2022-11-23,136.48,37.61,3.628822121776123,3.5923026294937572,3.4758090248778237,0.059422514185711046,1.960428740053984,1,0.9992836728316227,-0.002362762857367882,0.008312551953449708
2022-11-25,136.74,37.7,3.627055702917772,3.604557999294422,3.4798630475769543,0.06130743672713082,2.033928645108166,2,0.9992901906841651,0.0,0.0
2022-11-28,134.35,36.86,3.644872490504612,3.6137691201433952,3.4835897093921067,0.06440332691894228,2.021315000001968,2,0.9992901906841651,0.0,0.0
2022-11-29,136.56,37.0,3.690810810810811,3.638717666652917,3.488412625637697,0.06882983405188403,2.183719357828465,2,0.9992901906841651,0.0,0.0
2022-11-30,138.18,37.85,3.650726552179657,3.6484575356377946,3.491917878619679,0.07164172866644027,2.1850346150489335,2,0.9992901906841651,0.0,0.0
2022-12-01,136.24,36.55,3.7274965800273603,3.668192427288042,3.496501365955355,0.07762379458879279,2.2118354589879257,2,0.9992901906841651,0.0,0.0
2022-12-02,135.16,36.08,3.746119733924612,3.69200523348941,3.5018900378074416,0.08342629364796281,2.278840247706616,2,0.9992901906841651,0.0,0.0
2022-12-05,131.37,34.47,3.811140121845083,3.725258759757504,3.5085639721030275,0.09162239110698744,2.3650854887801636,2,0.9992901906841651,0.0,0.0
2022-12-06,131.59,33.0,3.9875757575757578,3.784611749110494,3.5180440765211816,0.10979811904805623,2.427798170865219,2,0.9992901906841651,0.0,0.0
2022-12-07,131.5,32.74,4.0164935858277335,3.8577651558401094,3.52793171471635,0.12655000181514425,2.6063487664390403,2,0.9992901906841651,0.0,0.0
2022-12-08,132.88,32.44,4.096177558569667,3.93150135154857,3.5390612954213765,0.14558150714474805,2.695672436863841,2,0.9992901906841651,0.0,0.0
2022-12-09,132.16,32.38,4.0815318097591105,3.9985837667154707,3.5501612967518055,0.16061674785152918,2.7918786550091133,2,0.9992901906841651,0.0,0.0
2022-12-12,134.21,32.73,4.100519401161015,4.056459622578657,3.5613129780568142,0.17483160123898644,2.832134699979103,2,0.9992901906841651,0.0,0.0
2022-12-13,134.08,32.75,4.094045801526718,4.077753631368848,3.572777592669556,0.1866405763353134,2.7056069404332854,2,0.9992901906841651,0.0,0.0
2022-12-14,133.41,32.28,4.132899628252788,4.10103483985386,3.585162326011376,0.1985671681726991,2.5979748746470297,2,0.9992901906841651,0.0,0.0
2022-12-15,130.1,31.77,4.095058231035568,4.10081097434704,3.5968572382078707,0.2075403608705399,2.4282203906040545,2,0.9992901906841651,0.0,0.0
2022-12-16,129.29,31.7,4.078548895899053,4.100214391575028,3.607802283908753,0.2153246431118039,2.286835824038021,2,0.9992901906841651,0.0,0.0
2022-12-19,130.06,32.06,4.056768558951965,4.091464223133218,3.6180876428621858,0.22179791616707717,2.1342697372974615,2,0.9992901906841651,0.0,0.0
2022-12-20,130.69,32.19,4.0599565082323705,4.084646364474349,3.6283951143684967,0.22774345454001643,2.0033561492573426,2,0.9992901906841651,0.0,0.0
2022-12-21,132.16,32.68,4.04406364749082,4.066879168321956,3.638087092181055,0.23288157243352112,1.841245194543268,1,0.9991701906841651,-0.0022699757869249393,0.009179926560587515
2022-12-22,130.66,32.39,4.033961099104662,4.054659741935774,3.6473914432963763,0.2373921948044563,1.715592625001303,1,0.9999129756619821,-0.0022699757869249393,0.009179926560587515
2022-12-23,131.28,32.47,4.043116723129042,4.047573307381772,3.6570685245809695,0.24152552158358995,1.6168261649552111,1,0.9992399847989356,-0.0022699757869249393,0.009179926560587515
2022-12-27,131.74,32.53,4.049800184445128,4.0461796324804045,3.6668941126440173,0.24534493312589084,1.5459276660169257,1,0.9987465915305853,-0.0022699757869249393,0.009179926560587515
2022-12-28,132.46,32.77,4.042111687519072,4.042610668337745,3.6765109521234676,0.24858831657630695,1.4727148936699888,-2,0.9993153913385403,-0.0022699757869249393,0.009179926560587515
2022-12-29,133.22,33.14,4.019915509957755,4.037781040831132,3.6854644543946398,0.2511508795319128,1.4028084914260666,-2,1.0009867825678949,-0.0022699757869249393,0.009179926560587515
2022-12-30,134.1,33.12,4.048913043478261,4.040771429705852,3.6953074495637215,0.25365873078847384,1.3619242636288864,-2,0.9988056053441892,-0.0022699757869249393,0.009179926560587515
2023-01-03,135.12,33.51,4.032229185317816,4.0385939221436065,3.7052215893020657,0.2550279160723443,1.3071993763497338,-2,1.000070401400155,-0.0022699757869249393,0.009179926560587515
2023-01-04,136.38,34.14,3.994727592267135,4.027579403708009,3.714358648089174,0.2554220455024961,1.2262870849798027,-2,1.0029935856417995,-0.0022699757869249393,0.009179926560587515
2023-01-05,135.35,34.07,3.972703257998239,4.013697717803841,3.723498179449375,0.254678232202865,1.1394752344727528,-2,1.004689065843091,-0.0022699757869249393,0.009179926560587515
2023-01-06,137.94,34.41,4.00871839581517,4.011458294975324,3.733228079037001,0.2542294153154496,1.0944060725352864,-2,1.001931003585555,-0.0022699757869249393,0.009179926560587515
2023-01-09,137.37,33.89,4.053408084980821,4.012357303275836,3.7429538913932903,0.2551436883614182,1.0558889918567314,-2,0.9984513279725968,-0.0022699757869249393,0.009179926560587515
2023-01-10,138.6,34.12,4.062133645955451,4.018338195403364,3.7531353446594773,0.25549428882938924,1.0379991347711894,-2,0.9977706408636143,-0.0022699757869249393,0.009179926560587515
2023-01-11,139.63,34.38,4.0613728912158225,4.031667255193101,3.7623653765477747,0.25647412012752413,1.050015800859065,-2,0.9978193467088344,-0.0022699757869249393,0.009179926560587515
2023-01-12,139.49,34.47,4.0467072816942276,4.046468059932298,3.772374447939089,0.25564192939318436,1.0721778412634555,-2,0.9989633367094568,-0.0022699757869249393,0.009179926560587515
2023-01-13,143.01,35.23,4.059324439398241,4.056589268648912,3.783244687066675,0.25370633930262637,1.0774054063197276,-2,0.9979497661255277,-0.0022699757869249393,0.009179926560587515
2023-01-17,140.8,34.52,4.078794901506373,4.061666631954023,3.7939771571232277,0.2523350310322138,1.060849433928266,-2,0.9964486647566148,-0.0022699757869249393,0.009179926560587515
2023-01-18,136.57,33.72,4.050118623962041,4.059263627555341,3.804045899767897,0.2502587999230263,1.0198151987700037,-2,0.9987067210868373,-0.0022699757869249393,0.009179926560587515
2023-01-19,134.75,33.23,4.0550707192296125,4.058003193158099,3.8133423812352665,0.24902733978112038,0.982465668781082,0,0.9982177273649736,0.0,0.0
2023-01-20,135.08,33.85,3.990546528803545,4.046771042579962,3.821691619313938,0.24637256181043066,0.9135734174782417,0,0.9982177273649736,0.0,0.0
2023-01-23,137.27,34.32,3.999708624708625,4.034847879642039,3.8305687447864996,0.24295079167608363,0.8408251458916699,0,0.9982177273649736,0.0,0.0
2023-01-24,138.45,34.57,4.004917558576801,4.020072411056125,3.839376194292192,0.23944985950410205,0.75463070698038,0,0.9982177273649736,0.0,0.0
2023-01-25,139.12,34.87,3.9896759392027534,4.0079838741042675,3.847976545532412,0.23532299612304194,0.6799476940544867,0,0.9982177273649736,0.0,0.0
2023-01-26,139.98,35.34,3.9609507640067907,3.9891598830597026,3.855912421081411,0.2308541191892975,0.5771933481032248,0,0.9982177273649736,0.0,0.0
2023-01-27,140.32,35.45,3.958251057827926,3.982700788864579,3.8636701754858307,0.2262189250204619,0.5261744275726784,0,0.9982177273649736,0.0,0.0
2023-01-30,139.13,35.3,3.941359773371105,3.971031018597075,3.870358584231703,0.22238880612310316,0.4526866082892897,0,0.9982177273649736,0.0,0.0
2023-01-31,139.96,35.48,3.944757609921083,3.9589990288659314,3.8774687265343037,0.21770764532640188,0.3744944382150288,0,0.9982177273649736,0.0,0.0
2023-02-01,139.59,35.92,3.8861358574610243,3.938291012517586,3.8831682788349804,0.21326492008429374,0.25847070235844793,0,0.9982177273649736,0.0,0.0
2023-02-02,138.94,36.13,3.845557708275671,3.915212401371362,3.888060037504665,0.20886191097342188,0.13000151028088616,0,0.9982177273649736,0.0,0.0
2023-02-03,141.09,36.43,3.872906944825693,3.8981435787709153,3.893448800013896,0.20409759781890272,0.023002616430523717,0,0.9982177273649736,0.0,0.0
2023-02-06,141.92,36.37,3.902117129502337,3.8902950499971616,3.899447886817018,0.19881915334918654,-0.04603599133017732,0,0.9982177273649736,0.0,0.0
2023-02-07,143.65,36.77,3.9067174326896925,3.8826870145508834,3.905350278493646,0.19353339398925973,-0.11710260165240592,0,0.9982177273649736,0.0,0.0
2023-02-08,142.64,36.5,3.907945205479452,3.8870488841545687,3.9114390758906787,0.18758331293534564,-0.13002324862721976,0,0.9982177273649736,0.0,0.0
2023-02-09,140.42,35.72,3.931131019036954,3.904163546306825,3.9182492565906744,0.1805082094609781,-0.07803362697968713,0,0.9982177273649736,0.0,0.0
2023-02-10,141.04,35.58,3.9640247329960654,3.9223871039409,3.9252105798242245,0.17385386793317467,-0.01624051231583655,0,0.9982177273649736,0.0,0.0
2023-02-13,142.57,35.65,3.999158485273492,3.9417953750951313,3.933092222129623,0.16600308065589864,0.05242765936102605,0,0.9982177273649736,0.0,0.0
2023-02-14,143.2,35.62,4.020213363279057,3.964494561213004,3.9407096254362366,0.15908263919020119,0.149513082620723,0,0.9982177273649736,0.0,0.0
2023-02-15,143.8,35.56,4.043869516310461,3.991679423379206,3.9486778031428367,0.15179096061298125,0.2832950003262032,0,0.9982177273649736,0.0,0.0
2023-02-16,141.82,35.28,4.01984126984127,4.009421473540069,3.9556948762025286,0.14491940873603099,0.37073431230597176,0,0.9982177273649736,0.0,0.0
2023-02-17,142.24,35.35,4.023762376237624,4.021369002188381,3.963323114502103,0.1358232405908203,0.4273634426169128,0,0.9982177273649736,0.0,0.0
2023-02-21,139.63,34.52,4.044901506373116,4.0305176064083055,3.970704352820733,0.12764360799592891,0.46859576070178216,0,0.9982177273649736,0.0,0.0
2023-02-22,138.56,34.29,4.040828229804608,4.0346405797134155,3.9775711212878746,0.11977983310770116,0.4764529799789115,0,0.9982177273649736,0.0,0.0
2023-02-23,139.67,34.26,4.076765907764156,4.041219858004155,3.9850662913686477,0.11124055392506346,0.5047940220913912,0,0.9982177273649736,0.0,0.0
2023-02-24,140.93,34.21,4.1195556854720845,4.0611627411303175,3.9929776779514388,0.10322702987696691,0.6605349709290909,0,0.9982177273649736,0.0,0.0
2023-02-27,142.16,34.21,4.155510084770535,4.0875122828369,4.000722665850768,0.0974423984174342,0.8906761163075368,0,0.9982177273649736,0.0,0.0
2023-02-28,143.35,34.3,4.179300291545189,4.114392039871315,4.009532228173527,0.08877150492056404,1.1812327817537827,-2,0.9982177273649736,0.0,0.0
2023-03-01,142.55,34.14,4.175454012888108,4.141317196488015,4.016998185387873,0.08331926810909718,1.4920799704740597,-2,0.9982177273649736,0.0,0.0
2023-03-02,141.07,33.49,4.2123021797551505,4.168424450886214,4.024767892818382,0.07926894142366117,1.8122679007411542,1,0.9980977273649736,-0.002126603813709506,0.008957897879964167
2023-03-03,143.66,34.16,4.205503512880562,4.185614016367909,4.031340616002306,0.07758722131988796,1.9883867180852088,1,0.9985916150670419,-0.002126603813709506,0.008957897879964167
2023-03-06,142.82,34.09,4.189498386623643,4.192411676738531,4.034705993153104,0.0799984967643858,1.9713580875138994,1,0.9997509094189603,-0.002126603813709506,0.008957897879964167
2023-03-07,138.62,33.0,4.200606060606061,4.196672830550705,4.03777453439941,0.08277107427551235,1.919732195602359,1,0.9989185367473791,-0.002126603813709506,0.008957897879964167
2023-03-08,137.8,32.56,4.232186732186732,4.208019374410429,4.040041353959694,0.08618947147819586,1.9489389779264397,1,0.9967208768074367,-0.002126603813709506,0.008957897879964167
2023-03-09,130.34,30.54,4.267845448592011,4.219128028177802,4.043146581273576,0.09093521404361335,1.9352398161159383,1,0.994490387540182,-0.002126603813709506,0.008957897879964167
2023-03-10,133.65,30.27,4.415262636273538,4.261079852856398,4.048392301858785,0.10262745188100773,2.072423577701365,2,0.9849216212555074,0.0,0.0
2023-03-13,131.25,28.51,4.603647842862153,4.343909744104099,4.056885669214375,0.1250970792744255,2.294410681324378,2,0.9849216212555074,0.0,0.0
2023-03-14,134.62,28.76,4.680806675938804,4.439949867170648,4.066017453342475,0.14854112066167352,2.5173663168993063,2,0.9849216212555074,0.0,0.0
2023-03-15,128.26,28.49,4.501930501930502,4.493898621119402,4.072798657857391,0.15882092795314734,2.6514135680294997,2,0.9849216212555074,0.0,0.0
2023-03-16,130.75,28.97,4.513289609941319,4.542987453389263,4.080044336424762,0.16869742065253104,2.7442216672537816,2,0.9849216212555074,0.0,0.0
2023-03-17,125.81,27.82,4.522286125089863,4.564392151152528,4.087802962527061,0.17805420168100006,2.6766523009623713,2,0.9849216212555074,0.0,0.0
2023-03-20,127.14,27.75,4.581621621621622,4.559986906904422,4.096497381083548,0.18906731352859496,2.451452433372492,2,0.9849216212555074,0.0,0.0
2023-03-21,130.55,28.59,4.56628191675411,4.5370819550674835,4.105201018904603,0.19840224115856805,2.1767946452666833,2,0.9849216212555074,0.0,0.0
2023-03-22,127.18,27.64,4.601302460202605,4.556956346721904,4.114656708256235,0.2082257745783224,2.1241349173096804,2,0.9849216212555074,0.0,0.0
2023-03-23,126.84,26.97,4.7030033370411575,4.594899092141872,4.125654818488104,0.22139376298902705,2.1195008717432797,2,0.9849216212555074,0.0,0.0
2023-03-24,124.91,27.14,4.602431834929992,4.610928234109897,4.134865345996184,0.22953043696173514,2.074073026720535,2,0.9849216212555074,0.0,0.0
2023-03-27,128.49,28.49,4.510003510003511,4.596604611786275,4.1426635430375915,0.23422594322601853,1.9380477776991973,1,0.9848016212555074,-0.0023348120476301653,0.01053001053001053
2023-03-28,128.88,28.12,4.583214793741109,4.599991187183675,4.152051864433981,0.24042954662330954,1.8630793471132636,1,0.9799949406608278,-0.0023348120476301653,0.01053001053001053
2023-03-29,129.14,28.67,4.504359958144401,4.580602686772034,4.159642646345083,0.24427692762360131,1.7232902203338452,1,0.9851793953199498,-0.0023348120476301653,0.01053001053001053
2023-03-30,128.75,28.3,4.54946996466431,4.549896012296665,4.168263326000859,0.248789408113474,1.5339587371892542,1,0.9821938681224216,-0.0023348120476301653,0.01053001053001053
2023-03-31,130.31,28.6,4.556293706293706,4.540668386569408,4.177622761234635,0.25268292549116717,1.4367635827750602,-2,0.9817105644871217,-0.0023348120476301653,0.01053001053001053
2023-04-03,130.16,28.59,4.552640783490731,4.549195841266852,4.187288386659509,0.2557843386020333,1.414892939049027,-2,0.9819554861889661,-0.0023348120476301653,0.01053001053001053
2023-04-04,128.42,27.98,4.589706933523945,4.550494269223419,4.196971528954656,0.2598741447387645,1.360361341926255,-2,0.9795947527285361,-0.0023348120476301653,0.01053001053001053
2023-04-05,127.61,27.64,4.616859623733719,4.572994202341282,4.20636238793387,0.26473344287683975,1.3849093277496392,-2,0.9779057469069129,-0.0023348120476301653,0.01053001053001053
2023-04-06,127.47,27.84,4.578663793103448,4.5788329680291096,4.214971223719671,0.26833774676295696,1.3559841978954439,-2,0.9803386226995832,-0.0023348120476301653,0.01053001053001053
2023-04-10,127.89,27.94,4.5773085182534,4.583035930421049,4.223570150836964,0.2715792798173145,1.3236126843914244,-2,0.9804110026925796,-0.0023348120476301653,0.01053001053001053
2023-04-11,128.52,28.71,4.476489028213166,4.567805579365536,4.230733179945613,0.27250165458152764,1.2369554230324018,-2,0.9870481792106808,-0.0023348120476301653,0.01053001053001053
2023-04-12,128.5,28.48,4.511938202247191,4.552251833110185,4.238276742659761,0.27393717395389067,1.1461572955530042,-2,0.984672973029731,-0.0023348120476301653,0.01053001053001053
2023-04-13,128.99,28.56,4.516456582633054,4.532171224890052,4.245571104011873,0.2754414036677939,1.0405121273047384,-2,0.984371315968793,-0.0023348120476301653,0.01053001053001053
2023-04-14,138.73,29.52,4.699525745257453,4.556343615320852,4.256394556033463,0.2803464673005363,1.0699227358760985,-2,0.9717390567336854,-0.0023348120476301653,0.01053001053001053
2023-04-17,139.83,30.37,4.604214685544946,4.5617248487791615,4.265546955472052,0.2826171853017311,1.0479826022996457,-2,0.9781212724318011,-0.0023348120476301653,0.01053001053001053
2023-04-18,141.4,30.56,4.62696335078534,4.591819713293597,4.276153902505082,0.28406021290720207,1.1112637266509322,-2,0.9764563195177238,-0.0023348120476301653,0.01053001053001053
2023-04-19,141.22,30.06,4.697937458416501,4.629019564527459,4.2877910497335465,0.2868317895278306,1.1896467799319848,-2,0.971611580421292,-0.0023348120476301653,0.01053001053001053
2023-04-20,140.81,29.9,4.7093645484949835,4.667601157699845,4.29953183289885,0.2894621575055765,1.2715628459789374,-2,0.9708840516760188,-0.0023348120476301653,0.01053001053001053
2023-04-21,140.54,29.87,4.705055239370606,4.668707056522476,4.311454821234981,0.2912108327144877,1.2267820944619754,-2,0.9711985506129786,-0.0023348120476301653,0.01053001053001053
2023-04-24,140.73,29.76,4.72883064516129,4.693630248445745,4.324252819254222,0.2924166795827076,1.263188644774441,-2,0.9695966351656277,-0.0023348120476301653,0.01053001053001053
2023-04-25,137.67,28.84,4.773578363384188,4.722953250965514,4.3378416076801605,0.2940598405715175,1.3096369859171273,-2,0.9670535503437663,-0.0023348120476301653,0.01053001053001053
2023-04-26,135.23,28.44,4.75492264416315,4.734350288114843,4.351400988860027,0.2942248516781761,1.3015532069115883,-2,0.9685384875279797,-0.0023348120476301653,0.01053001053001053
2023-04-27,137.05,28.89,4.743856005538249,4.741248579523497,4.364719295453647,0.2935910623728346,1.282495730717072,-2,0.9690276343397974,-0.0023348120476301653,0.01053001053001053
2023-04-28,138.24,29.28,4.721311475409836,4.744499826731342,4.378638889086127,0.2902960958558226,1.2603026457059983,-2,0.9703559121098216,-0.0023348120476301653,0.01053001053001053
2023-05-01,141.2,29.04,4.862258953168044,4.771185488332693,4.3955839098343334,0.28831839656990316,1.3027319205671806,-2,0.9609176659216339,-0.0023348120476301653,0.01053001053001053
2023-05-02,138.92,28.16,4.933238636363636,4.803117542928582,4.413256104693299,0.28823440840653447,1.352584656323929,-2,0.9569746281238214,-0.0023348120476301653,0.01053001053001053
2023-05-03,135.98,27.86,4.880832735104091,4.828299561116771,4.429568031453329,0.2865062928065681,1.3917025198906967,-2,0.9606799723848509,-0.0023348120476301653,0.01053001053001053
2023-05-04,134.12,26.99,4.969247869581327,4.873377933925386,4.447276872068189,0.28647864682596863,1.4873745969487475,-2,0.9558616136323339,-0.0023348120476301653,0.01053001053001053
2023-05-05,136.74,27.71,4.934680620714544,4.916051762986329,4.464389128988773,0.28437397487365923,1.5882699329227254,1,0.9573260136491505,-0.0023348120476301653,0.01053001053001053
2023-05-08,137.07,27.69,4.950162513542795,4.9336324750612786,4.481372987230539,0.28240940891580674,1.601432082475587,1,0.9563449254628325,-0.0023348120476301653,0.01053001053001053
2023-05-09,136.41,27.66,4.931670281995661,4.933318804187683,4.497500413047197,0.27998372186675846,1.5565847479800565,1,0.957570001098368,-0.0023348120476301653,0.01053001053001053
2023-05-10,136.48,27.32,4.995607613469985,4.9562737798608625,4.514107898517139,0.27947528855403014,1.5821287228342582,1,0.9538263606748303,-0.0023348120476301653,0.01053001053001053
2023-05-11,136.05,27.39,4.967141292442498,4.955852464433097,4.529890030669863,0.2778440813882237,1.5330988215942891,1,0.955567430592412,-0.0023348120476301653,0.01053001053001053
2023-05-12,134.1,27.09,4.95016611295681,4.95894956288155,4.5449949739473015,0.2756000899874674,1.5020118061393686,1,0.9569613109262877,-0.0023348120476301653,0.01053001053001053
2023-05-15,135.23,27.65,4.890777576853526,4.947072575543696,4.559510579064173,0.27035777283126716,1.433515272821114,-2,0.9602197792092715,-0.0023348120476301653,0.01053001053001053
2023-05-16,134.32,27.36,4.909356725146199,4.942609864173804,4.5742704848793165,0.2647288697543323,1.3913834922360568,-2,0.9592907551189119,-0.0023348120476301653,0.01053001053001053
2023-05-17,138.45,28.57,4.845992299614981,4.912686801402803,4.587621998100014,0.25768547867522057,1.2614789353826623,-2,0.9623892941035121,-0.0023348120476301653,0.01053001053001053
2023-05-18,139.5,28.47,4.899894625922023,4.899237468098708,4.601939771368637,0.25055658045140083,1.1865491466816045,-2,0.9588847404004993,-0.0023348120476301653,0.01053001053001053
2023-05-19,139.18,28.11,4.951262895766631,4.899456824660672,4.616514721168679,0.2448593753796686,1.1555289767985193,-2,0.9558410764649372,-0.0023348120476301653,0.01053001053001053
2023-05-22,138.03,28.34,4.870501058574453,4.895401521004858,4.629030477387051,0.23812661623360834,1.1186109634904893,-2,0.9609480127416143,-0.0023348120476301653,0.01053001053001053
2023-05-23,136.59,28.58,4.779216235129462,4.86937342300151,4.639425579893033,0.23059993776042498,0.9971721820123561,0,0.9667133726816977,0.0,0.0
2023-05-24,135.34,28.1,4.816370106761566,4.863448984430827,4.6500434101466395,0.22361564072618256,0.9543410004379004,0,0.9667133726816977,0.0,0.0
2023-05-25,135.67,28.17,4.816116435924742,4.846693346431371,4.660721117197251,0.21572650922236875,0.862074067320219,0,0.9667133726816977,0.0,0.0
2023-05-26,136.94,28.31,4.837160014129283,4.823872770103901,4.67113541443682,0.2086795193417332,0.7319230758671591,0,0.9667133726816977,0.0,0.0
2023-05-30,137.46,28.26,4.86411889596603,4.822596337582217,4.6821123374882445,0.20095034177815776,0.6990980898607385,0,0.9667133726816977,0.0,0.0
2023-05-31,135.71,27.79,4.8834112990284275,4.843435350362009,4.69367755269499,0.19188224085376973,0.7804672126022686,0,0.9667133726816977,0.0,0.0
2023-06-01,137.58,27.78,4.952483801295896,4.870658089268876,4.706208848373154,0.1835039390271561,0.8961619122049755,0,0.9667133726816977,0.0,0.0
2023-06-02,140.47,28.71,4.89272030651341,4.88597886338661,4.717217741278599,0.17415976771168998,0.9690017638711121,0,0.9667133726816977,0.0,0.0
2023-06-05,139.09,28.54,4.8735108619481435,4.893249032950381,4.727312164834534,0.16498300352073433,1.0057815931020606,-2,0.9667133726816977,0.0,0.0
2023-06-06,139.34,29.23,4.767020184741704,4.873829290705516,4.733174790642337,0.15987726708379005,0.8797654765355936,0,0.9667133726816977,0.0,0.0
2023-06-07,140.69,29.48,4.772388059701492,4.851624642840129,4.73598712758966,0.15904213210061466,0.7270873052513711,0,0.9667133726816977,0.0,0.0
2023-06-08,140.73,29.23,4.814574067738624,4.824042696128675,4.738216584119656,0.15919300637989514,0.5391324277412358,0,0.9667133726816977,0.0,0.0
2023-06-09,141.01,29.27,4.817560642295866,4.8090107632851655,4.7434770864590785,0.15644386968590268,0.41889578004980993,0,0.9667133726816977,0.0,0.0
2023-06-12,141.0,29.13,4.840370751802266,4.8023827412559905,4.7489284388234285,0.1539659576537362,0.3471826061237431,0,0.9667133726816977,0.0,0.0
2023-06-13,142.02,29.4,4.83061224489796,4.815101153287242,4.754067207486897,0.15139725161821616,0.40313773960875,0,0.9667133726816977,0.0,0.0
2023-06-14,141.49,29.12,4.8588598901098905,4.832395519368921,4.758687845295034,0.15027148024222006,0.4904967592990963,0,0.9667133726816977,0.0,0.0
2023-06-15,143.09,29.37,4.871978209056861,4.843876347632568,4.76378278350008,0.14881262875502604,0.5382175209359235,0,0.9667133726816977,0.0,0.0
2023-06-16,143.26,29.19,4.907845152449468,4.86193324966329,4.768891828370861,0.14840135001332433,0.6269580518241584,0,0.9667133726816977,0.0,0.0
2023-06-20,142.53,28.87,4.936958780741254,4.8812508554510865,4.772791085765863,0.14970862293906048,0.7244724288818879,0,0.9667133726816977,0.0,0.0
2023-06-21,142.32,28.57,4.981449072453622,4.911418220962219,4.779108039724591,0.15039322930241472,0.8797615547677023,0,0.9667133726816977,0.0,0.0
2023-06-22,139.58,27.96,4.992131616595136,4.938072566259268,4.787143508167784,0.14864113039041868,1.0153922921270582,-2,0.9667133726816977,0.0,0.0
2023-06-23,138.85,27.75,5.003603603603604,4.964397645168617,4.794149988332159,0.14877349177675786,1.1443413393289386,-2,0.9667133726816977,0.0,0.0
2023-06-26,139.19,28.09,4.955144179423282,4.97385745056338,4.801663058686807,0.1452311806339267,1.185657178609672,-2,0.9667133726816977,0.0,0.0
2023-06-27,139.2,28.24,4.929178470254957,4.9723013884661205,4.807991533779984,0.14229889178348043,1.154681196928416,-2,0.9667133726816977,0.0,0.0
2023-06-28,138.59,28.07,4.937299608122551,4.963471495599906,4.814341632143798,0.13934707664133403,1.07020446392251,-2,0.9667133726816977,0.0,0.0
2023-06-29,143.43,28.66,5.0045359385903705,4.965952359998953,4.821873218062126,0.13715770405847366,1.0504633547627977,-2,0.9667133726816977,0.0,0.0
2023-06-30,145.44,28.69,5.069362147089578,4.979104068696147,4.829867471621553,0.1373747202516837,1.086346867903924,-2,0.9667133726816977,0.0,0.0
