date,MSFT,AAPL,ratio,ins_ratio,long_mean,long_std,z_score,action,capital,holding1,holding2
2021-01-04,217.69,129.41,1.6821729387218918,,,,,0,0.0,0.0,0.0
2021-01-05,217.9,131.01,1.6632318143653158,,,,,0,0.0,0.0,0.0
2021-01-06,212.25,126.6,1.6765402843601898,,,,,0,0.0,0.0,0.0
2021-01-07,218.29,130.92,1.667354109379774,,,,,0,0.0,0.0,0.0
2021-01-08,219.62,132.05,1.663157894736842,1.6704914083128029,,,,0,0.0,0.0,0.0
2021-01-11,217.49,128.98,1.6862304233214453,1.6713029052327133,,,,0,0.0,0.0,0.0
2021-01-12,214.93,128.8,1.6687111801242236,1.6723987783844947,,,,0,0.0,0.0,0.0
2021-01-13,216.34,130.89,1.6528382611353047,1.6676583737395176,,,,0,0.0,0.0,0.0
2021-01-14,213.02,128.91,1.6524707160034133,1.664681695064246,,,,0,0.0,0.0,0.0
2021-01-15,212.65,127.14,1.6725656756331604,1.6665632512435096,,,,0,0.0,0.0,0.0
2021-01-19,216.44,127.83,1.6931862630055543,1.6679544191803313,,,,0,0.0,0.0,0.0
2021-01-20,224.34,132.03,1.699159281981368,1.6740440395517602,,,,0,0.0,0.0,0.0
2021-01-21,224.97,136.87,1.6436764813326514,1.6722116835912295,,,,0,0.0,0.0,0.0
2021-01-22,225.95,139.07,1.6247213633422017,1.6666618130589872,,,,0,0.0,0.0,0.0
2021-01-25,229.53,142.92,1.6060033585222504,1.6533493496368052,,,,0,0.0,0.0,0.0
2021-01-26,232.33,143.16,1.6228695166247555,1.6392860003606455,,,,0,0.0,0.0,0.0
2021-01-27,232.9,142.06,1.6394481205124596,1.6273437680668636,,,,0,0.0,0.0,0.0
2021-01-28,238.93,137.09,1.7428696476767087,1.6471824013356753,,,,0,0.0,0.0,0.0
2021-01-29,231.96,131.96,1.7578053955744164,1.6737992077821182,,,,0,0.0,0.0,0.0
2021-02-01,239.65,134.14,1.7865662740420458,1.7099117908860773,,,,0,0.0,0.0,0.0
2021-02-02,239.51,134.99,1.7742795762649084,1.7401938028141077,,,,0,0.0,0.0,0.0
2021-02-03,243.0,133.94,1.8142451844109302,1.775153215593802,,,,0,0.0,0.0,0.0
2021-02-04,242.01,137.39,1.7614819128029697,1.778875668619054,,,,0,0.0,0.0,0.0
2021-02-05,242.2,136.76,1.7709856683240714,1.781511723168985,,,,0,0.0,0.0,0.0
2021-02-08,242.47,136.91,1.771017456723395,1.778401959705255,,,,0,0.0,0.0,0.0
2021-02-09,243.77,136.01,1.7922946842143963,1.7820049812951528,,,,0,0.0,0.0,0.0
2021-02-10,242.82,135.39,1.7934854863727012,1.7778530416875067,,,,0,0.0,0.0,0.0
2021-02-11,244.49,135.13,1.8092947532006218,1.7874156097670373,,,,0,0.0,0.0,0.0
2021-02-12,244.99,135.37,1.8097806013149147,1.795174596365206,,,,0,0.0,0.0,0.0
2021-02-16,243.7,133.19,1.8297169457166453,1.806914494163856,,,,0,0.0,0.0,0.0
2021-02-17,244.2,130.84,1.8664017120146743,1.8217358997239117,,,,0,0.0,0.0,0.0
2021-02-18,243.79,129.71,1.87950042402282,1.8389388872539354,,,,0,0.0,0.0,0.0
2021-02-19,240.97,129.87,1.8554708554708554,1.848174107707982,,,,0,0.0,0.0,0.0
2021-02-22,234.51,126.0,1.861190476190476,1.858456082683094,,,,0,0.0,0.0,0.0
2021-02-23,233.27,125.86,1.8534085491816306,1.8631944033760912,,,,0,0.0,0.0,0.0
2021-02-24,234.55,125.35,1.8711607499002794,1.864146210953212,,,,0,0.0,0.0,0.0
2021-02-25,228.99,120.99,1.8926357550210762,1.8667732771528633,,,,0,0.0,0.0,0.0
2021-02-26,232.38,121.26,1.9163780306778821,1.878954712194269,,,,0,0.0,0.0,0.0
2021-03-01,236.94,127.79,1.8541356913686515,1.877543755229904,,,,0,0.0,0.0,0.0
2021-03-02,233.87,125.12,1.8691656010230178,1.8806951655981812,,,,0,0.0,0.0,0.0
2021-03-03,227.56,122.06,1.8643290185154842,1.8793288193212223,,,,0,0.0,0.0,0.0
2021-03-04,226.73,120.13,1.887372013651877,1.8782760710473823,,,,0,0.0,0.0,0.0
2021-03-05,231.6,121.42,1.9074287596771535,1.876486216847237,,,,0,0.0,0.0,0.0
2021-03-08,227.39,116.36,1.9541938810587829,1.8964978547852631,,,,0,0.0,0.0,0.0
2021-03-09,233.78,121.09,1.9306301098356593,1.9087907565477913,,,,0,0.0,0.0,0.0
2021-03-10,232.42,119.98,1.937156192698783,1.923356191384451,,,,0,0.0,0.0,0.0
2021-03-11,237.13,121.96,1.9443260085273861,1.934746990359553,,,,0,0.0,0.0,0.0
2021-03-12,235.75,121.03,1.9478641659092786,1.942834071605978,,,,0,0.0,0.0,0.0
2021-03-15,234.81,123.99,1.8937817565932737,1.930751646712876,,,,0,0.0,0.0,0.0
2021-03-16,237.71,125.57,1.8930477024767063,1.9232351652410855,,,,0,0.0,0.0,0.0
2021-03-17,237.04,124.76,1.8999679384418082,1.9157975143896906,,,,0,0.0,0.0,0.0
2021-03-18,230.72,120.53,1.914212229320501,1.9097747585483138,,,,0,0.0,0.0,0.0
2021-03-19,230.35,119.99,1.919743311942662,1.9041505877549902,,,,0,0.0,0.0,0.0
2021-03-22,235.99,123.39,1.912553691547127,1.907904974745761,,,,0,0.0,0.0,0.0
2021-03-23,237.58,122.54,1.9387954953484576,1.9170545333201112,,,,0,0.0,0.0,0.0
2021-03-24,235.46,120.09,1.960696144558248,1.9292001745433993,,,,0,0.0,0.0,0.0
2021-03-25,232.34,120.59,1.926693755701136,1.9316964798195262,,,,0,0.0,0.0,0.0
2021-03-26,236.48,121.21,1.950994142397492,1.9379466459104921,,,,0,0.0,0.0,0.0
2021-03-29,235.24,121.39,1.9378861520718347,1.9430131380154336,,,,0,0.0,0.0,0.0
2021-03-30,231.85,119.9,1.933694745621351,1.9419929880700124,1.8100496055084647,0.1104050721708036,1.1950844283442248,-2,1.0,0.0,0.0
2021-03-31,235.77,122.15,1.930167826442898,1.9358873244469421,1.8141828536371483,0.11017847142656687,1.104612082868739,-2,1.0,0.0,0.0
2021-04-01,242.35,123.0,1.9703252032520324,1.9446136139571215,1.8193010767852604,0.11018019777958593,1.1373417337891079,-2,1.0,0.0,0.0
2021-04-05,249.07,125.9,1.9783161239078633,1.9500780102591957,1.824330674111055,0.11044042902145679,1.1385987655273417,-2,1.0,0.0,0.0
2021-04-06,247.86,126.21,1.9638697409080106,1.9552747280264309,1.8292726013031921,0.10993005202921048,1.1462027388994376,-2,1.0,0.0,0.0
2021-04-07,249.9,127.9,1.9538702111024238,1.9593098211226454,1.834117806575952,0.10888606016456356,1.1497524509334438,-2,1.0,0.0,0.0
2021-04-08,253.25,130.36,1.942697146363915,1.9618156851068491,1.838392251959993,0.10801261803988317,1.1426760630992452,-2,1.0,0.0,0.0
2021-04-09,255.85,133.0,1.9236842105263157,1.9524874865617057,1.8426418024666946,0.1062246057374205,1.0340888848911485,-2,1.0,0.0,0.0
2021-04-12,255.91,131.24,1.9499390429747028,1.9468120703750735,1.8475934821640179,0.10413098910192424,0.9528247937214899,0,1.0,0.0,0.0
2021-04-13,258.49,134.43,1.9228594807706614,1.9386100183476038,1.8520999615768052,0.10135740470801995,0.8535149160538189,0,1.0,0.0,0.0
2021-04-14,255.59,132.03,1.9358479133530258,1.9350055587977242,1.8564879988721363,0.09912771706825527,0.7920848199452014,0,1.0,0.0,0.0
2021-04-15,259.5,134.5,1.929368029739777,1.9323397354728964,1.86042436165104,0.097203813312351,0.7398410758924262,0,1.0,0.0,0.0
2021-04-16,260.74,134.16,1.943500298151461,1.9363029529979254,1.8644967119205416,0.09543534870167311,0.752407174639736,0,1.0,0.0,0.0
2021-04-19,258.74,134.84,1.9188668051023436,1.9300885054234538,1.8690832173167031,0.09116002060239856,0.669210995166729,0,1.0,0.0,0.0
2021-04-20,258.26,133.11,1.940199834723161,1.9335565762139537,1.874341191839719,0.08576523848845911,0.6904357221860103,0,1.0,0.0,0.0
2021-04-21,260.58,133.5,1.9519101123595504,1.9367690160152584,1.8801063044036743,0.07876186433247961,0.71941811042451,0,1.0,0.0,0.0
2021-04-22,257.17,131.94,1.9491435500985297,1.940724120087009,1.8855442049615703,0.07164218713506075,0.7702153902897012,0,1.0,0.0,0.0
2021-04-23,261.15,134.32,1.9442376414532458,1.9408715887473662,1.8906240303105835,0.06432925565357511,0.7810996400669565,0,1.0,0.0,0.0
2021-04-26,261.55,134.72,1.9414340855106889,1.9453850448290353,1.8939334376078165,0.061651028331564106,0.8345620278141666,0,1.0,0.0,0.0
2021-04-27,261.97,134.39,1.9493265867996135,1.9472103952443256,1.8971254574615697,0.059400440286953536,0.8431745209430098,0,1.0,0.0,0.0
2021-04-28,254.56,133.58,1.9056745021709836,1.9379632732066123,1.899110594597052,0.057606148599413265,0.6744536747238151,0,1.0,0.0,0.0
2021-04-29,252.51,133.48,1.8917440815103388,1.926483379488974,1.9010683363511425,0.05523925622078053,0.460090248794309,0,1.0,0.0,0.0
2021-04-30,252.18,131.46,1.9183021451392057,1.9212962802261662,1.9028026190299472,0.05408866395058313,0.34191381050039044,0,1.0,0.0,0.0
2021-05-03,251.86,132.54,1.9002565263316737,1.913060768390363,1.9051155292554256,0.05081094868442361,0.15636864377958676,0,1.0,0.0,0.0
2021-05-04,247.79,127.85,1.938130621822448,1.9108215753949298,1.9079012784803986,0.047826832885134944,0.061059801336727754,0,1.0,0.0,0.0
2021-05-05,246.47,128.1,1.9240437158469945,1.9144954181301324,1.9104517161324586,0.04435795542846802,0.09116069391869723,0,1.0,0.0,0.0
2021-05-06,249.73,129.74,1.9248496993987974,1.9211165417078238,1.9126609663855316,0.04158785572969728,0.20331837681773354,0,1.0,0.0,0.0
2021-05-07,252.46,130.21,1.938867982489824,1.9252297091779476,1.915084007987484,0.03865869335169597,0.26244294131111506,0,1.0,0.0,0.0
2021-05-10,247.18,126.85,1.948600709499409,1.9348985458114947,1.917405773925797,0.03630934575390217,0.4817705062564421,0,1.0,0.0,0.0
2021-05-11,246.23,125.91,1.9556032086410928,1.9383930631752235,1.9198361507145667,0.0337752314008538,0.5494236957378101,0,1.0,0.0,0.0
2021-05-12,239.0,122.77,1.9467296570823491,1.9429302514222944,1.9217863625706617,0.03180416748967571,0.6648150390509796,0,1.0,0.0,0.0
2021-05-13,243.03,124.97,1.9447067296151077,1.9469016574655567,1.9230914461973356,0.031091578298620564,0.7658090251815043,0,1.0,0.0,0.0
2021-05-14,248.15,127.45,1.947038054138878,1.948535671795367,1.9242170733659365,0.03070685035125871,0.7919600399014439,0,1.0,0.0,0.0
2021-05-17,245.18,126.27,1.941712204007286,1.9471579706969429,1.925654429174877,0.02942609428553526,0.7307643791733591,0,1.0,0.0,0.0
2021-05-18,243.08,124.85,1.9469763716459754,1.9454326032979192,1.9270841940991352,0.028303493466240868,0.648273656418744,0,1.0,0.0,0.0
2021-05-19,243.12,124.69,1.9497954928221992,1.9460457704458893,1.9286906431598114,0.026743299025041373,0.6489523700807163,0,1.0,0.0,0.0
2021-05-20,246.48,127.31,1.9360615819652816,1.944316740915924,1.9297723236942281,0.025667851908938475,0.5666394396108807,0,1.0,0.0,0.0
2021-05-21,245.17,125.43,1.9546360519811845,1.9458363404843855,1.930805661976897,0.025394010920320065,0.591898560438166,0,1.0,0.0,0.0
2021-05-24,250.78,127.1,1.9730920535011802,1.9521123103831641,1.9317508956906184,0.02589838879992413,0.7862039159982555,0,1.0,0.0,0.0
2021-05-25,251.72,126.9,1.9836091410559495,1.959438864265159,1.9339087865187399,0.02468741328390001,1.0341333639465853,-2,1.0,0.0,0.0
2021-05-26,251.49,126.85,1.9825778478517937,1.965995335271078,1.9357989906325528,0.02397783555340768,1.2593440542732275,-2,1.0,0.0,0.0
2021-05-27,249.31,125.28,1.9900223499361431,1.9767874888652504,1.937893879489564,0.023102630818019068,1.68351430112241,1,0.99988,-0.0012033211664193172,0.0023946360153256703
2021-05-28,249.68,124.61,2.0036915175347083,1.986598581975955,1.9398325378876111,0.02366486631104091,1.9761803626384788,1,0.9978303650381566,-0.0012033211664193172,0.0023946360153256703
2021-06-01,247.4,124.28,1.9906662375281623,1.9901134187813514,1.9412198291851277,0.024167534428857322,2.023110373139353,2,0.9996646460084238,0.0,0.0
2021-06-02,247.3,125.06,1.9774508236046697,1.9888817552910953,1.9416074448942262,0.024562427445931557,1.9246595435623162,1,0.9995446460084237,-0.001213101496158512,0.0023988485526947063
2021-06-03,245.71,123.54,1.9889104743402946,1.9901482805887956,1.9425787843026365,0.02526333256837885,1.8829462089930271,1,0.9978272275872198,-0.001213101496158512,0.0023988485526947063
2021-06-04,250.79,125.89,1.9921359917388195,1.9905710089493307,1.9434951142866372,0.02604821313562119,1.8072600380529256,1,0.9973019660855671,-0.001213101496158512,0.0023988485526947063
2021-06-07,253.81,125.9,2.0159650516282763,1.9930257157680444,1.9446890983383187,0.027677844227580895,1.7464010936790526,1,0.9936623880526954,-0.001213101496158512,0.0023988485526947063
2021-06-08,252.57,126.74,1.992819946346852,1.9934564575317826,1.9454383613456114,0.02836521335051154,1.6928515781921727,1,0.9971816666921954,-0.001213101496158512,0.0023988485526947063
2021-06-09,253.59,127.13,1.9947298041374972,1.9969122536383481,1.947120828804682,0.028242873434291434,1.7629730540523292,1,0.9968798541016647,-0.001213101496158512,0.0023988485526947063
2021-06-10,257.24,126.11,2.0398065181191023,2.007091462394109,1.9495668090653884,0.029792986018029894,1.930811946607449,1,0.9900052081169375,-0.001213101496158512,0.0023988485526947063
2021-06-11,257.89,127.35,2.025049077345897,2.013674079515525,1.95165149471379,0.030628022213751677,2.0250274199516323,2,0.99206759632817,0.0,0.0
2021-06-14,259.89,130.48,1.9917995095033723,2.0088409710905446,1.9529446160501713,0.030658397713104076,1.823198836528953,1,0.99194759632817,-0.001154334526145677,0.002299202942979767
2021-06-15,258.36,129.64,1.992903424868868,2.0088576667949476,1.9541639512656082,0.03077019160014562,1.7774902490071138,1,0.9917823976810698,-0.001154334526145677,0.002299202942979767
2021-06-16,257.38,130.15,1.977564348828275,2.005424575733103,1.9552474622202938,0.030422784143753195,1.6493268096605915,1,0.9940862390176123,-0.001154334526145677,0.002299202942979767
2021-06-17,260.9,131.79,1.9796646179528037,1.9933961956998432,1.9559286142636998,0.03050559662520576,1.2282199196584522,-2,0.9937936743120663,-0.001154334526145677,0.002299202942979767
2021-06-18,259.43,130.46,1.9885788747508815,1.98610215518084,1.9563933264335769,0.030790502283914147,0.9648698963505984,0,0.9923127215469256,0.0,0.0
2021-06-21,262.63,132.3,1.9851095993953134,1.9847641731592283,1.9573669238284799,0.030759023242941087,0.8907060901888619,0,0.9923127215469256,0.0,0.0
2021-06-22,265.51,133.98,1.9817136886102404,1.982526225907503,1.957878916265359,0.03090646292391526,0.7974807632571909,0,0.9923127215469256,0.0,0.0
2021-06-23,265.28,133.7,1.9841436050860135,1.9838420771590506,1.958649873815595,0.030976157672150437,0.813277218242756,0,0.9923127215469256,0.0,0.0
2021-06-24,266.69,133.41,1.999025560302826,1.9877142656290552,1.9597387207269532,0.031231264399638387,0.8957544768000454,0,0.9923127215469256,0.0,0.0
2021-06-25,265.02,133.11,1.990984899707009,1.9881954706202805,1.9607523386146886,0.031242181753596793,0.8783999856998614,0,0.9923127215469256,0.0,0.0
2021-06-28,268.72,134.78,1.9937676213087998,1.9899270750029778,1.961143045582301,0.03150936674314764,0.9135070741127036,0,0.9923127215469256,0.0,0.0
2021-06-29,271.4,136.33,1.9907577202376583,1.9917358813284616,1.961350405521131,0.03166485133869815,0.9595963512450137,0,0.9923127215469256,0.0,0.0
2021-06-30,270.9,136.96,1.97794976635514,1.9904971135822866,1.9615850726119166,0.031735932001040565,0.911019123982937,0,0.9923127215469256,0.0,0.0
2021-07-01,271.6,137.27,1.9785823559408464,1.9864084727098905,1.961996941692557,0.031794414764440636,0.7677930604539969,0,0.9923127215469256,0.0,0.0
2021-07-02,277.65,139.96,1.9837810803086593,1.984967708830221,1.9626816739249693,0.031814115539024974,0.7005077629115387,0,0.9923127215469256,0.0,0.0
2021-07-06,277.66,142.02,1.955076749753556,1.977229534519172,1.96320488291209,0.03141756681387852,0.44639521864202986,0,0.9923127215469256,0.0,0.0
2021-07-07,279.93,144.57,1.9362938368956217,1.9663367578507647,1.962977462810772,0.03156426467396368,0.10642715978629286,0,0.9923127215469256,0.0,0.0
2021-07-08,277.42,143.24,1.93674951130969,1.9580967068416748,1.9632089633197558,0.03131499420673602,-0.1632526720053273,0,0.9923127215469256,0.0,0.0
2021-07-09,277.94,145.11,1.9153745434497964,1.9454551443434647,1.9628677404880353,0.0317270193239264,-0.5488254653483683,0,0.9923127215469256,0.0,0.0
2021-07-12,277.32,144.5,1.9191695501730104,1.932532838316335,1.9626977658285891,0.0319361623011948,-0.9445382706840031,0,0.9923127215469256,0.0,0.0
2021-07-13,280.98,145.64,1.929277670969514,1.9273730225595265,1.9624607220422234,0.03213324427720761,-1.0919438815452873,-2,0.9923127215469256,0.0,0.0
2021-07-14,282.51,149.15,1.8941334227287965,1.9189409397261614,1.962048499002664,0.03285256547683856,-1.3121519933319667,-2,0.9923127215469256,0.0,0.0
2021-07-15,281.03,148.48,1.892712823275862,1.9101336021193958,1.9612570488118761,0.0339417898111847,-1.5062095127238653,-1,0.9921927215469256,0.0010675016902110097,-0.0020204741379310346
2021-07-16,280.75,146.39,1.9178222556185534,1.910623144553147,1.9606889178661926,0.03438331047451537,-1.4561068327075128,-2,0.9961166120219423,0.0010675016902110097,-0.0020204741379310346
2021-07-19,277.01,142.45,1.9446121446121447,1.9157116634409743,1.9606133944414197,0.03441406275577291,-1.3047494949695575,-2,1.0000848238040014,0.0010675016902110097,-0.0020204741379310346
2021-07-20,279.32,146.15,1.9111871365035922,1.9120935565477897,1.9600625526922586,0.034941093114949855,-1.3728533330843322,-2,0.9950749983980439,0.0010675016902110097,-0.0020204741379310346
2021-07-21,281.4,145.4,1.9353507565336998,1.9203370233087704,1.9599611638759755,0.0350048315295483,-1.1319620416900888,-2,0.9988107575171311,0.0010675016902110097,-0.0020204741379310346
2021-07-22,286.14,146.8,1.9491825613079017,1.9316309709151782,1.9599587634511135,0.03500557807664288,-0.8092365300728099,0,1.0009216396282108,0.0,0.0
2021-07-23,289.67,148.56,1.9498519116855144,1.9380369021285706,1.9606950536096892,0.03430196894342402,-0.6605495888148533,0,1.0009216396282108,0.0,0.0
2021-07-26,289.05,148.99,1.9400630914826498,1.9371270915026717,1.961500370442561,0.03320542342011283,-0.7340150020531365,0,1.0009216396282108,0.0,0.0
2021-07-27,286.54,146.77,1.952306329631396,1.9453509301282323,1.9620671068507642,0.032742596739561904,-0.510533017753422,0,1.0009216396282108,0.0,0.0
2021-07-28,286.22,144.98,1.9742033383915025,1.953121446499793,1.9632995537184281,0.031753335756632084,-0.32053662949440753,0,1.0009216396282108,0.0,0.0
2021-07-29,286.5,145.64,1.967179346333425,1.9567208035048975,1.9637836991269444,0.031584081868230696,-0.22362200210578823,0,1.0009216396282108,0.0,0.0
2021-07-30,284.91,145.86,1.953311394487865,1.9574127000653676,1.9642714937709587,0.03118339021603531,-0.21995022536273462,0,1.0009216396282108,0.0,0.0
2021-08-02,284.82,145.52,1.9572567344694884,1.9608514286627354,1.9648116110221372,0.03076687936186933,-0.12871576323433645,0,1.0009216396282108,0.0,0.0
2021-08-03,287.12,147.36,1.9484256243213895,1.9600752876007341,1.9649709050526631,0.03065481887570823,-0.15970139871902628,0,1.0009216396282108,0.0,0.0
2021-08-04,286.51,146.95,1.9497107859816265,1.955176777118759,1.9649894063273665,0.030645104868485144,-0.32020217423692743,0,1.0009216396282108,0.0,0.0
2021-08-05,289.52,147.06,1.968720250237998,1.9554849578996734,1.965208023687315,0.030623790344259934,-0.3175004033902739,0,1.0009216396282108,0.0,0.0
2021-08-06,289.46,146.14,1.9807034350622692,1.9609633660145545,1.965774253320314,0.030590404042454524,-0.15726785756352818,0,1.0009216396282108,0.0,0.0
2021-08-09,288.33,146.09,1.9736463823670338,1.9642412955940636,1.9662565808661792,0.0304805489013493,-0.06611709253130851,0,1.0009216396282108,0.0,0.0
2021-08-10,286.44,145.6,1.9673076923076924,1.968017709191324,1.966594408168993,0.030376081482268672,0.04685597854884056,0,1.0009216396282108,0.0,0.0
2021-08-11,286.95,145.86,1.9672974084738788,1.9715350336897743,1.967020828243436,0.030199936392210098,0.14947731636622608,0,1.0009216396282108,0.0,0.0
2021-08-12,289.81,148.89,1.9464705487272485,1.9670850933876245,1.9670123978614573,0.03020569673824991,0.0024066826465592335,0,1.0009216396282108,0.0,0.0
2021-08-13,292.85,149.1,1.9641180415828305,1.963768014691737,1.9672511070074676,0.030123812127054252,-0.11562588098212738,0,1.0009216396282108,0.0,0.0
2021-08-16,294.6,151.12,1.9494441503440976,1.9589275682871494,1.9674741498137815,0.029937934587495576,-0.28547665843995285,0,1.0009216396282108,0.0,0.0
2021-08-17,293.08,150.19,1.9513948997935946,1.95574500978433,1.9674201306106547,0.029964404350104928,-0.38963300220862623,0,1.0009216396282108,0.0,0.0
2021-08-18,290.73,146.36,1.9864033889040722,1.959566205870369,1.967641986200703,0.030056248496502496,-0.2686888994570936,0,1.0009216396282108,0.0,0.0
2021-08-19,296.77,146.7,2.022972051806408,1.9748665064862005,1.9682980347132106,0.030830303300388086,0.2130524539117081,0,1.0009216396282108,0.0,0.0
2021-08-20,304.36,148.19,2.0538497874350496,1.9928128556566442,1.9694859003729317,0.03270579597600358,0.7132361279581041,0,1.0009216396282108,0.0,0.0
2021-08-23,304.65,149.71,2.0349342061318545,2.009910866814196,1.970234431309527,0.03368311788259709,1.1779323886512445,-2,1.0009216396282108,0.0,0.0
2021-08-24,302.62,149.62,2.0225905627589893,2.0241499994072747,1.9705494153965981,0.03408723315122456,1.5724533514610297,1,1.000801639628211,-0.0009913422774436586,0.0020050795348215476
2021-08-25,302.01,148.36,2.0356565111889995,2.03400062386426,1.9712992532909452,0.035019350667258954,1.7904778180806458,1,0.9988799582035763,-0.0009913422774436586,0.0020050795348215476
2021-08-26,299.09,147.54,2.0271790700826893,2.0348420275195163,1.9721280573989124,0.03574828133373158,1.754321264710084,1,1.000130512435158,-0.0009913422774436586,0.0020050795348215476
2021-08-27,299.72,148.6,2.0169582772543744,2.0274637254833814,1.972595520780814,0.03615255464956827,1.5176854093552337,1,1.0016313511072794,-0.0009913422774436586,0.0020050795348215476
2021-08-30,303.59,153.12,1.9826933124346915,2.0170155467439486,1.9724381427924118,0.03608654253480512,1.2352916300735177,-2,1.0068578159909658,-0.0009913422774436586,0.0020050795348215476
2021-08-31,301.88,151.83,1.988276361720345,2.01015270653622,1.9719766646272794,0.035695404973011775,1.0694945732596195,-2,1.0059664586854746,-0.0009913422774436586,0.0020050795348215476
2021-09-01,301.83,152.51,1.979083338797456,1.9988380720579109,1.971747721168123,0.03560338770624762,0.7608925058846067,0,1.0072584775791342,0.0,0.0
2021-09-02,301.15,153.65,1.9599739668076797,1.9853970514029093,1.971168457212626,0.035505736968724395,0.4007407085456848,0,1.0072584775791342,0.0,0.0
2021-09-03,301.14,154.3,1.9516526247569668,1.972335920903428,1.9696992256565904,0.034424801350525044,0.0765928964989453,0,1.0072584775791342,0.0,0.0
2021-09-07,300.18,156.69,1.9157572276469463,1.9589487039458788,1.9678776948282746,0.03433780456717026,-0.26003383136884006,0,1.0072584775791342,0.0,0.0
2021-09-08,300.21,155.11,1.9354651537618461,1.9483864623541791,1.966938788899249,0.03444263997724314,-0.538644150312741,0,1.0072584775791342,0.0,0.0
2021-09-09,297.25,154.07,1.9293178425391058,1.938433363102509,1.965879029193753,0.03460802770434836,-0.7930433460614529,0,1.0072584775791342,0.0,0.0
2021-09-10,295.71,148.97,1.9850305430623614,1.9434446783534451,1.966003465764321,0.03466413279281688,-0.6507818195166434,0,1.0072584775791342,0.0,0.0
2021-09-13,296.99,149.55,1.9858910063523905,1.95029235467253,1.9661072389043142,0.034715005570554625,-0.4555633499652515,0,1.0072584775791342,0.0,0.0
2021-09-14,299.79,148.12,2.023967053740211,1.971934319891183,1.9666970418874696,0.03539718383793605,0.14795747672164802,0,1.0072584775791342,0.0,0.0
2021-09-15,304.82,149.03,2.045359994631953,1.9939132880652042,1.9677012151414137,0.03675687709683698,0.7131202374656055,0,1.0072584775791342,0.0,0.0
2021-09-16,305.22,148.79,2.051347536796828,2.018319226916749,1.9688617792778567,0.03827477728298968,1.292168136556929,-2,1.0072584775791342,0.0,0.0
2021-09-17,299.87,146.06,2.0530603861426813,2.031925195532813,1.970010392295468,0.03974692578961363,1.5577255852457401,1,1.0071384775791343,-0.0010004335211925167,0.0020539504313295907
2021-09-20,294.3,142.94,2.058905834615923,2.0465281611855195,1.971008396867353,0.0412125592543082,1.8324453924872885,1,1.0063025669464283,-0.0010004335211925167,0.0020539504313295907
2021-09-21,294.8,143.43,2.055358014362407,2.0528063533099585,1.9720812821116094,0.0425573909050603,1.8968519799166192,1,1.0068087858971835,-0.0010004335211925167,0.0020539504313295907
2021-09-22,298.58,145.85,2.0471717517997945,2.053168704743527,1.9729713509531261,0.04356516795847901,1.84085951113135,1,1.0079977072308934,-0.0010004335211925167,0.0020539504313295907
2021-09-23,299.56,146.83,2.0401825240073554,2.0509357021856323,1.973795097682621,0.04436707074563014,1.738690501910339,1,1.0090301538028277,-0.0010004335211925167,0.0020539504313295907
2021-09-24,299.35,146.92,2.037503403212633,2.0478243055996224,1.9747876582969126,0.045121334980262315,1.6186721278228713,1,1.0094251003810977,-0.0010004335211925167,0.0020539504313295907
2021-09-27,294.17,145.37,2.0235949645731584,2.0407621315910696,1.9755378684407845,0.04555758915620301,1.431688207351163,-2,1.011423722852314,-0.0010004335211925167,0.0020539504313295907
2021-09-28,283.52,141.91,1.9978859840744132,2.029267725533471,1.9757729501702137,0.04563716775832761,1.1721756189284092,-2,1.0149716713606138,-0.0010004335211925167,0.0020539504313295907
2021-09-29,284.0,142.83,1.9883777917804382,2.0175089335295993,1.9763279675373284,0.04558366873083112,0.9034149101828994,0,1.0162655998952397,0.0,0.0
2021-09-30,281.92,141.5,1.9923674911660778,2.007945926961344,1.9772625284418361,0.04532304216226653,0.6769933582493093,0,1.0162655998952397,0.0,0.0
2021-10-01,289.1,142.65,2.026638626007711,2.0057729715203596,1.9787606803534696,0.045446660447572125,0.5943735117358449,0,1.0162655998952397,0.0,0.0
2021-10-04,283.11,139.14,2.034713238464856,2.0079966262986995,1.9807496586037208,0.04523649009732855,0.6023227628039994,0,1.0162655998952397,0.0,0.0
2021-10-05,288.76,141.11,2.0463468216285166,2.01768879380952,1.982869279794646,0.04528167447385217,0.7689537637346125,0,1.0162655998952397,0.0,0.0
2021-10-06,293.11,142.0,2.064154929577465,2.0328442213689253,1.985117234104778,0.045919507865785726,1.039361907005721,-2,1.0162655998952397,0.0,0.0
2021-10-07,294.85,143.29,2.0577151231767745,2.0459137477710647,1.9878435957789113,0.04527765334287951,1.2825344889762413,-2,1.0162655998952397,0.0,0.0
2021-10-08,294.85,142.9,2.0633310006997903,2.0532522227094807,1.9906872320693099,0.04455375652818177,1.4042584849292419,-2,1.0162655998952397,0.0,0.0
2021-10-11,294.23,142.81,2.0602898956655697,2.0583675541496236,1.9930616927367604,0.04440074403950297,1.4708280869068575,-2,1.0162655998952397,0.0,0.0
2021-10-12,292.88,141.51,2.069677054625115,2.063033600748943,1.9951461079036432,0.04501901782184161,1.5079736549108618,1,1.0161455998952398,-0.00102431029773286,0.00211999152003392
2021-10-13,296.31,140.91,2.1028315946348735,2.0707689337604247,1.998340182205831,0.04575375033402471,1.5830123438150614,1,1.0113602206619958,-0.00102431029773286,0.00211999152003392
2021-10-14,302.75,143.76,2.1059404563160826,2.080414000388286,2.001183343868871,0.04705497535891058,1.6837891405762186,1,1.0108056381766928,-0.00102431029773286,0.00211999152003392
2021-10-15,304.21,144.84,2.1003175918254624,2.087811318613421,2.0037022610441637,0.0482540755743272,1.7430456716490492,1,1.0115997359836395,-0.00102431029773286,0.00211999152003392
2021-10-18,307.29,146.55,2.0968270214943705,2.0951187437791807,2.006151846207645,0.04919542930348738,1.8084382803674233,1,1.0120700457658802,-0.00102431029773286,0.00211999152003392
2021-10-19,308.23,148.76,2.0719951599892448,2.0955823648520067,2.0083507140160877,0.04913984590650915,1.7751714362694846,1,1.0157923753452862,-0.00102431029773286,0.00211999152003392
2021-10-20,307.41,149.26,2.059560498459065,2.086928145616845,2.010138283496549,0.04901720341551506,1.5665900290017467,1,1.0176923055494442,-0.00102431029773286,0.00211999152003392
2021-10-21,310.76,149.48,2.078940326465079,2.081528119646644,2.0118838999644417,0.049577547172656694,1.404753233145287,-2,1.0147272641864467,-0.00102431029773286,0.00211999152003392
2021-10-22,309.16,148.69,2.079225233707714,2.077309648023095,2.01375133142068,0.04997375208269083,1.2718339919173158,-2,1.0146913673619924,-0.00102431029773286,0.00211999152003392
2021-10-25,308.13,148.64,2.0729951560818085,2.0725432749405823,2.0157460607805793,0.04990894862307673,1.1380166428459153,-2,1.0156404073926555,-0.00102431029773286,0.00211999152003392
2021-10-26,310.11,149.32,2.076814894186981,2.0735072217801296,2.0177386967758704,0.049920861308930614,1.1171386779394867,-2,1.0150538672367675,-0.00102431029773286,0.00211999152003392
2021-10-27,323.17,148.85,2.17111185757474,2.0958174936032643,2.0214501339967597,0.05287112404375912,1.4065779941609342,-2,1.0006799787339604,-0.00102431029773286,0.00211999152003392
2021-10-28,324.35,152.57,2.1259094186275154,2.1052113120357516,2.024386777874191,0.05370568968335819,1.504952913519807,1,1.007357661037162,-0.00102431029773286,0.00211999152003392
2021-10-29,331.62,149.8,2.2137516688918555,2.1321165990725803,2.0284706348517556,0.05850299015099151,1.7716353292938163,1,0.9940385486621502,-0.00102431029773286,0.00211999152003392
2021-11-01,329.37,148.96,2.211130504833512,2.159743668822921,2.0323110860146096,0.0627250349227809,2.0316064066794057,2,0.994431819751303,0.0,0.0
2021-11-02,333.13,150.02,2.2205705905879216,2.1884948081031093,2.036426489484958,0.06678009335256833,2.2771504348653746,2,0.994431819751303,0.0,0.0
2021-11-03,334.0,151.49,2.2047659911545314,2.1952256348190673,2.0403841277990717,0.06959157810677549,2.2250035310654934,2,0.994431819751303,0.0,0.0
2021-11-04,336.44,150.96,2.228669846316905,2.2157777203569453,2.0447403350964555,0.07303441580133382,2.341873805436343,2,0.994431819751303,0.0,0.0
2021-11-05,336.06,151.28,2.2214436805922793,2.21731612269703,2.0493232206275396,0.07535390833767387,2.229385386577235,2,0.994431819751303,0.0,0.0
2021-11-08,336.99,150.44,2.240029247540548,2.223095871238437,2.053921740726835,0.07842242864310357,2.157216161737417,2,0.994431819751303,0.0,0.0
2021-11-09,335.95,150.81,2.227637424573967,2.224509238035646,2.0585582952973325,0.08034103951259103,2.0655812240555576,2,0.994431819751303,0.0,0.0
2021-11-10,330.8,147.92,2.2363439697133587,2.2308248337474117,2.063307446462662,0.0822971838441571,2.035517856868234,2,0.994431819751303,0.0,0.0
2021-11-11,332.43,147.87,2.248123351592615,2.234715534802554,2.0676694458408043,0.0850421454894616,1.9642741607741996,1,0.994311819751303,-0.000902445627650934,0.002028809089064719
2021-11-12,336.72,149.99,2.2449496633108876,2.2394167313462754,2.071369072699212,0.08784684362878586,1.9129618288527432,1,0.9947414032774976,-0.000902445627650934,0.002028809089064719
2021-11-15,336.07,150.0,2.240466666666667,2.239504215171499,2.074479354019739,0.0904802298971969,1.8238775624162342,1,0.9953482810263613,-0.000902445627650934,0.002028809089064719
2021-11-16,339.51,151.0,2.24841059602649,2.243658849462004,2.0780372938513163,0.09305933683941907,1.7797414126911306,1,0.9942726771563067,-0.000902445627650934,0.002028809089064719
2021-11-17,339.12,153.49,2.2093947488435726,2.2382690052880463,2.0811506969527263,0.09428960207133402,1.666337590612096,1,0.9996763655828618,-0.000902445627650934,0.002028809089064719
2021-11-18,341.27,157.87,2.1617153354025462,2.220987402050033,2.0832516773562855,0.09466240706583184,1.4550203080929554,-2,1.0066222912935157,-0.000902445627650934,0.002028809089064719
2021-11-19,343.11,160.55,2.1370912488321396,2.199415719154283,2.0850835470021094,0.094622400755974,1.2082992107442923,-2,1.0103989996973315,-0.000902445627650934,0.002028809089064719
2021-11-22,339.83,161.02,2.1104831697925723,2.1734190197794643,2.0866422952110795,0.09425073226938326,0.9207007996538789,0,1.014185890240454,0.0,0.0
2021-11-23,337.68,161.41,2.092063688742953,2.1421496383227567,2.088465134816217,0.09325865864281793,0.5756516798311683,0,1.014185890240454,0.0,0.0
2021-11-24,337.91,161.94,2.0866370260590346,2.117598093765849,2.090104479221862,0.09232750953708892,0.2977835607375779,0,1.014185890240454,0.0,0.0
2021-11-26,329.68,156.81,2.1024169376953,2.1057384142244,2.0921600392034927,0.09117966575869685,0.14891889444782222,0,1.014185890240454,0.0,0.0
2021-11-29,336.63,160.24,2.100786320519221,2.098477428561816,2.0945069117653516,0.08951668169210784,0.04435504892955161,0,1.014185890240454,0.0,0.0
2021-11-30,330.59,165.3,1.999939503932244,2.0763686953897507,2.09531169308494,0.08842096237941954,-0.2142365021306105,0,1.014185890240454,0.0,0.0
2021-12-01,330.08,164.77,2.003277295624203,2.058611416766001,2.0967703608845607,0.0861001181371184,-0.4431927033803837,0,1.014185890240454,0.0,0.0
2021-12-02,329.49,163.76,2.0120297997068883,2.0436899714955716,2.0980464383169783,0.08421567154545971,-0.6454436071564784,0,1.014185890240454,0.0,0.0
2021-12-03,323.01,161.84,1.995860108749382,2.022378605706388,2.0991554760871494,0.08237403220573918,-0.9320518654349934,0,1.014185890240454,0.0,0.0
2021-12-06,326.19,165.32,1.9730825066537625,1.9968378429332962,2.098956342147006,0.08266851344040814,-1.2352768298818184,-2,1.014185890240454,0.0,0.0
2021-12-07,334.92,171.18,1.9565369786189977,1.9881573378706467,2.0984671083514495,0.08343230765923207,-1.3221469425411074,-2,1.014185890240454,0.0,0.0
2021-12-08,334.97,175.08,1.91323966186886,1.9701498111195783,2.0966216518202603,0.08628398656586588,-1.4657626024747734,-2,1.014185890240454,0.0,0.0
2021-12-09,333.1,174.56,1.9082263978001834,1.949389130738237,2.094336091873064,0.08942397975019911,-1.6208958887731044,-1,1.014065890240454,0.0009006304413089162,-0.0017186067827681026
2021-12-10,342.54,179.45,1.9088325438840905,1.931983617765179,2.091960841991185,0.0924274596768245,-1.7308408646669655,-1,1.0141638544386742,0.0009006304413089162,-0.0017186067827681026
2021-12-13,339.4,175.74,1.9312620917264138,1.923619534779709,2.0899308704175805,0.09460810144050265,-1.7578974010218547,-1,1.0177119060170339,0.0009006304413089162,-0.0017186067827681026
2021-12-14,328.34,174.33,1.8834394539092523,1.90900002983776,2.087006430739136,0.09822612186930763,-1.8122104132159271,-1,1.0101741688998602,0.0009006304413089162,-0.0017186067827681026
2021-12-15,334.65,179.3,1.8664249860568876,1.8996370946753658,2.0838575469340443,0.102205634638316,-1.8024490813113734,-1,1.007315671274162,0.0009006304413089162,-0.0017186067827681026
2021-12-16,324.9,172.26,1.8861024033437825,1.8952122957840853,2.0811730577931105,0.10525532908062273,-1.7667586395229853,-1,1.0106335162220874,0.0009006304413089162,-0.0017186067827681026
2021-12-17,323.8,171.14,1.8920182306883255,1.8918494331449325,2.0787036529044602,0.10793719303836662,-1.7311384009505402,-1,1.0115676623333478,0.0009006304413089162,-0.0017186067827681026
2021-12-20,319.91,169.75,1.88459499263623,1.8825160133268954,2.0761551793948536,0.11069632067146616,-1.7492827665217234,-1,1.0104530733447037,0.0009006304413089162,-0.0017186067827681026
2021-12-21,327.29,172.99,1.8919590727787734,1.8842199371007997,2.073961247864947,0.11303544356233898,-1.6786001344746793,-1,1.0115314400253947,0.0009006304413089162,-0.0017186067827681026
2021-12-22,333.2,175.64,1.8970621726258257,1.8903473744145873,2.0722808510074704,0.11491928572215214,-1.5831413800530878,-1,1.0122998579591949,0.0009006304413089162,-0.0017186067827681026
2021-12-23,334.69,176.28,1.898627184025414,1.8928523305509137,2.070785007544887,0.11660172044775992,-1.5259867205277708,-1,1.0125418889757736,0.0009006304413089162,-0.0017186067827681026
2021-12-27,342.45,180.33,1.8990184661454,1.8942523776423286,2.069229190461209,0.11827652999649711,-1.479387439114612,-2,1.0125704237301199,0.0009006304413089162,-0.0017186067827681026
2021-12-28,341.25,179.29,1.9033409559930838,1.8980015703136992,2.0671742292942983,0.12008630325681371,-1.4087589874326505,-2,1.013277018254628,0.0009006304413089162,-0.0017186067827681026
2021-12-29,341.95,179.38,1.906288326457799,1.9008674210495045,2.0650338140941806,0.12180688861538663,-1.347759514349328,-2,1.0137527849530952,0.0009006304413089162,-0.0017186067827681026
2021-12-30,339.32,178.2,1.904152637485971,1.9022855140215333,2.062663911025138,0.12354747468775333,-1.2981114944594034,-2,1.0134120828961193,0.0009006304413089162,-0.0017186067827681026
2021-12-31,336.32,177.57,1.8940136284282256,1.9013628029020957,2.059828222672651,0.1254505749511783,-1.263170135587066,-2,1.0117929138453365,0.0009006304413089162,-0.0017186067827681026
2022-01-03,334.75,182.01,1.8391846601835065,1.8893960417097173,2.05618604828943,0.12864457335735419,-1.2965180125895917,-2,1.0027483099369914,0.0009006304413089162,-0.0017186067827681026
2022-01-04,329.01,179.7,1.8308848080133557,1.8749048121137715,2.0523119450779896,0.13188497986894324,-1.3451655612376119,-2,1.0015486728720726,0.0009006304413089162,-0.0017186067827681026
2022-01-05,316.38,174.92,1.808712554310542,1.85538965768432,2.0481189893887386,0.13557457075125495,-1.4215743456641887,-2,0.9983886508199725,0.0009006304413089162,-0.0017186067827681026
2022-01-06,313.88,172.0,1.8248837209302324,1.8395358743731722,2.044039100493824,0.13856515906722214,-1.4758632508871958,-2,1.001155406522383,0.0009006304413089162,-0.0017186067827681026
2022-01-07,314.04,172.17,1.824011151768601,1.8255353790412474,2.0393920931127196,0.14121014243888802,-1.514457179759759,-1,1.0010073442399219,0.0009006304413089162,-0.0017186067827681026
2022-01-10,314.27,172.19,1.825135025262791,1.8227254520571043,2.034712002595165,0.1436002671597359,-1.4762267141345502,-2,1.0011801171057677,0.0009006304413089162,-0.0017186067827681026
2022-01-11,314.98,175.08,1.7990632853552662,1.8163611475254864,2.029691097487328,0.14650474755337123,-1.456129944759137,-2,0.9968527911168972,0.0009006304413089162,-0.0017186067827681026
2022-01-12,318.27,175.53,1.8131943257562808,1.8172575018146344,2.024963885891693,0.14885880298801393,-1.3953248306973354,-2,0.9990424922165578,0.0009006304413089162,-0.0017186067827681026
2022-01-13,304.8,172.19,1.7701376386549743,1.8063082853595827,2.0199329272027886,0.15230341556717222,-1.4026254174778403,-2,0.9926511468265722,0.0009006304413089162,-0.0017186067827681026
2022-01-14,310.2,173.07,1.7923383602010747,1.7999737270460774,2.015479224898489,0.15500805380302485,-1.3902858113828302,-2,0.9960021772408043,0.0009006304413089162,-0.0017186067827681026
2022-01-18,302.65,169.8,1.7823910482921081,1.791424931651941,2.0105367369289393,0.15765546017767207,-1.3898142508357596,-2,0.9948222615885737,0.0009006304413089162,-0.0017186067827681026
2022-01-19,303.33,166.23,1.8247608734885399,1.7965644492785955,2.00629566425862,0.15919153602137193,-1.3174771738609727,-2,1.0015701165031459,0.0009006304413089162,-0.0017186067827681026
2022-01-20,301.6,164.51,1.8333232022369463,1.8005902245747287,2.002301131694539,0.1604911970918126,-1.2568347097842192,-2,1.0029680295060426,0.0009006304413089162,-0.0017186067827681026
2022-01-21,296.03,162.41,1.8227325903577365,1.811109214915281,1.9980664266307182,0.16183820299195312,-1.1552106255451506,-2,1.001560592191765,0.0009006304413089162,-0.0017186067827681026
2022-01-24,296.37,161.62,1.833745823536691,1.8193907075824043,1.9924436593967507,0.16158453953883975,-1.0709746879759499,-2,1.0032245059001967,0.0009006304413089162,-0.0017186067827681026
2022-01-25,288.49,159.78,1.805545124546251,1.8240215228332328,1.9871042544953963,0.1623905963097813,-1.004262163992931,-2,0.9992897745029758,0.0009006304413089162,-0.0017186067827681026
2022-01-26,296.71,159.69,1.858037447554637,1.8306768376464526,1.9811756841397758,0.16045760588183705,-0.9379352612561878,0,1.006739297265908,0.0,0.0
2022-01-27,299.84,159.22,1.883180504961688,1.8406482981914007,1.9757098508085789,0.1580593789610769,-0.8544988187663185,0,1.006739297265908,0.0,0.0
2022-01-28,308.26,170.33,1.8097810133270709,1.8380579827852679,1.9688633578542314,0.1561586762896909,-0.8376439796806785,0,1.006739297265908,0.0,0.0
2022-01-31,310.98,174.78,1.7792653621695846,1.8271618905118463,1.9617716807044823,0.15492076887684647,-0.868894410791644,0,1.006739297265908,0.0,0.0
2022-02-01,308.76,174.61,1.7682836034591374,1.8197095862944235,1.9540985766568528,0.15286510320083327,-0.8791345280804206,0,1.006739297265908,0.0,0.0
2022-02-02,313.46,175.84,1.7826433121019107,1.8046307592038784,1.9467852371820131,0.15033358691383467,-0.9455936021776167,0,1.006739297265908,0.0,0.0
2022-02-03,301.25,172.9,1.7423366107576634,1.7764619803630737,1.9384903599022985,0.14758450298732365,-1.0978685177612568,-2,1.006739297265908,0.0,0.0
2022-02-04,305.94,172.39,1.7746969081733281,1.769445159332325,1.9309413512956213,0.14408642438100802,-1.1208286461204113,-2,1.006739297265908,0.0,0.0
2022-02-07,300.95,171.66,1.7531748805778864,1.7642270630139851,1.9228885331433634,0.14017738458079188,-1.1318621088834269,-2,1.006739297265908,0.0,0.0
2022-02-08,304.56,174.83,1.7420351198306925,1.7589773662882962,1.9144537292806647,0.13542111123565986,-1.1480954599597735,-2,1.006739297265908,0.0,0.0
2022-02-09,311.21,176.28,1.7654299977308825,1.755534703414091,1.9064617348543313,0.1296110188602568,-1.164461422859163,-2,1.006739297265908,0.0,0.0
2022-02-10,302.38,172.12,1.756797583081571,1.7584268978788722,1.898400583461246,0.12337644547149046,-1.1345251927744886,-2,1.006739297265908,0.0,0.0
2022-02-11,295.04,168.64,1.7495256166982924,1.7533926395838648,1.8900858338057762,0.11597718461019739,-1.1786214218024096,-2,1.006739297265908,0.0,0.0
2022-02-14,295.0,168.88,1.7468024632875414,1.7521181561257957,1.8823759623798426,0.10959069826733073,-1.188584508662421,-2,1.006739297265908,0.0,0.0
2022-02-15,300.47,172.79,1.7389316511372188,1.7514974623871011,1.8753295676420871,0.10481329906849496,-1.1814541318278928,-2,1.006739297265908,0.0,0.0
2022-02-16,299.5,172.55,1.7357287742683278,1.7455572176945904,1.8686401930660235,0.10054497028050007,-1.2241584539540522,-2,1.006739297265908,0.0,0.0
2022-02-17,290.73,168.88,1.7215182378019898,1.738501348638674,1.8621574441995137,0.09717042988782276,-1.2725691931546765,-2,1.006739297265908,0.0,0.0
2022-02-18,287.93,167.3,1.7210400478182903,1.7328042348626735,1.8559737168507695,0.09404708372526595,-1.3096576428451894,-2,1.006739297265908,0.0,0.0
2022-02-22,287.72,164.32,1.7509737098344695,1.7336384841720591,1.8503793282470267,0.08998945246140815,-1.297272523410804,-2,1.006739297265908,0.0,0.0
2022-02-23,280.27,160.07,1.7509214718560628,1.736036448315828,1.8445210704830393,0.08458249901960271,-1.2825894650153231,-2,1.006739297265908,0.0,0.0
2022-02-24,294.59,162.74,1.8101880299864812,1.7509282994594588,1.8396777656408267,0.07769967960905305,-1.1422114817964761,-2,1.006739297265908,0.0,0.0
2022-02-25,297.31,164.85,1.8035183500151655,1.7673283219020939,1.836404079742209,0.07492118230107392,-0.9219790147268535,0,1.006739297265908,0.0,0.0
2022-02-28,298.79,165.12,1.80953246124031,1.7850268045864979,1.8331749991691442,0.07171360482553736,-0.6713955420283185,0,1.006739297265908,0.0,0.0
2022-03-01,294.95,163.2,1.8072916666666667,1.796290395952937,1.829762696951807,0.06782453742625193,-0.49351314832431614,0,1.006739297265908,0.0,0.0
2022-03-02,300.19,166.56,1.8022934678194045,1.8065647951456056,1.8265365862696408,0.06430220568261075,-0.31059262916444724,0,1.006739297265908,0.0,0.0
2022-03-03,295.92,166.23,1.7801840822956148,1.8005640056074323,1.8233216125303384,0.0616172342936681,-0.3693383382714515,0,1.006739297265908,0.0,0.0
2022-03-04,289.86,163.17,1.7764294907152052,1.7951462337474404,1.8203198210652753,0.059363320062860686,-0.4240596262334762,0,1.006739297265908,0.0,0.0
2022-03-07,278.91,159.3,1.7508474576271187,1.783409233024802,1.817613284327913,0.05875386959695317,-0.582158273791123,0,1.006739297265908,0.0,0.0
2022-03-08,275.85,157.44,1.752096036585366,1.7723701070085418,1.815011111640999,0.058126762356573894,-0.7335864394249152,0,1.006739297265908,0.0,0.0
2022-03-09,288.5,162.95,1.7704817428659099,1.7660077620178432,1.8127052649573627,0.057076501950742854,-0.8181563575816125,0,1.006739297265908,0.0,0.0
2022-03-10,285.59,158.52,1.8016023214736308,1.7702914098534461,1.8105442687864832,0.05492572138876203,-0.7328599045268607,0,1.006739297265908,0.0,0.0
2022-03-11,280.07,154.73,1.8100562269760228,1.7770167571056095,1.8093212150042626,0.05408562512615834,-0.5972836187674784,0,1.006739297265908,0.0,0.0
2022-03-14,276.44,150.62,1.8353472314433674,1.7939167118688595,1.8088032524273705,0.05367675563292797,-0.2773368170817478,0,1.006739297265908,0.0,0.0
2022-03-15,287.15,155.09,1.8515055774066669,1.8137986200331195,1.8082266386617518,0.0530140423420929,0.10510387673161062,0,1.006739297265908,0.0,0.0
2022-03-16,294.39,159.59,1.844664452659941,1.8286351619919259,1.8074374090279455,0.052089906441379764,0.40694549889114606,0,1.006739297265908,0.0,0.0
2022-03-17,295.22,160.62,1.8380027393848837,1.8359152455741765,1.8066608714737566,0.051260866381445065,0.5706960526716555,0,1.006739297265908,0.0,0.0
2022-03-18,300.43,163.98,1.8321136723990732,1.8403267346587864,1.805663448134095,0.0501430630649112,0.6912877755357525,0,1.006739297265908,0.0,0.0
2022-03-21,299.16,165.38,1.808924900229774,1.8350422684160677,1.8041944935941607,0.04869008186043948,0.6335535625166125,0,1.006739297265908,0.0,0.0
2022-03-22,304.06,168.82,1.8010899182561309,1.8249591365859605,1.802568872498006,0.04708561746508853,0.4755223631622907,0,1.006739297265908,0.0,0.0
2022-03-23,299.49,170.21,1.759532342400564,1.807932714534085,1.8002441037689254,0.04566488336312639,0.16837031431833502,0,1.006739297265908,0.0,0.0
2022-03-24,304.1,174.07,1.746998334003562,1.789731833457821,1.7976383934024331,0.044116636673217066,-0.1792194632419072,0,1.006739297265908,0.0,0.0
2022-03-25,303.68,174.72,1.7380952380952381,1.7709281465970537,1.7948351752630571,0.042406323026456756,-0.5637609431755775,0,1.006739297265908,0.0,0.0
2022-03-28,310.7,175.6,1.7693621867881548,1.76301560390873,1.7925886677514271,0.04002017193904723,-0.7389539427201485,0,1.006739297265908,0.0,0.0
2022-03-29,315.41,178.96,1.762460885113992,1.7552897972803023,1.7903961220295233,0.0379177210915065,-0.9258553451695883,0,1.006739297265908,0.0,0.0
2022-03-30,313.86,177.77,1.7655397423637285,1.756491277272935,1.789168706732527,0.03750131885812632,-0.8713674733205002,0,1.006739297265908,0.0,0.0
2022-03-31,308.31,174.61,1.7657064314758604,1.7602328967673948,1.7880824004569018,0.037215366705966105,-0.748333448103371,0,1.006739297265908,0.0,0.0
2022-04-01,309.42,174.31,1.775113303883885,1.7676365099251243,1.787522412949791,0.03715241322132579,-0.5352519877027013,0,1.006739297265908,0.0,0.0
2022-04-04,314.97,178.44,1.7651311365164764,1.7667902998707885,1.786526536542895,0.036934160940685606,-0.5343626650623512,0,1.006739297265908,0.0,0.0
2022-04-05,310.88,175.06,1.7758482805895122,1.7694677789658926,1.7857238220232436,0.03662778193396853,-0.4438172938415155,0,1.006739297265908,0.0,0.0
2022-04-06,299.5,171.83,1.743001804108712,1.7649601913148891,1.784354935004009,0.0366646661589652,-0.5289764157412788,0,1.006739297265908,0.0,0.0
2022-04-07,301.37,172.14,1.7507261531311724,1.7619641356459517,1.7835493161336076,0.036866498737988515,-0.5854958085676246,0,1.006739297265908,0.0,0.0
2022-04-08,296.97,170.09,1.745958022223529,1.7561330793138805,1.7824287110747283,0.036971844180223035,-0.71123397666254,0,1.006739297265908,0.0,0.0
2022-04-11,285.26,165.75,1.721025641025641,1.7473119802157133,1.781610177780906,0.0377833218537982,-0.9077602466482109,0,1.006739297265908,0.0,0.0
2022-04-12,282.06,167.66,1.682333293570321,1.7286089828118751,1.7797767600037266,0.039865516683039316,-1.2835096958274395,-2,1.006739297265908,0.0,0.0
2022-04-13,287.62,170.4,1.6879107981220658,1.7175907816145457,1.7782020891675594,0.04158920389541036,-1.4573808074191712,-2,1.006739297265908,0.0,0.0
2022-04-14,279.83,165.29,1.6929638816625325,1.7060383273208177,1.776005472637126,0.04255771258526335,-1.6440532412575213,-1,1.006619297265908,0.0010720794768252153,-0.0018149918325367537
2022-04-18,280.52,165.07,1.6994002544375113,1.6967267737636142,1.7737734235071352,0.04301014658740109,-1.7913598500984909,-1,1.0077583303080755,0.0010720794768252153,-0.0018149918325367537
2022-04-19,285.3,167.4,1.7043010752688172,1.6933818606122497,1.7717995649223197,0.04344061404094066,-1.8051702546415467,-1,1.0086539392374894,0.0010720794768252153,-0.0018149918325367537
2022-04-20,286.36,167.23,1.7123721820247566,1.6993896383031366,1.769776670897121,0.04333294022703906,-1.6243308722001744,-1,1.0100988920944554,0.0010720794768252153,-0.0018149918325367537
2022-04-21,280.81,166.42,1.6873572887874055,1.6992789364362046,1.7678068736344734,0.04435367200705007,-1.545034133529602,-1,1.00561899438243,0.0010720794768252153,-0.0018149918325367537
2022-04-22,274.03,161.79,1.693738797206255,1.699433919544949,1.765068562795334,0.043756310481594306,-1.5000040571974993,-1,1.0067537077142004,0.0010720794768252153,-0.0018149918325367537
2022-04-25,280.72,162.88,1.7234774066797645,1.7042493499933997,1.7624068444906351,0.041234463213833554,-1.4104098844610256,-2,1.0119475783166962,0.0010720794768252153,-0.0018149918325367537
2022-04-26,270.22,156.8,1.723341836734694,1.7080575022865752,1.7609661915474288,0.04106089123243491,-1.2885421546588336,-2,1.0117258941518548,0.0010720794768252153,-0.0018149918325367537
2022-04-27,283.22,156.57,1.8089033659066236,1.7273637390629486,1.7614601582763796,0.041461087207170566,-0.8223715659712395,0,1.0259628139479369,0.0,0.0
2022-04-28,289.63,163.64,1.769921779516011,1.7438766372086696,1.7614874612106608,0.04146619580841014,-0.4247031505701663,0,1.0259628139479369,0.0,0.0
2022-04-29,277.52,157.65,1.7603552172534094,1.7571999212181004,1.7611159929631859,0.0413731901492382,-0.09465240004359599,0,1.0259628139479369,0.0,0.0
2022-05-02,284.47,157.96,1.8008989617624716,1.7726842322346417,1.7620920321465994,0.04161273663919692,0.25454226142063,0,1.0259628139479369,0.0,0.0
2022-05-03,281.78,159.48,1.7668673187860546,1.781389328644914,1.7619615389901448,0.041584806127815774,0.4671848077169249,0,1.0259628139479369,0.0,0.0
2022-05-04,289.98,166.02,1.7466570292735815,1.7689400613183053,1.761852908135073,0.041616649323184055,0.17029610260536357,0,1.0259628139479369,0.0,0.0
2022-05-05,277.35,156.77,1.7691522612744786,1.768786157669999,1.7623048604924694,0.041544965372313884,0.15600680177360016,0,1.0259628139479369,0.0,0.0
2022-05-06,274.73,157.28,1.7467573753814853,1.7660665892956142,1.7619936501199793,0.041591070467675025,0.09792821223008483,0,1.0259628139479369,0.0,0.0
2022-05-09,264.58,152.06,1.739971064053663,1.7538810097538526,1.7617132081361808,0.04168332750840079,-0.18789762839230367,0,1.0259628139479369,0.0,0.0
2022-05-10,269.5,154.51,1.7442236748430524,1.7493522809652522,1.7616248424385936,0.04171520992744296,-0.29419872259273355,0,1.0259628139479369,0.0,0.0
2022-05-11,260.55,146.5,1.7784982935153584,1.7557205338136075,1.7621531062757236,0.0417250143006125,-0.15416585398322374,0,1.0259628139479369,0.0,0.0
2022-05-12,255.35,142.56,1.791175645342312,1.7601252106271743,1.7630238395124753,0.04177729768255249,-0.06938287170526043,0,1.0259628139479369,0.0,0.0
2022-05-13,261.12,147.11,1.774998300591394,1.765773395669156,1.76367833161786,0.041649847708478446,0.05030184182088909,0,1.0259628139479369,0.0,0.0
2022-05-16,261.5,145.54,1.7967569053181256,1.7771305639220487,1.7649323094097953,0.041491320297866396,0.29399533263058625,0,1.0259628139479369,0.0,0.0
2022-05-17,266.82,149.24,1.787858482980434,1.785857525549525,1.7660459499958312,0.04118888220678707,0.48099328003684705,0,1.0259628139479369,0.0,0.0
2022-05-18,254.08,140.82,1.804289163471098,1.7910156995406727,1.766934540889775,0.04143259020938185,0.5812129661506154,0,1.0259628139479369,0.0,0.0
2022-05-19,253.14,137.35,1.8430287586457954,1.8013863222013693,1.7684696623362706,0.042521266480004184,0.7741222825660176,0,1.0259628139479369,0.0,0.0
2022-05-20,252.56,137.59,1.8355985173341085,1.8135063655499124,1.7688931704587312,0.043066863172356744,1.0359053760808152,-2,1.0259628139479369,0.0,0.0
2022-05-23,260.65,143.11,1.8213262525330163,1.8184202349928902,1.7691899688340285,0.04336982610901427,1.1351271281355075,-2,1.0259628139479369,0.0,0.0
2022-05-24,259.62,140.36,1.8496722713023652,1.830782992657277,1.7698589656683963,0.044302235873107804,1.3751907954122597,-2,1.0259628139479369,0.0,0.0
2022-05-25,262.52,140.52,1.8682038144036432,1.8435659228437857,1.770874168130679,0.04584558868385794,1.5855779541707844,1,1.025842813947937,-0.0011427700746609783,0.002134927412467976
2022-05-26,265.9,143.78,1.8493531784671025,1.8448308068080472,1.771658496641474,0.04678514440849195,1.564007359423515,1,1.0289401144602284,-0.0011427700746609783,0.002134927412467976
2022-05-27,273.24,149.64,1.8259823576583802,1.8429075748729016,1.7724218012308535,0.047297395336847264,1.4902675536370569,-2,1.033062856749279,-0.0011427700746609783,0.002134927412467976
2022-05-31,271.87,148.84,1.8265923138941145,1.8439607871451211,1.773257848283835,0.04781000837000569,1.4788313424693442,-2,1.0329205098215901,-0.0011427700746609783,0.002134927412467976
2022-06-01,272.42,148.71,1.8318875664044112,1.8404038461655303,1.7746085167634567,0.0483082926237451,1.3619883011500413,-2,1.0320144457169058,-0.0011427700746609783,0.002134927412467976
2022-06-02,274.58,151.21,1.815885192778255,1.8299401218404525,1.7756716693666719,0.04850596881822111,1.118799475527533,-2,1.034883380886808,-0.0011427700746609783,0.002134927412467976
2022-06-03,270.02,145.38,1.857339386435548,1.8315373634341419,1.7771192967594989,0.04963149881772065,1.0964421379757592,-2,1.0276477856125739,-0.0011427700746609783,0.002134927412467976
2022-06-06,268.75,146.14,1.838990009579855,1.8341388938184366,1.7777424248946025,0.05017581362519902,1.12397716846411,-2,1.030721648440869,-0.0011427700746609783,0.002134927412467976
2022-06-07,272.5,148.71,1.8324255261919171,1.8353055362779973,1.7781152465482009,0.05050202951241602,1.1324354740186453,-2,1.0319230241109332,-0.0011427700746609783,0.002134927412467976
2022-06-08,270.41,147.96,1.827588537442552,1.8344457304856256,1.7779859349815206,0.05036274302842839,1.121062756097996,-2,1.0327102180076237,-0.0011427700746609783,0.002134927412467976
2022-06-09,264.79,142.64,1.8563516545148628,1.842539022832947,1.778066702933324,0.050486380778642356,1.2770239994485268,-2,1.0277747719928887,-0.0011427700746609783,0.002134927412467976
2022-06-10,252.99,137.13,1.8448917085976813,1.8400494872653734,1.7780704905322864,0.050491470039137815,1.2275142055686796,-2,1.0294960088311895,-0.0011427700746609783,0.002134927412467976
2022-06-13,242.26,131.88,1.8369730057628146,1.8396460865019655,1.7780533283052518,0.050470924409044694,1.2203612063359777,-2,1.0305495628168448,-0.0011427700746609783,0.002134927412467976
2022-06-14,244.49,132.76,1.8415938535703527,1.8414797519776527,1.778211331324773,0.05065752710340133,1.248944120855668,-2,1.0298799216733225,-0.0011427700746609783,0.002134927412467976
2022-06-15,251.76,135.43,1.858967732407886,1.8477555909707195,1.7790453785277416,0.051575426581783934,1.3322277099157502,-2,1.0272722394218268,-0.0011427700746609783,0.002134927412467976
2022-06-16,244.97,130.06,1.8835153006304781,1.8531883201938424,1.7804191349006475,0.053243321137049424,1.366728891796315,-2,1.023567088023822,-0.0011427700746609783,0.002134927412467976
2022-06-17,247.65,131.56,1.8824110671936758,1.8606921919130415,1.7824671136471992,0.05476771698970794,1.4283063557413294,-2,1.0237068553424324,-0.0011427700746609783,0.002134927412467976
2022-06-21,253.74,135.87,1.8675204239346435,1.866801675547407,1.784475815146051,0.05564789502016972,1.4794065502660418,-2,1.025948922735484,-0.0011427700746609783,0.002134927412467976
2022-06-22,253.13,135.35,1.8701884004432952,1.8725205849219957,1.7866773678518515,0.056389878326378096,1.522316054191385,1,1.025535850226544,-0.0011427700746609783,0.002134927412467976
2022-06-23,258.86,138.27,1.8721342301294568,1.8751538844663098,1.7883902352408731,0.057406712714390656,1.5113850823875314,1,1.0252217657431428,-0.0011427700746609783,0.002134927412467976
2022-06-24,267.7,141.66,1.889735987575886,1.8763980218553915,1.7905114869485714,0.058767706600459664,1.4614579992159895,-2,1.022357082211406,-0.0011427700746609783,0.002134927412467976
2022-06-27,264.89,141.66,1.8698997599887053,1.8738957604143973,1.7922508205756542,0.059555180222152525,1.3709124803953483,-2,1.0255682661212033,-0.0011427700746609783,0.002134927412467976
2022-06-28,256.48,137.44,1.8661233993015136,1.8736163554877714,1.7939244367060818,0.060204009639554724,1.3236978609698957,-2,1.0261695687684873,-0.0011427700746609783,0.002134927412467976
2022-06-29,260.26,139.23,1.869281045751634,1.873434884549439,1.7954938990705442,0.060928384037810764,1.2792229222840776,-2,1.0256714179545865,-0.0011427700746609783,0.002134927412467976
2022-06-30,256.83,136.72,1.8785108250438851,1.8747102035323249,1.7973835605460013,0.06172375230593177,1.2527858417138436,-2,1.0242324515053791,-0.0011427700746609783,0.002134927412467976
2022-07-01,259.58,138.93,1.8684229468077447,1.8704475953786965,1.7989264716496385,0.062330375374050735,1.1474521579543318,-2,1.0258080233816156,-0.0011427700746609783,0.002134927412467976
2022-07-05,262.85,141.56,1.8568098332862393,1.8678296100382035,1.8008232721359305,0.06233133308317772,1.0750024841095038,-2,1.027686024332265,-0.0011427700746609783,0.002134927412467976
2022-07-06,266.21,142.92,1.862650433809124,1.8671350169397254,1.8026886768138966,0.06248126532265332,1.0314506243275943,-2,1.0267498181623604,-0.0011427700746609783,0.002134927412467976
2022-07-07,268.4,146.35,1.8339596856850016,1.860070744926399,1.804155371204921,0.06215904146871189,0.8995533457449348,0,1.0314461195006475,0.0,0.0
2022-07-08,267.66,147.04,1.8203210010881397,1.84843278013525,1.8058102938726293,0.06122305552620322,0.6961835847016574,0,1.0314461195006475,0.0,0.0
2022-07-11,264.51,144.87,1.8258438600124247,1.8399169627761858,1.8082021366466643,0.05908325189390917,0.5367820001930348,0,1.0314461195006475,0.0,0.0
2022-07-12,253.67,145.86,1.7391334156040037,1.8163816792397387,1.80905584693803,0.05766880328012188,0.12703284765810052,0,1.0314461195006475,0.0,0.0
2022-07-13,252.72,145.49,1.7370265997663068,1.7912569124311752,1.8097902255730929,0.05643269138521286,-0.3284144825808175,0,1.0314461195006475,0.0,0.0
2022-07-14,254.08,148.47,1.7113221526234257,1.7667294058188603,1.8099889238761915,0.05605716174084395,-0.7717036809198952,0,1.0314461195006475,0.0,0.0
2022-07-15,256.72,150.17,1.7095292002397287,1.7445710456491779,1.8100760592923735,0.055893921433391024,-1.1719523691186735,-2,1.0314461195006475,0.0,0.0
2022-07-18,254.25,147.07,1.7287686135853675,1.7251559963637664,1.8103493331517169,0.05544642690220365,-1.5364982298717718,-1,1.0313261195006476,0.0011799410029498525,-0.0020398449717821446
2022-07-19,259.53,151.0,1.7187417218543044,1.7210776576138265,1.8108724070361653,0.05440472378083261,-1.6504954566826506,-1,1.029539617257119,0.0011799410029498525,-0.0020398449717821446
2022-07-20,262.27,153.04,1.7137349712493466,1.7164193319104346,1.81120567660355,0.053732119449823014,-1.764053710586092,-1,1.0286113718627659,0.0011799410029498525,-0.0020398449717821446
2022-07-21,264.84,155.35,1.7047956227872545,1.7151140259432,1.8108943135386748,0.05430022198748348,-1.7639023210172633,-1,1.0269317783555303,0.0011799410029498525,-0.0020398449717821446
2022-07-22,260.36,154.09,1.6896618859108314,1.7111405630774208,1.810332981024944,0.05538391310646439,-1.7909969228220801,-1,1.0242158473267606,0.0011799410029498525,-0.0020398449717821446
2022-07-25,258.83,152.95,1.6922523700555738,1.7038373143714622,1.8083887977607596,0.05744407567832767,-1.8200568492869351,-1,1.024735960860079,0.0011799410029498525,-0.0020398449717821446
2022-07-26,251.9,151.6,1.6616094986807388,1.692410869736749,1.806583593080172,0.06030409004752782,-1.8932832458534612,-1,1.0193127604215426,0.0011799410029498525,-0.0020398449717821446
2022-07-27,268.74,156.79,1.7140123732380894,1.6924663501344976,1.8058112123465833,0.06119640332330024,-1.852149081593658,-1,1.0285961715076688,0.0011799410029498525,-0.0020398449717821446
2022-07-28,276.41,157.35,1.7566571337782018,1.7028386523326868,1.8050738485468452,0.06152226521508079,-1.661759297333182,-1,1.0365040058160961,0.0011799410029498525,-0.0020398449717821446
2022-07-29,280.74,162.51,1.727524460033229,1.7104111671571665,1.8044181342342982,0.062142909242937576,-1.5127545237643578,-1,1.0310875503044732,0.0011799410029498525,-0.0020398449717821446
2022-08-01,278.01,161.51,1.721317565475822,1.716224206241216,1.803995809837669,0.06262633154838992,-1.4015127730838548,-2,1.0299061563382024,0.0011799410029498525,-0.0020398449717821446
2022-08-02,274.82,160.01,1.7175176551465534,1.7274058375343793,1.80313523306887,0.06346243378448094,-1.193294852064269,-2,1.0292019119964655,0.0011799410029498525,-0.0020398449717821446
2022-08-03,282.47,166.13,1.700294949738157,1.7246623528343925,1.8023608593081482,0.0644379916577239,-1.2057872145747153,-2,1.0257446094417253,0.0011799410029498525,-0.0020398449717821446
2022-08-04,283.65,165.81,1.710692961823774,1.715469518443507,1.8018728909376498,0.06502662576616579,-1.3287383664169714,-2,1.0277896902161765,0.0011799410029498525,-0.0020398449717821446
2022-08-05,282.91,165.35,1.7109767160568494,1.7121599696482313,1.8013187749578798,0.06566472639689207,-1.3577884231292328,-2,1.0278548625610133,0.0011799410029498525,-0.0020398449717821446
2022-08-08,280.32,164.87,1.7002486807787953,1.707946192708826,1.8000146147456038,0.06689124246681333,-1.376389773032779,-2,1.0257779409498284,0.0011799410029498525,-0.0020398449717821446
2022-08-09,282.3,164.92,1.7117390249818096,1.706790466675877,1.7986906710729287,0.06784842822750303,-1.354492753891076,-2,1.0280122318870801,0.0011799410029498525,-0.0020398449717821446
2022-08-10,289.16,169.24,1.708579532025526,1.7084473831333509,1.7975836915968308,0.06877700496573794,-1.296019047469198,-2,1.027294496889217,0.0011799410029498525,-0.0020398449717821446
2022-08-11,287.02,168.49,1.7034838862840522,1.7070055680254064,1.7960291412795966,0.06984187958505123,-1.2746445797722283,-2,1.026299306871741,0.0011799410029498525,-0.0020398449717821446
2022-08-12,291.91,172.1,1.6961650203370136,1.7040432288814393,1.794500916902206,0.07101698952901976,-1.273747150092905,-2,1.0247053780280322,0.0011799410029498525,-0.0020398449717821446
2022-08-15,293.47,173.19,1.6944973728275305,1.7028929672911866,1.7926710537248132,0.07216569333841709,-1.2440549280475581,-2,1.0243226549733913,0.0011799410029498525,-0.0020398449717821446
2022-08-16,292.71,173.03,1.691671964399237,1.6988795551746718,1.7901484404873707,0.07301595522790906,-1.2499855001254974,-2,1.0237522750066346,0.0011799410029498525,-0.0020398449717821446
2022-08-17,291.32,174.55,1.6689773703809796,1.6909591228457626,1.787371421371485,0.07441323715712526,-1.2956337099291317,-2,1.0190115926554253,0.0011799410029498525,-0.0020398449717821446
2022-08-18,290.17,174.15,1.6662072925638818,1.6835038041017285,1.7847861053719996,0.07589346301871577,-1.3345326098150803,-2,1.0184705984907458,0.0011799410029498525,-0.0020398449717821446
2022-08-19,286.15,171.52,1.6683185634328357,1.6779345127208931,1.781763543574174,0.0768705236554062,-1.350700189304341,-2,1.0190920279346745,0.0011799410029498525,-0.0020398449717821446
2022-08-22,277.75,167.57,1.657516261860715,1.6705382905275297,1.7782520843651253,0.07766302840289557,-1.3869378525751594,-2,1.017237911148435,0.0011799410029498525,-0.0020398449717821446
2022-08-23,276.44,167.23,1.6530526819350595,1.6628144340346942,1.7749804094229245,0.07874422295006162,-1.4244343417975462,-2,1.0163857357249768,0.0011799410029498525,-0.0020398449717821446
2022-08-24,275.79,167.53,1.6462126186354684,1.658261483685592,1.771984247105876,0.08017775084838072,-1.4183830578552672,-2,1.0150068205815246,0.0011799410029498525,-0.0020398449717821446
2022-08-25,278.85,170.03,1.6400047050520499,1.653020966183226,1.7688744536251748,0.08162918863216914,-1.4192654537336935,-2,1.0135178276210959,0.0011799410029498525,-0.0020398449717821446
2022-08-26,268.09,163.62,1.6384916269404717,1.647055578884753,1.7656511879674428,0.08290711612954717,-1.4304635671728991,-2,1.013897068698479,0.0011799410029498525,-0.0020398449717821446
2022-08-29,265.23,161.38,1.64351220721279,1.644254767955168,1.7627783048746848,0.0841146385146686,-1.40907146499652,-2,1.0150916901668343,0.0011799410029498525,-0.0020398449717821446
2022-08-30,262.97,158.91,1.654836070731861,1.6446114457145282,1.7594032496129566,0.08431853850679095,-1.3614064704072535,-2,1.0174634405804697,0.0011799410029498525,-0.0020398449717821446
2022-08-31,261.47,157.22,1.6630835771530341,1.6479856374180415,1.7564714757391762,0.0845621874543978,-1.2829119206458357,-2,1.0191408670783568,0.0011799410029498525,-0.0020398449717821446
2022-09-01,260.4,157.96,1.6485186123069129,1.649688418869014,1.7534063605077597,0.08509378239524469,-1.2188662757637836,-2,1.0163688449260815,0.0011799410029498525,-0.0020398449717821446
2022-09-02,256.06,155.81,1.6434118477633015,1.65067246303358,1.7503367490131054,0.08569225613341426,-1.1630489203640297,-2,1.0156335676626107,0.0011799410029498525,-0.0020398449717821446
2022-09-06,253.25,154.53,1.6388403546236976,1.6497380925157614,1.746711560681586,0.08573217749853707,-1.1311210212464191,-2,1.0149289350082027,0.0011799410029498525,-0.0020398449717821446
2022-09-07,258.09,155.96,1.6548473967684019,1.6497403577230696,1.7435441554844313,0.08555383923722071,-1.0964300211153097,-2,1.0177228711528314,0.0011799410029498525,-0.0020398449717821446
2022-09-08,258.52,154.46,1.6737019293020845,1.6518640281528796,1.7408229708767524,0.08512730256116684,-1.0450107080504851,-2,1.021290013241773,0.0011799410029498525,-0.0020398449717821446
2022-09-09,264.46,157.37,1.6804981889813813,1.6582599434877736,1.738138043133603,0.08443276124660111,-0.9460557545018702,0,1.022236302411239,0.0,0.0
2022-09-12,266.65,163.43,1.6315853882396132,1.6558946515830357,1.734348337397465,0.0840194208191818,-0.9337565654406204,0,1.022236302411239,0.0,0.0
2022-09-13,251.99,153.84,1.6380005200208008,1.6557266846624565,1.7302564243873038,0.08259806860309973,-0.9023181895811335,0,1.022236302411239,0.0,0.0
2022-09-14,252.22,155.31,1.6239778507501126,1.6495527754587986,1.7259492041132445,0.08125654981456495,-0.9401879458183943,0,1.022236302411239,0.0,0.0
2022-09-15,245.38,152.37,1.6104219990811839,1.636896789414618,1.7216642303656866,0.08043920234899506,-1.053807577346366,-2,1.022236302411239,0.0,0.0
2022-09-16,244.74,150.7,1.6240212342402125,1.6256013984663844,1.7175614442623022,0.07900034387015073,-1.1640461457619515,-2,1.022236302411239,0.0,0.0
2022-09-19,244.52,154.48,1.5828586224754015,1.6158560453135422,1.7127401841347345,0.07823038950434409,-1.2384463305760782,-2,1.022236302411239,0.0,0.0
2022-09-20,242.45,156.9,1.5452517527087315,1.5973062918511285,1.706998780220282,0.07765925941161972,-1.412484347651927,-2,1.022236302411239,0.0,0.0
2022-09-21,238.95,153.72,1.5544496487119437,1.5834006514434946,1.7017412783656694,0.0771200585636376,-1.5344986651497796,-1,1.0221163024112392,0.0012554927809165098,-0.00195160031225605
2022-09-22,240.98,152.74,1.577713761948409,1.5768590040169397,1.696934451076451,0.07567523276281192,-1.5867205514367235,-1,1.0265775210625105,0.0012554927809165098,-0.00195160031225605
2022-09-23,237.92,150.43,1.5815994150103037,1.568374640170958,1.6921397572307622,0.07365715205386153,-1.6802864841869178,-1,1.0272439098742174,0.0012554927809165098,-0.00195160031225605
2022-09-26,237.45,150.77,1.5749154341049278,1.5667860024968632,1.687079834048446,0.07101782833339541,-1.6938539853240762,-1,1.0259902841610196,0.0012554927809165098,-0.00195160031225605
2022-09-27,236.41,151.76,1.5577886136004218,1.5692933746752014,1.6819025951616573,0.06886378737923807,-1.6352458203657676,-1,1.022752487359733,0.0012554927809165098,-0.00195160031225605
2022-09-28,241.07,149.84,1.6088494394020287,1.5801733328132184,1.6777699219302538,0.06554989480868881,-1.4888900951233672,-2,1.0323501563183355,0.0012554927809165098,-0.00195160031225605
2022-09-29,237.5,142.48,1.6669006176305448,1.5980107039496452,1.674507424993944,0.060898531721492094,-1.2561340788008175,-2,1.042231825388668,0.0012554927809165098,-0.00195160031225605
2022-09-30,232.9,138.2,1.6852387843704777,1.61873857782168,1.6720287433053687,0.05721365631159893,-0.931423875332454,0,1.0446969848465422,0.0,0.0
2022-10-03,240.74,142.45,1.68999648999649,1.6417547889999926,1.669856668120508,0.05386422308905907,-0.5217169673839313,0,1.0446969848465422,0.0,0.0
2022-10-04,248.88,146.1,1.7034907597535935,1.670895218230627,1.6678174497828606,0.050038910386975326,0.061507503340189035,0,1.0446969848465422,0.0,0.0
2022-10-05,249.2,146.4,1.7021857923497266,1.6895624888201666,1.6672016560619562,0.049369263148481675,0.4529302511758882,0,1.0446969848465422,0.0,0.0
2022-10-06,246.79,145.43,1.6969676132847418,1.695575887951006,1.6665340062872636,0.048674962860430326,0.5966492824456117,0,1.0446969848465422,0.0,0.0
2022-10-07,234.24,140.09,1.6720679563137983,1.69294172233967,1.665879769682103,0.04832531595676116,0.5599953589911467,0,1.0446969848465422,0.0,0.0
2022-10-10,229.25,140.42,1.632602193419741,1.6814628630243202,1.6645976529017699,0.048167843634685396,0.35013421506803416,0,1.0446969848465422,0.0,0.0
2022-10-11,225.41,138.98,1.6218880414448122,1.6651423193625638,1.6628163100327604,0.04772877756005318,0.04873389700536116,0,1.0446969848465422,0.0,0.0
2022-10-12,225.75,138.34,1.6318490675148185,1.6510749743955824,1.6613680991271025,0.04731961569957367,-0.21752342193288027,0,1.0446969848465422,0.0,0.0
2022-10-13,234.24,142.99,1.6381565144415693,1.639312754626948,1.660108458180306,0.046906127389879496,-0.44334727061362633,0,1.0446969848465422,0.0,0.0
2022-10-14,228.56,138.38,1.6516837693308282,1.6352359172303537,1.659223260622699,0.04654830198342419,-0.5153215556796744,0,1.0446969848465422,0.0,0.0
2022-10-17,237.53,142.41,1.667930622849519,1.6423016031163093,1.6588610729050106,0.04639172889566616,-0.35694875321295094,0,1.0446969848465422,0.0,0.0
2022-10-18,238.5,143.75,1.6591304347826088,1.6497500817838688,1.6583090406504613,0.046184260203041144,-0.18532198694889615,0,1.0446969848465422,0.0,0.0
2022-10-19,236.48,143.86,1.6438203809259,1.652144344466085,1.658012555354547,0.04621979940498633,-0.12696314055895558,0,1.0446969848465422,0.0,0.0
2022-10-20,236.15,143.39,1.646907036752912,1.6538944489283538,1.6568941330797942,0.04565014756738823,-0.06571028378412716,0,1.0446969848465422,0.0,0.0
2022-10-21,242.12,147.27,1.6440551368235214,1.6523687224268921,1.6550174331305496,0.04375453211529677,-0.06053568797577117,0,1.0446969848465422,0.0,0.0
2022-10-24,247.25,149.45,1.6543994647039144,1.6496624907977715,1.6537986832083942,0.04270654250862706,-0.09685149318250576,0,1.0446969848465422,0.0,0.0
2022-10-25,250.66,152.34,1.6453984508336614,1.6469160940079817,1.652533364631025,0.04178694552953308,-0.13442644710830237,0,1.0446969848465422,0.0,0.0
2022-10-26,231.32,149.35,1.548844994978239,1.62792101681845,1.6497221536282196,0.042997226109565814,-0.507035890041276,0,1.0446969848465422,0.0,0.0
2022-10-27,226.75,144.8,1.565953038674033,1.611730217202674,1.6474831217771508,0.04380925272401014,-0.8161039586708612,0,1.0446969848465422,0.0,0.0
2022-10-28,235.87,155.74,1.5145113650956723,1.5858214628571041,1.6442134284983494,0.04626385955928027,-1.2621507629821638,-2,1.0446969848465422,0.0,0.0
2022-10-31,232.13,153.34,1.5138254858484412,1.5577066670860096,1.6409275746615426,0.048393900420136846,-1.7196569578612546,-1,1.0445769848465423,0.0012923792702365054,-0.001956436676666232
2022-11-01,228.17,150.65,1.5145701958181212,1.5315410160829013,1.6378329332455313,0.050430148284223486,-2.1077058223896246,2,1.044604053723952,0.0,0.0
2022-11-02,220.1,145.03,1.5176170447493622,1.525295426037126,1.6345975669083237,0.05181624724474657,-2.1094183134283093,2,1.044604053723952,0.0,0.0
2022-11-03,214.25,138.88,1.5426987327188941,1.5206445648460982,1.63183288691988,0.052225706779690954,-2.128996023793776,2,1.044604053723952,0.0,0.0
2022-11-04,221.39,138.38,1.5998699233993352,1.5377162765068308,1.6301059875384678,0.051524681745310615,-1.7931156079395982,-1,1.0444840537239521,0.0013550747549573151,-0.0021679433444139326
2022-11-07,227.87,138.92,1.640296573567521,1.5630104940506466,1.6291748467589764,0.05081051668610687,-1.3021783092085952,-2,1.052094248730092,0.0013550747549573151,-0.0021679433444139326
2022-11-08,228.87,139.5,1.6406451612903226,1.588225487145087,1.6282773099000232,0.05010785132622278,-0.7993123172291374,0,1.0520694035341465,0.0,0.0
2022-11-09,224.51,134.87,1.6646400237265513,1.617630082940525,1.627826777555478,0.049647604800208994,-0.20538140069367575,0,1.0520694035341465,0.0,0.0
2022-11-10,242.98,146.87,1.654388234493089,1.6399679832953638,1.62758362529068,0.049478087497943,0.2502998525397473,0,1.0520694035341465,0.0,0.0
2022-11-11,247.11,149.7,1.6507014028056115,1.6501342791766191,1.6273251937947086,0.0493131508842962,0.4625355503124842,0,1.0520694035341465,0.0,0.0
2022-11-14,241.55,148.28,1.629012678715943,1.6478775002063035,1.626670095716094,0.04901955095943594,0.43263155363782946,0,1.0520694035341465,0.0,0.0
2022-11-15,241.97,150.04,1.6127032791255667,1.6422891237733523,1.625923212670508,0.0488828038362049,0.3347989439738905,0,1.0520694035341465,0.0,0.0
2022-11-16,241.73,148.79,1.6246387526043418,1.6342888695489102,1.625449647181663,0.0487529865267197,0.18130627469155458,0,1.0520694035341465,0.0,0.0
2022-11-17,241.68,150.72,1.6035031847133758,1.6241118595929678,1.6247378232829612,0.048756488078765085,-0.012838572150279306,0,1.0520694035341465,0.0,0.0
2022-11-18,241.22,151.29,1.5944213100667592,1.6128558410451972,1.6239781000332063,0.04886957654444604,-0.22759065607809414,0,1.0520694035341465,0.0,0.0
2022-11-21,242.05,148.01,1.6353624755084117,1.614125800403691,1.6239259475093386,0.048855493165620344,-0.2005945794554801,0,1.0520694035341465,0.0,0.0
2022-11-22,245.03,150.18,1.6315754428019709,1.6179002331389718,1.6237270014358252,0.04879865446386774,-0.11940428195961231,0,1.0520694035341465,0.0,0.0
2022-11-23,247.58,151.07,1.6388429205004305,1.6207410667181896,1.623460448931968,0.04866935585724975,-0.055874629238045356,0,1.0520694035341465,0.0,0.0
2022-11-25,247.49,148.11,1.6709877793531833,1.6342379856461513,1.6235921856353037,0.04878897474569381,0.21820093712436944,0,1.0520694035341465,0.0,0.0
2022-11-28,241.76,144.22,1.6763278324781583,1.6506192901284311,1.6240556726381579,0.04916046224435339,0.5403451529450248,0,1.0520694035341465,0.0,0.0
2022-11-29,240.33,141.17,1.7024155273783383,1.6640299005024162,1.6250390672984085,0.05013471567831601,0.7777212391945756,0,1.0520694035341465,0.0,0.0
2022-11-30,255.14,148.03,1.723569546713504,1.6824287212847229,1.6264512204999053,0.05169893656819503,1.0827592306657752,-2,1.0520694035341465,0.0,0.0
2022-12-01,254.69,148.31,1.7172813701031622,1.6981164112052691,1.6274917867221512,0.052894655309951875,1.3351939637241614,-2,1.0520694035341465,0.0,0.0
2022-12-02,255.02,147.81,1.7253230498613086,1.708983465306894,1.6283521387314717,0.05406587248660112,1.4913534706279796,-2,1.0520694035341465,0.0,0.0
2022-12-05,250.2,146.63,1.7063356748277978,1.7149850337768222,1.6287827634955785,0.05458861410132207,1.5791254586761163,1,1.0519494035341466,-0.001199040767386091,0.0020459660369637864
2022-12-06,245.12,142.91,1.7152053740116158,1.7175430031034775,1.6301764299251118,0.05571713747812532,1.568037719322283,1,1.0504295369749626,-0.001199040767386091,0.0020459660369637864
2022-12-07,244.37,140.94,1.7338583794522493,1.7196007696512268,1.6317740609156361,0.05729719576384643,1.5328273498335463,1,1.0472982644576836,-0.001199040767386091,0.0020459660369637864
2022-12-08,247.4,142.65,1.7343147563967753,1.7230074469099492,1.6336130093430805,0.058793816600871025,1.520473456821722,1,1.047163772855712,-0.001199040767386091,0.0020459660369637864
2022-12-09,245.42,142.16,1.726364659538548,1.7232157688453973,1.63554538701737,0.05991336400647413,1.463285917621882,-2,1.048535350217024,-0.001199040767386091,0.0020459660369637864
2022-12-12,252.51,144.49,1.747594989272614,1.7314676317343605,1.6376049496012433,0.06161042991630962,1.5234868878632792,1,1.0448012520423824,-0.001199040767386091,0.0020459660369637864
2022-12-13,256.92,145.47,1.766137347906785,1.7416540265133942,1.6406595950250997,0.06336849788854118,1.593764012931686,1,1.0415185289744342,-0.001199040767386091,0.0020459660369637864
2022-12-14,257.22,143.21,1.7961036240486001,1.7541030754326645,1.6448404595474309,0.06521539761107961,1.6754113275032883,1,1.0365349335006802,-0.001199040767386091,0.0020459660369637864
2022-12-15,249.01,136.5,1.8242490842490842,1.7720899410031261,1.649337116806383,0.06811426060799697,1.8021604154700497,1,1.032650626092893,-0.001199040767386091,0.0020459660369637864
2022-12-16,244.69,134.51,1.8191212549252844,1.7906412600804735,1.6533605750226643,0.07088532790584734,1.9366586727249224,1,1.033759009794443,-0.001199040767386091,0.0020459660369637864
2022-12-19,240.45,132.37,1.8164992067689052,1.8044221035797317,1.6572755715519742,0.07330040005429891,2.007445142437904,2,1.0343527485536914,0.0,0.0
2022-12-20,241.8,132.3,1.8276643990929704,1.816727513816969,1.6614880543017752,0.07571002104311118,2.0504479773793296,2,1.0343527485536914,0.0,0.0
2022-12-21,244.43,135.45,1.8045773348098932,1.8184222559692276,1.6656011996552664,0.07667831994295458,1.9930151890084906,1,1.0342327485536915,-0.0012273452522194492,0.0022148394241417496
2022-12-22,238.19,132.23,1.8013310141420253,1.8138386419478159,1.6688092259009328,0.07827360254991353,1.8528521918280256,1,1.0347595999818044,-0.0012273452522194492,0.0022148394241417496
2022-12-23,238.73,131.86,1.810480812983467,1.8121105535594524,1.6712022291568152,0.08038068981767614,1.7530121316730818,1,1.0332773429586737,-0.0012273452522194492,0.0022148394241417496
2022-12-27,236.96,130.03,1.8223486887641314,1.8132804499584974,1.6734873942300426,0.08270195323285268,1.6903235082593326,1,1.0313965879089226,-0.0012273452522194492,0.0022148394241417496
2022-12-28,234.53,126.04,1.8607584893684543,1.8198992680135941,1.6763334275529087,0.08614621877396224,1.6665367616120874,1,1.0255418275694903,-0.0012273452522194492,0.0022148394241417496
2022-12-29,241.01,129.61,1.8595015816680809,1.830884117385232,1.67893360791815,0.08927737060703285,1.7020047570163535,1,1.0254956070792944,-0.0012273452522194492,0.0022148394241417496
2022-12-30,239.82,129.93,1.8457631032094204,1.8397705351987106,1.681326563099145,0.09179973852444473,1.725974111106805,1,1.027664896545161,-0.0012273452522194492,0.0022148394241417496
2023-01-03,239.58,125.07,1.9155672823218999,1.8607878290663973,1.6849698909164308,0.09664121742626974,1.8192852163115893,1,1.0171953398043647,-0.0012273452522194492,0.0022148394241417496
2023-01-04,229.1,126.36,1.8130737575182019,1.8589328428172116,1.6873199876031708,0.09802669412364882,1.750674719251186,1,1.0329150609047675,-0.0012273452522194492,0.0022148394241417496
2023-01-05,222.31,125.02,1.7781954887218046,1.8424202426878815,1.6897465425248719,0.09845034560749294,1.5507685546549246,1,1.0382808503389878,-0.0012273452522194492,0.0022148394241417496
2023-01-06,224.93,129.62,1.7353031939515506,1.8175805651445756,1.6916367950666509,0.09821388036666094,1.2823418605164565,-2,1.0452534671292248,-0.0012273452522194492,0.0022148394241417496
2023-01-09,227.12,130.15,1.7450633883980022,1.7974406221822918,1.6935237004147041,0.09813327286128358,1.0589366759883736,-2,1.0437394459216596,-0.0012273452522194492,0.0022148394241417496
2023-01-10,228.85,130.73,1.7505545781381475,1.7644380813455414,1.6953970014763138,0.0981312382773432,0.7035586331245549,0,1.0427866607175444,0.0,0.0
2023-01-11,235.77,133.49,1.766199715334482,1.7550632729087972,1.6973056005763747,0.09837995078046437,0.5870878352166404,0,1.0427866607175444,0.0,0.0
2023-01-12,238.51,133.41,1.7877970167153887,1.7569835785075143,1.6993033738074723,0.0989884952589164,0.582696045122945,0,1.0427866607175444,0.0,0.0
2023-01-13,239.23,134.76,1.7752300385871178,1.7649689474346275,1.7012383672042142,0.0993240673423118,0.6416428760490789,0,1.0427866607175444,0.0,0.0
2023-01-17,240.35,135.94,1.7680594379873473,1.7695681573524968,1.7033090181552382,0.09940176357287565,0.666579111030372,0,1.0427866607175444,0.0,0.0
2023-01-18,235.81,135.21,1.7440278085940388,1.768262803443675,1.7049276976859238,0.09925839882200475,0.6380830892842317,0,1.0427866607175444,0.0,0.0
2023-01-19,231.93,135.27,1.7145708582834331,1.757937032033465,1.7061029597102555,0.09894239052254164,0.5238813419552506,0,1.0427866607175444,0.0,0.0
2023-01-20,240.22,137.87,1.742365996953652,1.748850828081118,1.7075690685810845,0.09881492629457805,0.41776845915937855,0,1.0427866607175444,0.0,0.0
2023-01-23,242.58,141.11,1.7190844022393876,1.7376217008115717,1.7087971677711802,0.09848650543357115,0.29267494986745796,0,1.0427866607175444,0.0,0.0
2023-01-24,242.04,142.53,1.6981688065670384,1.7236435745275103,1.7112858979643268,0.09623704413799976,0.12840872944375822,0,1.0427866607175444,0.0,0.0
2023-01-25,240.61,141.86,1.6961088397011137,1.714059780748925,1.713455161314778,0.09435408536687523,0.006407983626741811,0,1.0427866607175444,0.0,0.0
2023-01-26,248.0,143.96,1.722700750208391,1.7156857591339165,1.71692498439999,0.09067013959394242,-0.013667402207863744,0,1.0427866607175444,0.0,0.0
2023-01-27,248.16,145.93,1.7005413554443911,1.7073208308320644,1.7200369155599224,0.08669851802912357,-0.14667015096597677,0,1.0427866607175444,0.0,0.0
2023-01-30,242.71,143.0,1.6972727272727273,1.702958495838732,1.7230819577508325,0.08246485097244875,-0.24402471689209315,0,1.0427866607175444,0.0,0.0
2023-01-31,247.81,144.29,1.717444036315753,1.7068135417884753,1.7264124076102725,0.07793707685963061,-0.25147037342824513,0,1.0427866607175444,0.0,0.0
2023-02-01,252.75,145.43,1.7379495289830158,1.7151816796448558,1.7296665875480077,0.07411901773607309,-0.1954276830101899,0,1.0427866607175444,0.0,0.0
2023-02-02,264.6,150.82,1.7544092295451534,1.7215233755122081,1.7322422426504382,0.07219219674437488,-0.14847681081356365,0,1.0427866607175444,0.0,0.0
2023-02-03,258.35,154.5,1.6721682847896442,1.7158487613812585,1.7327734378374735,0.07161917024238842,-0.2363148916544968,0,1.0427866607175444,0.0,0.0
2023-02-06,256.77,151.73,1.6922823436367231,1.7148506846540577,1.7336340575432467,0.07079889118872619,-0.2653060319704567,0,1.0427866607175444,0.0,0.0
2023-02-07,267.56,154.65,1.7301002263174912,1.7173819226544054,1.7347250609197624,0.07021967836826483,-0.24698401742032372,0,1.0427866607175444,0.0,0.0
2023-02-08,266.73,151.92,1.7557266982622435,1.720937356510251,1.736414035315915,0.06946933180182302,-0.22278433380955315,0,1.0427866607175444,0.0,0.0
2023-02-09,263.62,150.87,1.747332140253198,1.71952193865186,1.7380245476067084,0.06856275366923235,-0.26986385412859254,0,1.0427866607175444,0.0,0.0
2023-02-10,263.1,151.01,1.742268723925568,1.7335420264790447,1.7399121483602018,0.06705308591706223,-0.09500117398081184,0,1.0427866607175444,0.0,0.0
2023-02-13,271.32,153.85,1.76353591160221,1.747792740072142,1.742426025568146,0.0649990449199477,0.08256605171053749,0,1.0427866607175444,0.0,0.0
2023-02-14,272.17,153.2,1.776566579634465,1.7570860107355368,1.744958156018648,0.06326895900920793,0.19168728088482975,0,1.0427866607175444,0.0,0.0
2023-02-15,269.32,155.33,1.733856949719951,1.7527120610270785,1.7471307187687577,0.06050707136325753,0.09224280951912146,0,1.0427866607175444,0.0,0.0
2023-02-16,262.15,153.71,1.7054843536529827,1.7443425037070355,1.7489817694951948,0.0573738717338603,-0.08086025307267815,0,1.0427866607175444,0.0,0.0
2023-02-17,258.06,152.55,1.6916420845624385,1.7342171758344094,1.7499197629794285,0.05592664898000342,-0.28077110700184477,0,1.0427866607175444,0.0,0.0
2023-02-21,252.67,148.48,1.7017106681034484,1.7218521271346572,1.7510886834011197,0.05411481361697244,-0.5402690005254458,0,1.0427866607175444,0.0,0.0
2023-02-22,251.51,148.91,1.6890067826203747,1.7043401677318388,1.7519247477697857,0.05272079977609898,-0.9025769760708251,0,1.0427866607175444,0.0,0.0
2023-02-23,254.77,149.4,1.7052878179384203,1.6986263413755327,1.7524964150795397,0.05200946510495408,-1.03577442289203,-2,1.0427866607175444,0.0,0.0
2023-02-24,249.22,146.71,1.6987253765932793,1.6972745459635923,1.7528697074814583,0.051531690749899,-1.0788538219653698,-2,1.0427866607175444,0.0,0.0
2023-02-27,250.16,147.92,1.69118442401298,1.6971830138537005,1.752682522425369,0.05173805299794068,-1.07270191581963,-2,1.0427866607175444,0.0,0.0
2023-02-28,249.42,147.41,1.6920154670646497,1.6952439736459408,1.752156621097888,0.05219732337315995,-1.0903365110328995,-2,1.0427866607175444,0.0,0.0
2023-03-01,246.27,145.31,1.6947904480077076,1.6964007067234075,1.751781772396297,0.052531707529532796,-1.0542407295965925,-2,1.0427866607175444,0.0,0.0
2023-03-02,251.11,145.91,1.7209923925707629,1.6995416216498758,1.751709594774788,0.052571637451800345,-0.9923216329858822,0,1.0427866607175444,0.0,0.0
2023-03-03,255.29,151.03,1.6903264252135337,1.6978618313739269,1.7514427739478835,0.05284574227036718,-1.013912195609403,-2,1.0427866607175444,0.0,0.0
2023-03-06,256.87,153.83,1.6698303321848793,1.6935910130083065,1.7506865232507713,0.05369101851470291,-1.0634089615347795,-2,1.0427866607175444,0.0,0.0
2023-03-07,254.15,151.6,1.6764511873350925,1.6904781570623952,1.7497297367154852,0.05450137223058464,-1.0871575747195517,-2,1.0427866607175444,0.0,0.0
2023-03-08,253.7,152.87,1.6595800353241315,1.6834360745256798,1.7484841580309411,0.055700444874398514,-1.1678198199662726,-2,1.0427866607175444,0.0,0.0
2023-03-09,252.32,150.59,1.6755428647320538,1.674346168957938,1.7476371281174996,0.056424232453082826,-1.2989270030479123,-2,1.0427866607175444,0.0,0.0
2023-03-10,248.59,148.5,1.674006734006734,1.671082230716578,1.7464106571964018,0.05721934095397964,-1.3164853915463457,-2,1.0427866607175444,0.0,0.0
2023-03-13,253.92,150.47,1.6875124609556722,1.6746186564707366,1.745100242413883,0.057658543364663535,-1.2223962283851524,-2,1.0427866607175444,0.0,0.0
2023-03-14,260.79,152.59,1.7090897175437447,1.6811463625124674,1.7436500106388022,0.05744786470406124,-1.0880064637444418,-2,1.0427866607175444,0.0,0.0
2023-03-15,265.44,152.99,1.7350153604810772,1.6962334275438564,1.7421627819093355,0.056472703462162786,-0.813301852925319,0,1.0427866607175444,0.0,0.0
2023-03-16,276.2,155.85,1.7722168752005134,1.7155682296375485,1.7413810422472558,0.05570880447771634,-0.4633524781532951,0,1.0427866607175444,0.0,0.0
2023-03-17,279.43,155.0,1.8027741935483872,1.741321721545879,1.741152292026914,0.05542257137781836,0.0030570490461353022,0,1.0427866607175444,0.0,0.0
2023-03-20,272.23,157.4,1.7295425667090216,1.749727742696549,1.739516928153848,0.05426207587580434,0.1881758922395731,0,1.0427866607175444,0.0,0.0
2023-03-21,273.78,159.28,1.7188598694123554,1.751681773070271,1.738088303730556,0.05364500376688088,0.25339674499393616,0,1.0427866607175444,0.0,0.0
2023-03-22,272.29,157.83,1.7252106697079135,1.7497208349156381,1.7368196313233206,0.05302046623982078,0.24332497443464787,0,1.0427866607175444,0.0,0.0
2023-03-23,277.66,158.93,1.7470584534071605,1.7446891505569677,1.7357625919970487,0.05215213151027707,0.17116382976906536,0,1.0427866607175444,0.0,0.0
2023-03-24,280.57,160.25,1.750826833073323,1.7342996784619547,1.7345705610688686,0.05094286719830596,-0.00531738046583682,0,1.0427866607175444,0.0,0.0
2023-03-27,276.38,158.28,1.7461460702552438,1.7376203791711995,1.7326603540836485,0.048206306835690806,0.10289162172196764,0,1.0427866607175444,0.0,0.0
2023-03-28,275.23,157.65,1.7458293688550588,1.74301427905974,1.7307658172034315,0.04528186729562989,0.27049374479949184,0,1.0427866607175444,0.0,0.0
2023-03-29,280.51,160.77,1.7447906947813645,1.74693028407443,1.7290829437296307,0.04274060516365399,0.4175734123665738,0,1.0427866607175444,0.0,0.0
2023-03-30,284.05,162.36,1.7495072677999506,1.747420046952988,1.7263152768209313,0.03516545544004686,0.6001563144273174,0,1.0427866607175444,0.0,0.0
2023-03-31,288.3,164.9,1.7483323226197696,1.7469211448622777,1.7252362529059577,0.03340755138889899,0.6491015071378633,0,1.0427866607175444,0.0,0.0
2023-04-03,287.23,166.17,1.728531022446892,1.7433981353006067,1.7244085118013757,0.03268049499300203,0.5810690291960804,0,1.0427866607175444,0.0,0.0
2023-04-04,287.18,165.63,1.7338646380486629,1.7410051891393281,1.724384535869661,0.032672893487011787,0.5086985416909645,0,1.0427866607175444,0.0,0.0
2023-04-05,284.34,163.76,1.7363214460185636,1.7393113393867676,1.7242388368300037,0.03259852376542353,0.4623676417136103,0,1.0427866607175444,0.0,0.0
2023-04-06,291.6,164.66,1.7709218996720517,1.7435942657611878,1.724578292188902,0.0329810006088982,0.5765735793702826,0,1.0427866607175444,0.0,0.0
2023-04-10,289.39,162.03,1.7860272788989693,1.751133257017028,1.7249087515816435,0.03350034671389011,0.7828129559181877,0,1.0427866607175444,0.0,0.0
2023-04-11,282.83,160.8,1.7588930348258704,1.7572056594928234,1.7244270185501516,0.032780780380875875,0.9999347349825349,0,1.0427866607175444,0.0,0.0
2023-04-12,283.49,160.1,1.7707058088694567,1.7645738936569824,1.7243516147215239,0.032666946084993716,1.2312837211904386,-2,1.0427866607175444,0.0,0.0
2023-04-13,289.84,165.56,1.7506644116936456,1.767442486791999,1.724061697616629,0.03234810108352058,1.3410613829653768,-2,1.0427866607175444,0.0,0.0
2023-04-14,286.14,165.21,1.7319774832031958,1.7596536034982275,1.7238608588601148,0.03225932341394209,1.109531783380292,-2,1.0427866607175444,0.0,0.0
2023-04-17,288.8,165.23,1.7478666101797495,1.7520214697543834,1.7244157880583866,0.03238294908137096,0.8524758392643637,0,1.0427866607175444,0.0,0.0
2023-04-18,288.37,166.47,1.7322640716044932,1.746695677110108,1.7242474226359008,0.03231422859756885,0.6946863796060467,0,1.0427866607175444,0.0,0.0
2023-04-19,288.45,167.63,1.7207540416393248,1.7367053236640817,1.724275249959233,0.03231042579575522,0.3847078272327073,0,1.0427866607175444,0.0,0.0
2023-04-20,286.11,166.65,1.7168316831683168,1.7299387779590158,1.7245862979025874,0.032144248119174025,0.1665143958752502,0,1.0427866607175444,0.0,0.0
2023-04-21,285.76,165.02,1.731668888619561,1.729877059042289,1.7251789653845617,0.03193744699757996,0.14710298096410823,0,1.0427866607175444,0.0,0.0
2023-04-24,281.77,165.33,1.7042883929111472,1.7211614155885684,1.7248720927629408,0.0320499226425265,-0.11577803839840854,0,1.0427866607175444,0.0,0.0
2023-04-25,275.42,163.77,1.6817487940404225,1.7110583600757543,1.7245588834062082,0.03238183290901708,-0.4169165892612137,0,1.0427866607175444,0.0,0.0
2023-04-26,295.37,163.76,1.803676111382511,1.7276427740243918,1.7263322731413713,0.033746992289646324,0.038833116497395334,0,1.0427866607175444,0.0,0.0
2023-04-27,304.83,168.41,1.8100469093284246,1.7462858192564135,1.7278756543582492,0.03541016991005415,0.5199117921469505,0,1.0427866607175444,0.0,0.0
2023-04-28,307.26,169.68,1.8108203677510606,1.7621161150827132,1.7290901683377167,0.03697657704042354,0.8931585719492598,0,1.0427866607175444,0.0,0.0
2023-05-01,305.56,169.59,1.801757179078955,1.7816098723162745,1.7298793008299465,0.038016687574073935,1.3607332670825996,-2,1.0427866607175444,0.0,0.0
2023-05-02,305.41,168.54,1.8120920849649937,1.8076785305011889,1.7322113641662022,0.03870201519974442,1.9499544389483106,1,1.0426666607175445,-0.0009822861072001571,0.00177999288002848
2023-05-03,304.4,167.45,1.8178560764407286,1.8105145235128326,1.7343042597129357,0.039883472258594906,1.9108231927693704,1,1.0417185774465858,-0.0009822861072001571,0.00177999288002848
2023-05-04,305.41,165.79,1.8421497074612463,1.8169350831393971,1.7361717510653316,0.042237124298396135,1.9121408811710296,1,1.0377716802974661,-0.0009822861072001571,0.00177999288002848
2023-05-05,310.65,173.57,1.78976781701907,1.8127245729929988,1.7367391030446122,0.04273000265772693,1.7782697220274113,1,1.0464728457023589,-0.0009822861072001571,0.00177999288002848
2023-05-08,308.65,173.5,1.7789625360230545,1.8081656443818186,1.7372662763074431,0.04305677482802265,1.6466483696830916,1,1.0483128184151573,-0.0009822861072001571,0.00177999288002848
2023-05-09,307.0,171.77,1.7872736799208242,1.803201963372985,1.738016358907364,0.04353475606572897,1.4973232965220573,-2,1.0468542028095882,-0.0009822861072001571,0.00177999288002848
2023-05-10,312.31,173.56,1.7994353537681493,1.7995178188384688,1.738614682943463,0.04413400050180052,1.3799595595808543,-2,1.0448244508356064,-0.0009822861072001571,0.00177999288002848
2023-05-11,310.11,173.75,1.7848057553956835,1.7880490284253565,1.7387520025394834,0.04426670465673651,1.113636677230527,-2,1.047323678918652,-0.0009822861072001571,0.00177999288002848
2023-05-12,308.97,172.57,1.790403894071971,1.7881762438359363,1.739694451612017,0.04475992287870628,1.0831518265860034,-2,1.0463430934824265,-0.0009822861072001571,0.00177999288002848
2023-05-15,309.46,172.07,1.7984541175103155,1.7920745601333887,1.741243947676306,0.04516296336250115,1.1254932952271122,-2,1.0449717768498843,-0.0009822861072001571,0.00177999288002848
2023-05-16,311.74,172.07,1.811704538850468,1.7969607319193173,1.7432449885811063,0.0455858293703095,1.1783430087858955,-2,1.042732164525468,-0.0009822861072001571,0.00177999288002848
2023-05-17,314.0,172.69,1.818287104059297,1.8007310819775468,1.7451879291803707,0.046264845670670164,1.2005476726876452,-2,1.041615793508813,-0.0009822861072001571,0.00177999288002848
2023-05-18,318.52,175.05,1.8195944015995427,1.8076888112183187,1.7473643894966897,0.046647161682594286,1.2932066935197513,-2,1.0413766435011358,-0.0009822861072001571,0.00177999288002848
2023-05-19,318.34,175.16,1.8174240694222423,1.813092846288373,1.7492333270214204,0.04717616626034078,1.3536394397659426,-2,1.0417492542172349,-0.0009822861072001571,0.00177999288002848
2023-05-22,321.18,174.2,1.8437428243398395,1.8221505876542778,1.7516502844838628,0.048247304331967736,1.4612278166948875,-2,1.037250768507959,-0.0009822861072001571,0.00177999288002848
2023-05-23,315.26,171.56,1.837607833993938,1.8273312466829719,1.7540906746502123,0.04883656415825905,1.499707714806006,-2,1.038366721059309,-0.0009822861072001571,0.00177999288002848
2023-05-24,313.85,171.84,1.8264082867783986,1.828955483226792,1.7563305549787747,0.0490228365536517,1.4814509594632492,-2,1.040250142476869,-0.0009822861072001571,0.00177999288002848
2023-05-25,325.92,172.99,1.8840395398577952,1.8418445108784425,1.7594847065096095,0.051042778911626334,1.6135446800697864,1,1.030440940974996,-0.0009822861072001571,0.00177999288002848
2023-05-26,332.89,175.43,1.8975659807330558,1.8578728931406054,1.7624275996456478,0.05380153332835517,1.774025526604367,1,1.0279375894350804,-0.0009822861072001571,0.00177999288002848
2023-05-30,331.21,177.3,1.8680767061477719,1.8627396695021918,1.7653901043278852,0.05465116846039709,1.7812897311582798,1,1.0329164167808298,-0.0009822861072001571,0.00177999288002848
2023-05-31,328.39,177.25,1.852693935119887,1.865756889727382,1.7684378310434685,0.054329695529299726,1.7912682509223665,1,1.0355974639591328,-0.0009822861072001571,0.00177999288002848
2023-06-01,332.58,180.09,1.846743295019157,1.8698238913755332,1.771276032838203,0.05388910661030255,1.8287157597541215,1,1.036536864949245,-0.0009822861072001571,0.00177999288002848
2023-06-02,335.4,180.95,1.8535507046145343,1.863726124326881,1.7745088773263764,0.05288365253326605,1.6870477496686367,1,1.0352976120037651,-0.0009822861072001571,0.00177999288002848
2023-06-05,335.94,179.58,1.870698296024056,1.858352587385081,1.77776146784791,0.05269476118508348,1.5293952894881775,1,1.0323285872602381,-0.0009822861072001571,0.00177999288002848
2023-06-06,333.68,179.21,1.8619496679872773,1.8571271797529825,1.7808938500809188,0.05200414466302857,1.4659087302758849,-2,1.0338899564969,-0.0009822861072001571,0.00177999288002848
2023-06-07,323.38,177.82,1.8185805871105614,1.8503045101511173,1.7830783188501669,0.050752861612669266,1.324579327447597,-2,1.041533313297822,-0.0009822861072001571,0.00177999288002848
2023-06-08,325.26,180.57,1.8012958963282937,1.8412150304129444,1.7846150884965761,0.0498627254722495,1.1351152866256442,-2,1.044581595836364,-0.0009822861072001571,0.00177999288002848
2023-06-09,326.79,180.96,1.805868700265252,1.831678629543088,1.785795977492979,0.04950588137708984,0.9268121438060571,0,1.0436442735578504,0.0,0.0
2023-06-12,331.85,183.79,1.8055933402252573,1.8186576383833284,1.7863522519100583,0.04953822051963811,0.6521305394985568,0,1.0436442735578504,0.0,0.0
2023-06-13,334.29,183.31,1.8236320986307348,1.8109941245120198,1.7866998836614305,0.049728234004838084,0.48854018922581666,0,1.0436442735578504,0.0,0.0
2023-06-14,337.34,183.95,1.8338678988855668,1.8140515868670206,1.7884386391977063,0.04951928313109692,0.517231794359923,0,1.0436442735578504,0.0,0.0
2023-06-15,348.1,186.01,1.8714047631847752,1.8280733602383172,1.790981054093913,0.0498015970102611,0.7448015399337835,0,1.0436442735578504,0.0,0.0
2023-06-16,342.33,184.92,1.851232965606749,1.8371462133066168,1.7930814256922274,0.049637943481141485,0.8877238766173002,0,1.0436442735578504,0.0,0.0
2023-06-20,338.05,185.01,1.8271985298091997,1.841467251223405,1.7944170936322612,0.0494564391163007,0.9513454351313402,0,1.0436442735578504,0.0,0.0
2023-06-21,333.56,183.96,1.8132202652750598,1.83938488455227,1.795456984168957,0.049179537728876135,0.8932149916797707,0,1.0436442735578504,0.0,0.0
2023-06-22,339.71,187.0,1.8166310160427805,1.8359375079837128,1.7966317332654156,0.04882222337314549,0.8050795724292481,0,1.0436442735578504,0.0,0.0
2023-06-23,335.02,186.68,1.794621812727662,1.8205809178922903,1.7974449406632926,0.048365914840878106,0.47835293315786653,0,1.0436442735578504,0.0,0.0
2023-06-26,328.6,185.27,1.7736276785232363,1.8050598604755876,1.79792555705899,0.04797551886729317,0.14870716534264183,0,1.0436442735578504,0.0,0.0
2023-06-27,334.57,188.06,1.7790598745081356,1.795432129415375,1.7984181005041269,0.047620391858592986,-0.06270362280131174,0,1.0436442735578504,0.0,0.0
2023-06-28,335.85,189.25,1.774636723910172,1.7877154211423971,1.7988565071923002,0.047271275942763986,-0.23568405607228932,0,1.0436442735578504,0.0,0.0
2023-06-29,335.05,189.59,1.767234558784746,1.7778361296907903,1.7995015661312646,0.046553986517657596,-0.4653830544083847,0,1.0436442735578504,0.0,0.0
2023-06-30,340.54,193.97,1.7556323142754036,1.7700382300003388,1.7998643607350433,0.04611657184314788,-0.6467551585609929,0,1.0436442735578504,0.0,0.0
