date,PEP,KO,ratio,ins_ratio,long_mean,long_std,z_score,action,capital,holding1,holding2
2021-01-04,144.27,52.76,2.7344579226686885,,,,,0,0.0,0.0,0.0
2021-01-05,144.7,52.18,2.7730931391337674,,,,,0,0.0,0.0,0.0
2021-01-06,142.93,50.52,2.8291765637371338,,,,,0,0.0,0.0,0.0
2021-01-07,142.47,49.96,2.8516813450760607,,,,,0,0.0,0.0,0.0
2021-01-08,144.18,51.08,2.8226311667971813,2.8022080274825663,,,,0,0.0,0.0,0.0
2021-01-11,142.09,50.2,2.8304780876494022,2.821412060478709,,,,0,0.0,0.0,0.0
2021-01-12,141.43,50.11,2.8223907403711834,2.8312715807261926,,,,0,0.0,0.0,0.0
2021-01-13,142.59,50.16,2.842703349282297,2.8339769378352253,,,,0,0.0,0.0,0.0
2021-01-14,141.76,49.23,2.879544992890514,2.8395496673981158,,,,0,0.0,0.0,0.0
2021-01-15,141.39,48.7,2.903285420944558,2.855680518227591,,,,0,0.0,0.0,0.0
2021-01-19,142.06,48.51,2.928468357039786,2.8752785721056675,,,,0,0.0,0.0,0.0
2021-01-20,141.33,48.68,2.9032456861133937,2.8914495612541096,,,,0,0.0,0.0,0.0
2021-01-21,139.61,48.95,2.852093973442288,2.893327686086108,,,,0,0.0,0.0,0.0
2021-01-22,138.59,48.49,2.8581150752732523,2.889041702562656,,,,0,0.0,0.0,0.0
2021-01-25,140.18,48.78,2.873718737187372,2.8831283658112183,,,,0,0.0,0.0,0.0
2021-01-26,141.8,49.29,2.876851288293772,2.872804952062016,,,,0,0.0,0.0,0.0
2021-01-27,138.04,48.53,2.844426128168143,2.8610410404729656,,,,0,0.0,0.0,0.0
2021-01-28,139.19,49.15,2.831943031536114,2.8570108520917303,,,,0,0.0,0.0,0.0
2021-01-29,136.57,48.15,2.836344755970924,2.852656788231265,,,,0,0.0,0.0,0.0
2021-02-01,136.98,48.48,2.8254950495049505,2.8430120506947807,,,,0,0.0,0.0,0.0
2021-02-02,138.38,48.96,2.826388888888889,2.832919570813804,,,,0,0.0,0.0,0.0
2021-02-03,138.02,48.77,2.830018453967603,2.830038035973696,,,,0,0.0,0.0,0.0
2021-02-04,139.68,49.01,2.850030605998776,2.8336555508662284,,,,0,0.0,0.0,0.0
2021-02-05,140.96,49.65,2.839073514602216,2.8342013025924873,,,,0,0.0,0.0,0.0
2021-02-08,140.4,49.92,2.8125,2.831602292691497,,,,0,0.0,0.0,0.0
2021-02-09,139.6,49.7,2.8088531187122734,2.8280951386561735,,,,0,0.0,0.0,0.0
2021-02-10,137.7,49.6,2.7762096774193545,2.817333383346524,,,,0,0.0,0.0,0.0
2021-02-11,134.97,50.3,2.683300198807157,2.7839873019082,,,,0,0.0,0.0,0.0
2021-02-12,133.87,50.69,2.6409548234365756,2.744363563675072,,,,0,0.0,0.0,0.0
2021-02-16,134.38,50.27,2.6731649094887606,2.7164965455728245,,,,0,0.0,0.0,0.0
2021-02-17,134.46,50.13,2.682226211849192,2.691171164200208,,,,0,0.0,0.0,0.0
2021-02-18,135.37,50.77,2.6663383888122905,2.669196906478795,,,,0,0.0,0.0,0.0
2021-02-19,132.51,50.11,2.6443823588106166,2.6614133384794867,,,,0,0.0,0.0,0.0
2021-02-22,131.99,50.63,2.6069523997629864,2.6546128537447693,,,,0,0.0,0.0,0.0
2021-02-23,132.78,50.54,2.627225959635932,2.6454250637742036,,,,0,0.0,0.0,0.0
2021-02-24,132.09,50.71,2.604811674225991,2.6299421562495633,,,,0,0.0,0.0,0.0
2021-02-25,130.0,50.17,2.59118995415587,2.6149124693182793,,,,0,0.0,0.0,0.0
2021-02-26,129.19,48.99,2.6370687895488873,2.6134497554659335,,,,0,0.0,0.0,0.0
2021-03-01,130.62,49.9,2.6176352705410824,2.6155863296215527,,,,0,0.0,0.0,0.0
2021-03-02,131.07,50.1,2.6161676646706584,2.613374670628498,,,,0,0.0,0.0,0.0
2021-03-03,129.14,49.98,2.5838335334133653,2.6091790424659727,,,,0,0.0,0.0,0.0
2021-03-04,128.83,49.94,2.5796956347617144,2.6068801785871414,,,,0,0.0,0.0,0.0
2021-03-05,133.03,50.79,2.6192163811773974,2.6033096969128438,,,,0,0.0,0.0,0.0
2021-03-08,132.13,51.64,2.5586754453911693,2.5915177318828606,,,,0,0.0,0.0,0.0
2021-03-09,132.25,50.86,2.6002752654345263,2.5883392520356345,,,,0,0.0,0.0,0.0
2021-03-10,133.58,51.44,2.5968118195956458,2.590934909272091,,,,0,0.0,0.0,0.0
2021-03-11,133.22,50.88,2.618317610062893,2.598659304332326,,,,0,0.0,0.0,0.0
2021-03-12,133.04,50.36,2.641779189833201,2.603171866063487,,,,0,0.0,0.0,0.0
2021-03-15,133.03,51.03,2.6068979031941995,2.612816357624093,,,,0,0.0,0.0,0.0
2021-03-16,134.01,51.22,2.6163607965638422,2.6160334638499565,,,,0,0.0,0.0,0.0
2021-03-17,133.62,51.24,2.607728337236534,2.618216767378134,,,,0,0.0,0.0,0.0
2021-03-18,132.53,50.57,2.6207237492584534,2.618697995217246,,,,0,0.0,0.0,0.0
2021-03-19,134.5,50.81,2.647116709309191,2.619765499112444,,,,0,0.0,0.0,0.0
2021-03-22,137.8,51.0,2.7019607843137257,2.638778075336349,,,,0,0.0,0.0,0.0
2021-03-23,139.46,51.39,2.7137575403775056,2.658257424099082,,,,0,0.0,0.0,0.0
2021-03-24,138.81,51.52,2.6942934782608696,2.675570452303949,,,,0,0.0,0.0,0.0
2021-03-25,139.63,52.02,2.6841599384851977,2.688257690149298,,,,0,0.0,0.0,0.0
2021-03-26,142.7,53.04,2.6904223227752637,2.6969188128425126,,,,0,0.0,0.0,0.0
2021-03-29,144.81,53.85,2.6891364902506965,2.6943539540299066,,,,0,0.0,0.0,0.0
2021-03-30,142.54,53.15,2.681843838193791,2.6879712135931637,2.7284607407050845,0.10895377958340985,-0.37162113390406903,0,1.0,0.0,0.0
2021-03-31,141.45,52.71,2.683551508252703,2.6858228195915306,2.727612300464818,0.10910439107528261,-0.38302290550755674,0,1.0,0.0,0.0
2021-04-01,141.28,52.51,2.69053513616454,2.687097859127399,2.726236333748665,0.10904166000055064,-0.3589313902692613,0,1.0,0.0,0.0
2021-04-05,143.16,52.81,2.7108502177617875,2.6911834381247037,2.7242642279824087,0.10821522989330186,-0.30569440078186816,0,1.0,0.0,0.0
2021-04-06,143.67,53.19,2.70107163000564,2.693570466075692,2.7217540660645683,0.10694892991374222,-0.2635239082018604,0,1.0,0.0,0.0
2021-04-07,143.41,53.28,2.691629129129129,2.69552752426276,2.7195706987701005,0.10618912132514467,-0.22641843352033816,0,1.0,0.0,0.0
2021-04-08,142.54,53.12,2.6833584337349397,2.695488909359207,2.7171187045381933,0.10527943305742886,-0.20545128854547762,0,1.0,0.0,0.0
2021-04-09,142.57,53.18,2.6808950733358405,2.693560896793467,2.714760443420937,0.10446295658967775,-0.2029384129987805,0,1.0,0.0,0.0
2021-04-12,143.02,53.35,2.6807872539831306,2.687548304037736,2.7120618418326177,0.1031853599585155,-0.23756798255815686,0,1.0,0.0,0.0
2021-04-13,143.05,53.09,2.6944810698813337,2.6862301920128746,2.7089774431157982,0.1008332705722752,-0.2255927133358119,0,1.0,0.0,0.0
2021-04-14,142.11,53.08,2.677279577995479,2.6833602817861446,2.7052106790666466,0.0976218415166456,-0.22382693197583495,0,1.0,0.0,0.0
2021-04-15,142.31,53.33,2.6684792799549975,2.6803844510301564,2.7008775277819,0.0932147189065058,-0.2198480775584191,0,1.0,0.0,0.0
2021-04-16,144.16,53.68,2.685543964232489,2.681314229209486,2.6972491657505517,0.08936142490775598,-0.17832008114815387,0,1.0,0.0,0.0
2021-04-19,144.75,54.0,2.6805555555555554,2.681267889523971,2.6943901921191067,0.08703727331007019,-0.15076647160564766,0,1.0,0.0,0.0
2021-04-20,145.71,54.17,2.6898652390622115,2.6803447233601467,2.6915860281822557,0.08434157423110751,-0.13328308043321818,0,1.0,0.0,0.0
2021-04-21,146.98,54.61,2.691448452664347,2.68317849829392,2.688548190106872,0.08088185096440334,-0.06638932898945413,0,1.0,0.0,0.0
2021-04-22,146.07,54.44,2.6831373989713447,2.6861101220971895,2.6853196252848317,0.07701159467354372,0.01026464671597471,0,1.0,0.0,0.0
2021-04-23,145.83,54.47,2.6772535340554438,2.6844520360617805,2.6825334153829536,0.07412778268324083,0.025882612556015882,0,1.0,0.0,0.0
2021-04-26,143.36,53.66,2.6716362281028703,2.6826681705712434,2.6798616353257327,0.07149350717676625,0.039255805965310454,0,1.0,0.0,0.0
2021-04-27,142.89,53.58,2.6668533034714446,2.67806578345309,2.6770367777840747,0.06849117634380815,0.015023915837714353,0,1.0,0.0,0.0
2021-04-28,141.83,53.59,2.646575853704049,2.6690912636610307,2.674054791187393,0.0657584057641935,-0.07548126309754484,0,1.0,0.0,0.0
2021-04-29,143.94,54.26,2.6527828971618135,2.663020363299124,2.6711613579919415,0.06268976704047664,-0.1298616198009018,0,1.0,0.0,0.0
2021-04-30,144.16,53.98,2.6706187476843275,2.661693406024901,2.668504696220553,0.059119478705448765,-0.11521228442470235,0,1.0,0.0,0.0
2021-05-03,145.79,54.48,2.6760279001468428,2.6625717404336955,2.6656046511230214,0.05412038996130791,-0.056040074572525835,0,1.0,0.0,0.0
2021-05-04,143.96,54.14,2.6590321388991507,2.6610075075192365,2.6626039615279704,0.049097530574391736,-0.032515973615311514,0,1.0,0.0,0.0
2021-05-05,143.89,54.0,2.6646296296296295,2.664618262704353,2.660139455355131,0.04498480657687799,0.09956266771021288,0,1.0,0.0,0.0
2021-05-06,145.56,54.54,2.668866886688669,2.667835060609724,2.6578063514880705,0.04055298866958603,0.24729889092428065,0,1.0,0.0,0.0
2021-05-07,145.56,54.51,2.6703357182168412,2.6677784547162267,2.6560417855013623,0.037502308259771786,0.31295858200424814,0,1.0,0.0,0.0
2021-05-10,146.72,54.91,2.6720087415771263,2.6669746230022833,2.6558535945475286,0.037391370799146215,0.2974223254475775,0,1.0,0.0,0.0
2021-05-11,145.65,54.32,2.681332842415317,2.6714347637055167,2.6565265615305074,0.03748192957195808,0.3977437219817738,0,1.0,0.0,0.0
2021-05-12,144.23,54.04,2.6689489267209474,2.67229862312378,2.656456295151044,0.03745415093514756,0.4229792313318609,0,1.0,0.0,0.0
2021-05-13,146.37,54.51,2.685195376995047,2.675564321185056,2.656505781236808,0.03749072002697984,0.5083535321416296,0,1.0,0.0,0.0
2021-05-14,146.59,54.73,2.6784213411291797,2.6771814457675234,2.656707163775423,0.03757678455191315,0.5448651936627193,0,1.0,0.0,0.0
2021-05-17,146.17,54.64,2.6751464128843336,2.677808980028965,2.657219898009985,0.03761562982144062,0.547354440606606,0,1.0,0.0,0.0
2021-05-18,145.51,54.34,2.67776959882223,2.6770963313103477,2.658400184660972,0.03711938710265003,0.5036760601050123,0,1.0,0.0,0.0
2021-05-19,145.43,54.17,2.6846963263799153,2.6802458112421412,2.6593580241067056,0.03704273583557547,0.5638834892798382,0,1.0,0.0,0.0
2021-05-20,147.23,54.65,2.694053064958829,2.682017348834898,2.6608453806189187,0.03660448250397045,0.5783982388955429,0,1.0,0.0,0.0
2021-05-21,147.1,54.62,2.69315269132186,2.6849636188734336,2.662544759571686,0.03567081387391606,0.6284930694598241,0,1.0,0.0,0.0
2021-05-24,147.85,54.8,2.697992700729927,2.689532876442552,2.6635601580913697,0.035800217833291285,0.7254905115976672,0,1.0,0.0,0.0
2021-05-25,148.3,54.79,2.7066983026099654,2.6953186172000994,2.665044541959184,0.03571005667252324,0.8477744944104019,0,1.0,0.0,0.0
2021-05-26,148.3,55.03,2.6948936943485373,2.697358090793824,2.6663566424538154,0.035328004690219725,0.8775318224691872,0,1.0,0.0,0.0
2021-05-27,146.51,55.49,2.6402955487475217,2.6866065875515623,2.6672976760427187,0.033812040638109934,0.5710661392935961,0,1.0,0.0,0.0
2021-05-28,147.94,55.29,2.675709893289926,2.6831180279451754,2.6688979136848556,0.03180848239028614,0.4470541563674975,0,1.0,0.0,0.0
2021-06-01,147.63,55.28,2.670586107091172,2.6776367092174245,2.669754075783418,0.031132741520066787,0.25319432369699046,0,1.0,0.0,0.0
2021-06-02,148.22,55.5,2.6706306306306304,2.6704231748215577,2.671619995537409,0.027506244254296607,-0.043510873559720074,0,1.0,0.0,0.0
2021-06-03,147.67,55.64,2.6540258806613943,2.662249612084129,2.672515839124524,0.02597598145044152,-0.3952199865857442,0,1.0,0.0,0.0
2021-06-04,147.84,56.24,2.6287339971550496,2.6599373017656345,2.673047875417181,0.024694442002445416,-0.5309119214051543,0,1.0,0.0,0.0
2021-06-07,147.75,56.04,2.636509635974304,2.6520972503025098,2.673351075849037,0.024115976014448495,-0.8813172452068131,0,1.0,0.0,0.0
2021-06-08,146.37,55.65,2.630188679245283,2.6440177647333325,2.673157900672572,0.02441769542551249,-1.193402384272215,-2,1.0,0.0,0.0
2021-06-09,146.1,55.48,2.633381398702235,2.636567918347653,2.673599292264372,0.0234185571768999,-1.5812833231778678,-1,0.99988,0.002053388090349076,-0.005407354001441961
2021-06-10,147.6,55.91,2.6399570738687177,2.633754156989118,2.6739925635527872,0.022625759327930237,-1.7784334209724102,-1,1.0006349199149036,0.002053388090349076,-0.005407354001441961
2021-06-11,147.69,56.16,2.6298076923076925,2.6339688960196463,2.6743605528039733,0.021689958747284233,-1.8622283820334313,-1,0.9994678863426746,0.002053388090349076,-0.005407354001441961
2021-06-14,148.57,55.55,2.6745274527452745,2.6415724593738403,2.67525728119542,0.020515260202583548,-1.6419397798979753,-1,1.0045733538030612,0.002053388090349076,-0.005407354001441961
2021-06-15,148.58,55.41,2.681465439451363,2.6518278114150564,2.6758297600311227,0.02019341379933951,-1.1886028214234565,-2,1.0053509172441668,0.002053388090349076,-0.005407354001441961
2021-06-16,147.1,54.67,2.6906895920980425,2.6632894500942177,2.6756419068275283,0.019997682298267056,-0.6176944182367111,0,1.0061938101452472,0.0,0.0
2021-06-17,148.52,54.95,2.702820746132848,2.6758621845470443,2.6754596269234505,0.019691874246089924,0.020442829289024675,0,1.0061938101452472,0.0,0.0
2021-06-18,145.42,53.77,2.7044820531895106,2.6907970567234076,2.6756294365055946,0.019899868801468112,0.7621969958261257,0,1.0061938101452472,0.0,0.0
2021-06-21,146.56,54.36,2.6961000735835174,2.6951115808910564,2.6758284387572338,0.02004578797856174,0.9619548083839501,0,1.0061938101452472,0.0,0.0
2021-06-22,146.78,54.56,2.69024926686217,2.6968683463732175,2.675825554492015,0.020043664901598545,1.0498475196282175,-2,1.0061938101452472,0.0,0.0
2021-06-23,144.85,54.12,2.676459719142646,2.6940223717821383,2.6756142749735474,0.01996764521500387,0.921896228142059,0,1.0061938101452472,0.0,0.0
2021-06-24,145.67,54.39,2.678249678249678,2.6891081582055043,2.6755543723078126,0.019954026424850738,0.679250673979857,0,1.0061938101452472,0.0,0.0
2021-06-25,146.41,54.32,2.695324005891016,2.6872765487458055,2.6757505806017843,0.020091401917774043,0.573676649901898,0,1.0061938101452472,0.0,0.0
2021-06-28,147.04,54.26,2.7099152230003685,2.6900395786291753,2.6760735820490478,0.02048504263810318,0.6817655606998885,0,1.0061938101452472,0.0,0.0
2021-06-29,146.94,53.86,2.728184181210546,2.6976265614988506,2.6763624814398606,0.021096900617092993,1.007924360309192,-2,1.0061938101452472,0.0,0.0
2021-06-30,148.17,54.11,2.738310848272038,2.7099967873247293,2.676983135077634,0.022346887394545722,1.4773266479676788,-2,1.0061938101452472,0.0,0.0
2021-07-01,148.2,53.96,2.7464788732394365,2.723642626322681,2.677897297479473,0.02401575404700473,1.904805018975191,1,1.0060738101452473,-0.0020242914979757085,0.0055596738324684945
2021-07-02,148.91,54.18,2.7484311554078995,2.7342640562260576,2.6789818428406886,0.02567834175798804,2.1528731841950717,2,1.0057391593497862,0.0,0.0
2021-07-06,149.13,53.88,2.767817371937639,2.7458444860135116,2.6804305478173855,0.02812364434500006,2.325941026478513,2,1.0057391593497862,0.0,0.0
2021-07-07,149.79,54.32,2.7575478645066274,2.7517172226727284,2.68170989132611,0.02983405317687067,2.34655783884212,2,1.0057391593497862,0.0,0.0
2021-07-08,149.86,54.13,2.7685202290781454,2.7577590988339495,2.6829438773127237,0.03183531283708901,2.3500702475919795,2,1.0057391593497862,0.0,0.0
2021-07-09,149.48,54.46,2.744766801322071,2.757416684450477,2.684068664368167,0.03280910951265474,2.2355992336219566,2,1.0057391593497862,0.0,0.0
2021-07-12,149.51,54.48,2.744309838472834,2.7565924210634636,2.6853325070101306,0.033648218682923725,2.11779157538277,2,1.0057391593497862,0.0,0.0
2021-07-13,152.96,55.02,2.7800799709196657,2.7590449408598685,2.6869081071215835,0.03580267030850644,2.014845069283726,2,1.0057391593497862,0.0,0.0
2021-07-14,154.54,56.26,2.746889441877,2.7569132563339434,2.6880136718936076,0.036618072335311176,1.8815732245385064,1,1.0056191593497863,-0.0019412449851171217,0.005332385353714895
2021-07-15,155.25,56.44,2.7507087172218285,2.7533509539626797,2.689027729862935,0.03750201162186637,1.7151939674147991,1,1.005200704774022,-0.0019412449851171217,0.005332385353714895
2021-07-16,155.82,56.4,2.7627659574468084,2.756950785187627,2.6902163549426423,0.038691379541586086,1.7247880803334406,1,1.0038808997183566,-0.0019412449851171217,0.005332385353714895
2021-07-19,155.8,55.73,2.7956217477121843,2.7672131670354974,2.692091094088323,0.040998895105912266,1.8322950594915282,1,1.0003470264310699,-0.0019412449851171217,0.005332385353714895
2021-07-20,155.82,55.83,2.7909725953788285,2.76939169192733,2.693986411777046,0.04288643239994227,1.7582549055860686,1,1.0008414400667391,-0.0019412449851171217,0.005332385353714895
2021-07-21,155.24,56.55,2.7451812555260835,2.7690500546571464,2.6952121622340997,0.043285953493556815,1.7058164707874026,1,1.0058066796127818,-0.0019412449851171217,0.005332385353714895
2021-07-22,155.19,56.47,2.7481848769258015,2.7685452865979414,2.6965676884583387,0.04365472948376628,1.648792673572029,1,1.0054771510337406,-0.0019412449851171217,0.005332385353714895
2021-07-23,157.18,57.01,2.757060164883354,2.767404128085251,2.698409093644661,0.04384005960616743,1.5737897042202789,1,1.0044935616043635,-0.0019412449851171217,0.005332385353714895
2021-07-26,157.07,57.06,2.7527164388363126,2.758823066310076,2.700074652672569,0.04397537667597012,1.335938838463876,-2,1.0049737178204121,-0.0019412449851171217,0.005332385353714895
2021-07-27,157.94,57.26,2.7582954942368145,2.7522876460816734,2.7015359317817773,0.04443431399067397,1.1421739133982818,-2,1.0043513117541032,-0.0019412449851171217,0.005332385353714895
2021-07-28,156.49,56.74,2.758019034191047,2.754855201814666,2.702902450682514,0.04489492932656709,1.157207549080791,-2,1.0043932765985912,-0.0019412449851171217,0.005332385353714895
2021-07-29,156.81,57.05,2.7486415425065736,2.75494653493082,2.7043959407426374,0.04490127694125268,1.125816405050601,-2,1.0054251176630054,-0.0019412449851171217,0.005332385353714895
2021-07-30,156.95,57.03,2.752060319130282,2.7539465657802062,2.705853118900982,0.04500743572517392,1.0685666957987665,-2,1.0050466956580146,-0.0019412449851171217,0.005332385353714895
2021-08-02,156.32,56.88,2.7482419127988744,2.7530516605727184,2.707176036002819,0.045068367812209464,1.017911825896462,-2,1.0054698221955811,-0.0019412449851171217,0.005332385353714895
2021-08-03,156.67,56.92,2.7524595924104003,2.7518844802074356,2.708544767239378,0.04517748329448981,0.9593210999724621,0,1.0048821510197083,0.0,0.0
2021-08-04,154.05,56.1,2.7459893048128343,2.749478534331793,2.7097777766266393,0.04517297983187413,0.8788607227796972,0,1.0048821510197083,0.0,0.0
2021-08-05,154.31,56.5,2.731150442477876,2.7459803143260535,2.7106080699610158,0.045099062647367454,0.7843232716745275,0,1.0048821510197083,0.0,0.0
2021-08-06,154.33,56.64,2.7247528248587574,2.7405188154717486,2.711538134929979,0.044799797645092065,0.6468931125840542,0,1.0048821510197083,0.0,0.0
2021-08-09,154.35,56.65,2.7246248896734335,2.7357954108466602,2.712195293474619,0.04469590302506978,0.528015226782728,0,1.0048821510197083,0.0,0.0
2021-08-10,154.43,56.8,2.7188380281690145,2.729071097998383,2.7128689049252825,0.04448231833260714,0.3642389533736072,0,1.0048821510197083,0.0,0.0
2021-08-11,155.04,56.73,2.7329455314648334,2.726462343328783,2.713832223568291,0.04427692660955969,0.2852528557789501,0,1.0048821510197083,0.0,0.0
2021-08-12,155.07,56.84,2.728184377199155,2.725869130273039,2.7146724698745732,0.044058789336150005,0.25413000600265867,0,1.0048821510197083,0.0,0.0
2021-08-13,156.52,57.23,2.734929232919798,2.7279044118852473,2.715509684983571,0.043956671592160455,0.2819760107561639,0,1.0048821510197083,0.0,0.0
2021-08-16,158.05,57.48,2.7496520528879613,2.7329098445281526,2.7164363347823905,0.044082538843504424,0.3736969371079992,0,1.0048821510197083,0.0,0.0
2021-08-17,157.9,57.28,2.7566340782122905,2.7404690545368076,2.717494357897231,0.044275621591560156,0.5189017299749483,0,1.0048821510197083,0.0,0.0
2021-08-18,156.28,56.5,2.7660176991150442,2.74708348806685,2.718628107870316,0.04463725472285778,0.6374805165148864,0,1.0048821510197083,0.0,0.0
2021-08-19,158.91,56.86,2.794759057333802,2.760398424093779,2.720095787115713,0.0456740371143437,0.8823970799246268,0,1.0048821510197083,0.0,0.0
2021-08-20,158.35,56.64,2.7957274011299433,2.772558057735808,2.7217763488954034,0.046577160438780796,1.090270603918637,-2,1.0048821510197083,0.0,0.0
2021-08-23,157.85,56.44,2.7967753366406805,2.7819827144863525,2.7243843453602894,0.0463176411891497,1.24355143412519,-2,1.0048821510197083,0.0,0.0
2021-08-24,155.89,56.01,2.7832529905374037,2.787306496951375,2.726176730314414,0.04648266775678926,1.315108826300792,-2,1.0048821510197083,0.0,0.0
2021-08-25,155.2,56.07,2.7679686106652395,2.787696679261414,2.7277997720406484,0.04620805082683363,1.2962439693730354,-2,1.0048821510197083,0.0,0.0
2021-08-26,154.63,55.54,2.784119553474973,2.7855687784896483,2.729691254088054,0.04615096791000926,1.210755200422905,-2,1.0048821510197083,0.0,0.0
2021-08-27,154.94,55.65,2.78418688230009,2.783260674723677,2.731860604115366,0.04558972499624858,1.1274485777780157,-2,1.0048821510197083,0.0,0.0
2021-08-30,156.0,56.18,2.7767888928444284,2.779263385964427,2.7343281857101887,0.04388835508619207,1.0238524584936093,-2,1.0048821510197083,0.0,0.0
2021-08-31,156.39,56.31,2.7773042088438995,2.7780736296257262,2.736674761924682,0.042305018277128334,0.9785805416712504,0,1.0048821510197083,0.0,0.0
2021-09-01,157.91,56.69,2.785500088198977,2.7815799251324735,2.7392632854072434,0.04038705934013326,1.0477771943940328,-2,1.0048821510197083,0.0,0.0
2021-09-02,156.95,56.77,2.764664435441254,2.7776889015257296,2.7414513360195607,0.038041625223346164,0.9525766918057392,0,1.0048821510197083,0.0,0.0
2021-09-03,157.09,56.73,2.7690816146659616,2.7746678479989044,2.7436034116995147,0.035788268836612486,0.8680061179044751,0,1.0048821510197083,0.0,0.0
2021-09-07,154.53,55.67,2.7758218070774205,2.7744744308455025,2.74603698027901,0.03275498018284514,0.8681870789647436,0,1.0048821510197083,0.0,0.0
2021-09-08,156.72,56.42,2.777738390641616,2.7745612672050455,2.7477571625772823,0.031626597941128896,0.8475177974456019,0,1.0048821510197083,0.0,0.0
2021-09-09,155.73,55.86,2.787862513426423,2.7750337522505353,2.7495304471435333,0.030819164867592348,0.8275144773251056,0,1.0048821510197083,0.0,0.0
2021-09-10,155.46,55.61,2.795540370436972,2.781208939249679,2.751277960115849,0.03039593895396413,0.9847032256237083,0,1.0048821510197083,0.0,0.0
2021-09-13,155.76,56.07,2.7779561262707326,2.782983841570633,2.7525302164514804,0.029909583350344018,1.0181895468899012,-2,1.0048821510197083,0.0,0.0
2021-09-14,155.15,55.69,2.7859579816843243,2.7850110764920135,2.7538881485930604,0.02953841454864961,1.0536424643812148,-2,1.0048821510197083,0.0,0.0
2021-09-15,156.02,55.88,2.792054402290623,2.787874278821815,2.7554873874048456,0.02894831909589733,1.1187831428029056,-2,1.0048821510197083,0.0,0.0
2021-09-16,155.56,55.35,2.810478771454381,2.7923975304274067,2.7574912124813826,0.02851387606943931,1.2241870540861353,-2,1.0048821510197083,0.0,0.0
2021-09-17,154.13,54.44,2.8311903012490816,2.7995275165898286,2.7600700555164903,0.02805438225842186,1.4064633720991384,-2,1.0048821510197083,0.0,0.0
2021-09-20,153.61,54.06,2.8414724380318166,2.8122307789420455,2.7627904348461922,0.027899213096076757,1.7721053251787124,1,1.0047621510197084,-0.0019529978517023629,0.005549389567147614
2021-09-21,153.54,54.05,2.8407030527289545,2.8231797931509712,2.765213418960158,0.028251295233492593,2.0518129774840506,2,1.0047234054144052,0.0,0.0
2021-09-22,154.01,54.13,2.845187511546277,2.833806415002102,2.7674679571025895,0.029146908355471502,2.2760032415945544,2,1.0047234054144052,0.0,0.0
2021-09-23,154.13,54.04,2.8521465581051073,2.842139972332247,2.769533996717499,0.030668852684004735,2.367417404323567,2,1.0047234054144052,0.0,0.0
2021-09-24,154.2,53.89,2.861384301354611,2.848178772353353,2.771585220935542,0.03260011312961545,2.3494872889944114,2,1.0047234054144052,0.0,0.0
2021-09-27,152.72,53.61,2.8487222533109495,2.84962873540918,2.773289277270067,0.03391135997286201,2.25114705515215,2,1.0047234054144052,0.0,0.0
2021-09-28,151.05,52.64,2.8694908814589666,2.8553863011551823,2.775306939370918,0.03594756175747549,2.2276715824157782,2,1.0047234054144052,0.0,0.0
2021-09-29,152.3,52.96,2.8757552870090635,2.8614998562477396,2.7771059046221085,0.038196859607036567,2.209447386352259,2,1.0047234054144052,0.0,0.0
2021-09-30,150.41,52.47,2.8665904326281684,2.8643886311523516,2.7789232807574673,0.03981052526801626,2.1468028823911833,2,1.0047234054144052,0.0,0.0
2021-10-01,150.95,53.02,2.8470388532629194,2.8615195415340136,2.7802319244938807,0.04074238043197812,1.9951612099800473,1,1.0046034054144053,-0.001987413050679033,0.005658242172764994
2021-10-04,150.2,52.99,2.834497074919796,2.8586745058557828,2.7817274290538427,0.041064086290264215,1.873829025636526,1,1.0059242179372316,-0.001987413050679033,0.005658242172764994
2021-10-05,151.09,53.08,2.846458176337604,2.8540679648315104,2.783429901351589,0.041600476820921245,1.6980109094421971,1,1.004664662117676,-0.001987413050679033,0.005658242172764994
2021-10-06,154.96,53.71,2.8851238130701917,2.855941670043736,2.7851806320540975,0.043618513174001554,1.622270747912956,1,1.0005380661803902,-0.001987413050679033,0.005658242172764994
2021-10-07,156.39,53.88,2.902561247216035,2.8631358329613095,2.7877751621430815,0.04587381461762847,1.6427818668750565,1,0.9986579666872892,-0.001987413050679033,0.005658242172764994
2021-10-08,156.03,54.12,2.883037694013304,2.8703356011113863,2.789980645089606,0.047222729467693736,1.7016160846177493,1,1.0007314135069973,-0.001987413050679033,0.005658242172764994
2021-10-11,156.24,54.23,2.8810621427254293,2.879648614672513,2.7919522481775827,0.04851893766010754,1.807466748535891,1,1.0009364634053588,-0.001987413050679033,0.005658242172764994
2021-10-12,156.93,54.23,2.8937857274571273,2.8891141248964174,2.7935883145066653,0.050268287149142866,1.9003195813362994,1,0.9995651484003902,-0.001987413050679033,0.005658242172764994
2021-10-13,157.99,54.24,2.9127949852507373,2.894648359332527,2.795618687671197,0.05256846775650039,1.8838226771234803,1,0.9975150729883981,-0.001987413050679033,0.005658242172764994
2021-10-14,159.26,54.61,2.9163156930965024,2.89739924850862,2.7984709282973705,0.05439636395743193,1.8186568552388196,1,0.9970846080179588,-0.001987413050679033,0.005658242172764994
2021-10-15,158.81,54.48,2.9150146842878124,2.9037946465635214,2.801251425086738,0.056021907132903045,1.830412899609361,1,0.9972433724083049,-0.001987413050679033,0.005658242172764994
2021-10-18,158.09,53.94,2.930849091583241,2.913752036335084,2.8041479071984026,0.0581506083468234,1.8848320293225056,1,0.9956188590315007,-0.001987413050679033,0.005658242172764994
2021-10-19,160.1,54.15,2.9566020313942754,2.9263152971225135,2.8075460004077017,0.060982401408894674,1.9475995364375478,1,0.9928123896559164,-0.001987413050679033,0.005658242172764994
2021-10-20,161.31,54.63,2.9527732015376165,2.9343109403798895,2.810787295529382,0.06343918902704351,1.9471189141123915,1,0.993123576107522,-0.001987413050679033,0.005658242172764994
2021-10-21,159.18,54.35,2.928794848206072,2.936806771401803,2.8136335590962984,0.06484695563684609,1.8994447942212664,1,0.9957724580970941,-0.001987413050679033,0.005658242172764994
2021-10-22,159.97,54.45,2.937924701561065,2.941388774856454,2.816788278413874,0.06622121661945611,1.8815796930854296,1,0.9947682260043342,-0.001987413050679033,0.005658242172764994
2021-10-25,159.22,54.23,2.936013276784068,2.9424216118966195,2.8198541610414365,0.06742109457770439,1.8179392017126215,1,0.9950139725143352,-0.001987413050679033,0.005658242172764994
2021-10-26,161.17,54.47,2.958876445749954,2.942876494767755,2.823364736590621,0.0690921846441674,1.7297435128536287,1,0.9924964951869748,-0.001987413050679033,0.005658242172764994
2021-10-27,160.61,55.52,2.8928314121037464,2.930888136880981,2.825704266918844,0.06902710646164231,1.5238052897463823,1,0.9995506007767583,-0.001987413050679033,0.005658242172764994
2021-10-28,161.62,56.04,2.88401142041399,2.9219314513225645,2.828004635512196,0.06862419045081751,1.3687129158585125,-2,1.0004855995254103,-0.001987413050679033,0.005658242172764994
2021-10-29,161.6,56.37,2.866773106262196,2.9077011322627913,2.830265013241935,0.06760593602383491,1.1454041401565054,-2,1.0023925677034362,-0.001987413050679033,0.005658242172764994
2021-11-01,161.26,56.17,2.870927541392202,2.8946839851844173,2.832701258517493,0.06636157944880663,0.934015241676696,0,1.0018089769678349,0.0,0.0
2021-11-02,162.74,56.1,2.900891265597148,2.8830869491538564,2.8356390314495545,0.06539051392413164,0.7256085761820534,0,1.0018089769678349,0.0,0.0
2021-11-03,164.3,56.29,2.9188132883283,2.8882833243987673,2.8389719524522095,0.06442552134841056,0.7654012092488008,0,1.0018089769678349,0.0,0.0
2021-11-04,164.31,56.6,2.9030035335689046,2.89208174702975,2.841806252487277,0.06341478551480575,0.7928039830827024,0,1.0018089769678349,0.0,0.0
2021-11-05,166.0,56.84,2.920478536242083,2.902822833025728,2.845011155137992,0.06242660502998477,0.9260743533941603,0,1.0018089769678349,0.0,0.0
2021-11-08,162.43,56.33,2.8835434049352036,2.905346005734328,2.847488058004916,0.06091483102995427,0.9498170929992571,0,1.0018089769678349,0.0,0.0
2021-11-09,163.51,56.49,2.894494600814303,2.9040666727777587,2.849902100470355,0.05983231608437517,0.9052728667735549,0,1.0018089769678349,0.0,0.0
2021-11-10,164.04,56.72,2.892101551480959,2.8987243254082906,2.852159891691499,0.058800217521069904,0.7919092085009034,0,1.0018089769678349,0.0,0.0
2021-11-11,162.69,56.74,2.8672893902009164,2.891581496734693,2.853847753209598,0.057729345274569015,0.6536319326960662,0,1.0018089769678349,0.0,0.0
2021-11-12,162.65,56.61,2.873167284931991,2.8821192464726746,2.8551545570029004,0.05725460046654123,0.470961097449836,0,1.0018089769678349,0.0,0.0
2021-11-15,163.8,56.62,2.892970681737902,2.8840047018332142,2.8567752783463667,0.05691923141310345,0.4783870549695971,0,1.0018089769678349,0.0,0.0
2021-11-16,163.31,56.22,2.9048381358946993,2.8860734088492936,2.8585763250006,0.05669776465608762,0.4849765068426079,0,1.0018089769678349,0.0,0.0
2021-11-17,163.37,55.91,2.922017528170274,2.8920566041871565,2.8608890672944813,0.056402579793252014,0.5525906262962111,0,1.0018089769678349,0.0,0.0
2021-11-18,163.42,55.41,2.949287132286591,2.9084561526042916,2.863911042654837,0.05619666977921314,0.7926645853653719,0,1.0018089769678349,0.0,0.0
2021-11-19,163.81,55.13,2.971340467984763,2.928090789214846,2.8670313912300003,0.05688467088641777,1.0733893161966899,-2,1.0018089769678349,0.0,0.0
2021-11-22,164.15,55.47,2.9592572561745087,2.9413481041021674,2.8699492307945738,0.05705300113482894,1.2514481602617575,-2,1.0018089769678349,0.0,0.0
2021-11-23,165.25,55.88,2.9572297780959196,2.9518264325424113,2.8729565788820985,0.056814304744137095,1.3882041506184521,-2,1.0018089769678349,0.0,0.0
2021-11-24,163.74,55.43,2.9539960310301283,2.958222133114382,2.8759014425852025,0.05634965473955519,1.4608907704876057,-2,1.0018089769678349,0.0,0.0
2021-11-26,161.14,53.73,2.999069421179974,2.9681785908930585,2.879460931468219,0.05728008500853519,1.548839520954271,1,1.001688976967835,-0.001861735137147822,0.005583472920156337
2021-11-29,164.14,54.58,3.0073286918285085,2.9753762356618076,2.88350533574134,0.057603256802427276,1.594890723550137,1,1.0008497235385243,-0.001861735137147822,0.005583472920156337
2021-11-30,159.78,52.45,3.046329837940896,2.992790752015085,2.8881261394625892,0.05936213159898177,1.7631545521234486,1,0.9970740914165559,-0.001861735137147822,0.005583472920156337
2021-12-01,160.16,52.3,3.0623326959847037,3.013811335592842,2.892901320944377,0.06165450719393448,1.9610896291513946,1,0.9955291111264163,-0.001861735137147822,0.005583472920156337
2021-12-02,160.62,53.07,3.026568682871679,3.0283258659611523,2.8970484924815447,0.06214361966042197,2.11248353727962,2,0.9988529177507284,0.0,0.0
2021-12-03,164.71,53.54,3.0763914830033623,3.0437902783258304,2.9018573086411608,0.06466376999671768,2.194938057151232,2,0.9988529177507284,0.0,0.0
2021-12-06,166.42,54.91,3.030777636131852,3.0484800671864987,2.9057779297360753,0.06523720332548585,2.1874349324639843,2,0.9988529177507284,0.0,0.0
2021-12-07,166.23,55.21,3.010867596449918,3.041387618888303,2.909659787572395,0.06442693464526453,2.0446080826474717,2,0.9988529177507284,0.0,0.0
2021-12-08,166.52,55.0,3.027636363636364,3.034448352418635,2.913687760604929,0.06411613222446558,1.883466572670547,1,0.9987329177507284,-0.0018015853951477297,0.005454545454545454
2021-12-09,166.31,54.86,3.0315348158950055,3.0354415790233,2.917679100831669,0.06386946872153196,1.8437992447544893,1,0.998347614320073,-0.0018015853951477297,0.005454545454545454
2021-12-10,168.97,56.28,3.002309879175551,3.0206252582577386,2.9208762859603548,0.06321021848188638,1.5780513767084687,1,1.0013008517144346,-0.0018015853951477297,0.005454545454545454
2021-12-13,169.81,57.76,2.9399238227146816,3.002454495574304,2.9226885113181145,0.0621450673921175,1.283544899113056,-2,1.0078602472552378,-0.0018015853951477297,0.005454545454545454
2021-12-14,169.39,57.8,2.930622837370242,2.9864055437583685,2.924174351307088,0.06122935410053656,1.0163620597581162,-2,1.0088350949393818,-0.0018015853951477297,0.005454545454545454
2021-12-15,171.57,58.06,2.9550465036169475,2.9718875717544853,2.926080075488555,0.06036059993315569,0.7588972991762511,0,1.0062006628130744,0.0,0.0
2021-12-16,171.82,58.65,2.9295822676896845,2.9514970621134213,2.927486654757612,0.059419603848291716,0.40408225233395695,0,1.0062006628130744,0.0,0.0
2021-12-17,168.3,57.73,2.9152953403776203,2.9340941543538355,2.928539134462154,0.05861634889929977,0.0947691215163309,0,1.0062006628130744,0.0,0.0
2021-12-20,169.42,57.54,2.944386513729579,2.934986692556815,2.9299225046684034,0.05798060022886575,0.08734279859852567,0,1.0062006628130744,0.0,0.0
2021-12-21,168.92,57.77,2.9240090012117013,2.9336639253251064,2.931177283800082,0.05699989156004166,0.04362537290803588,0,1.0062006628130744,0.0,0.0
2021-12-22,169.97,58.18,2.921450670333448,2.9269447586684065,2.932043280281324,0.05643875763130436,-0.09033724034509262,0,1.0062006628130744,0.0,0.0
2021-12-23,169.78,58.22,2.9161800068704915,2.924264306504568,2.9327170256123476,0.05599496613352256,-0.15095498205363275,0,1.0062006628130744,0.0,0.0
2021-12-27,171.47,58.65,2.923614663256607,2.9259281710803657,2.9336674294561553,0.055333605867263595,-0.1398654263442514,0,1.0062006628130744,0.0,0.0
2021-12-28,172.36,58.88,2.927309782608696,2.922512824856189,2.935005278278584,0.054161589280504824,-0.23065152977133418,0,1.0062006628130744,0.0,0.0
2021-12-29,172.97,58.95,2.9341815097540285,2.924547326564654,2.9366666855258217,0.05253059651768344,-0.23071047664741282,0,1.0062006628130744,0.0,0.0
2021-12-30,172.67,58.78,2.937563797209935,2.927769951939952,2.9381851125403604,0.051178193698332715,-0.20350778032144373,0,1.0062006628130744,0.0,0.0
2021-12-31,173.71,59.21,2.933794967066374,2.9312929439791278,2.938996298440297,0.05070645558225289,-0.1519205862983894,0,1.0062006628130744,0.0,0.0
2022-01-03,172.98,59.3,2.9170320404721752,2.9299764194222417,2.939237478327899,0.05056443434736476,-0.18315361429806756,0,1.0062006628130744,0.0,0.0
2022-01-04,173.23,60.29,2.873279150771272,2.919170293054757,2.939074835940532,0.050763569162954006,-0.39210290399164377,0,1.0062006628130744,0.0,0.0
2022-01-05,173.82,60.79,2.8593518670834017,2.9042043645206315,2.938712998013165,0.05125904316805109,-0.6732203989723008,0,1.0062006628130744,0.0,0.0
2022-01-06,173.86,60.47,2.875144699851166,2.891720545048878,2.938402314219732,0.051591379898519876,-0.9048366076402109,0,1.0062006628130744,0.0,0.0
2022-01-07,174.08,60.33,2.8854632852643793,2.882054208688479,2.937946785886626,0.051940793124911164,-1.0760824745924151,-2,1.0062006628130744,0.0,0.0
2022-01-10,174.17,60.43,2.8821777262948864,2.875083345853021,2.9373778197732663,0.05236698628833014,-1.1895753094756099,-2,1.0062006628130744,0.0,0.0
2022-01-11,174.09,60.45,2.879900744416873,2.8764076645821417,2.9367925874420835,0.05281543310536074,-1.1433196569548296,-2,1.0062006628130744,0.0,0.0
2022-01-12,173.9,60.54,2.872481004294681,2.879033492024397,2.9358197859872743,0.053460361126690864,-1.0622130634004638,-2,1.0062006628130744,0.0,0.0
2022-01-13,174.18,60.9,2.8600985221674877,2.8760242564876615,2.9342113941668284,0.05427007089647549,-1.072177292529497,-2,1.0062006628130744,0.0,0.0
2022-01-14,175.64,61.39,2.861052288646359,2.871142057164058,2.932682712285307,0.05502490915776414,-1.1184144792461808,-2,1.0062006628130744,0.0,0.0
2022-01-18,173.96,60.9,2.8564860426929393,2.8660037204436684,2.931477565526755,0.05589644955352294,-1.1713417507921118,-2,1.0062006628130744,0.0,0.0
2022-01-19,175.21,61.0,2.8722950819672133,2.864482587953736,2.9303837385335236,0.05640795481773313,-1.1682953369383635,-2,1.0062006628130744,0.0,0.0
2022-01-20,173.94,60.75,2.86320987654321,2.8626283624034423,2.9291703485295097,0.057064026150844986,-1.166093432492269,-2,1.0062006628130744,0.0,0.0
2022-01-21,174.22,60.45,2.882051282051282,2.8670189143802007,2.927889929134532,0.057247791391962545,-1.0632901859490314,-2,1.0062006628130744,0.0,0.0
2022-01-24,173.33,59.96,2.89076050700467,2.872960558051863,2.9278554140495467,0.05726990667600724,-0.9585288187780756,0,1.0062006628130744,0.0,0.0
2022-01-25,171.34,59.82,2.8642594450016716,2.8745152385136095,2.927526214459342,0.05758212110543356,-0.9206152001359752,0,1.0062006628130744,0.0,0.0
2022-01-26,169.53,59.6,2.844463087248322,2.868948839569831,2.9271543808091107,0.05805120284009094,-1.002658659797522,-2,1.0062006628130744,0.0,0.0
2022-01-27,169.37,59.65,2.8393964794635376,2.864186160153897,2.9266288631102997,0.058707838613630395,-1.0636178137531573,-2,1.0062006628130744,0.0,0.0
2022-01-28,172.67,60.84,2.83809993425378,2.8553958905943966,2.9255823409212436,0.05972525278072421,-1.1751553498572895,-2,1.0062006628130744,0.0,0.0
2022-01-31,173.52,61.01,2.844123914112441,2.8460685720159504,2.9243375180176456,0.06064007786222175,-1.2907131514495644,-2,1.0062006628130744,0.0,0.0
2022-02-01,172.34,60.56,2.845772787318362,2.8423712404792885,2.923383672246803,0.06142635279680855,-1.3188546621918849,-2,1.0062006628130744,0.0,0.0
2022-02-02,175.47,61.18,2.8680941484145146,2.847097452712527,2.922510599116344,0.06183923504774007,-1.219503222276247,-2,1.0062006628130744,0.0,0.0
2022-02-03,175.37,61.61,2.846453497808797,2.848508856381579,2.9218924339975705,0.062418038629680456,-1.1756790060541407,-2,1.0062006628130744,0.0,0.0
2022-02-04,172.49,60.96,2.8295603674540684,2.8468009430216363,2.9208101967749,0.06345543962216457,-1.1663185093971449,-2,1.0062006628130744,0.0,0.0
2022-02-07,171.81,61.6,2.7891233766233765,2.835800835523824,2.919093893860607,0.06560145032324503,-1.269683184233953,-2,1.0062006628130744,0.0,0.0
2022-02-08,172.02,62.0,2.7745161290322584,2.8215495038666027,2.917547672841129,0.06789636198825232,-1.4138926764755988,-2,1.0062006628130744,0.0,0.0
2022-02-09,171.94,61.04,2.8168414154652686,2.8112989572767537,2.916608908350017,0.06890232549034249,-1.5283947286804398,-1,1.0060806628130745,0.0017447946958241247,-0.0049148099606815205
2022-02-10,168.37,61.38,2.7430759204952753,2.7906234418140494,2.914110662329307,0.07240244812162572,-1.7055669209943938,-1,0.9981807103623507,0.0017447946958241247,-0.0049148099606815205
2022-02-11,168.58,60.29,2.796151932327086,2.7839417547886525,2.91229922560318,0.07398077615654544,-1.7350111405011426,-1,1.0039042601056167,0.0017447946958241247,-0.0049148099606815205
2022-02-14,166.7,60.68,2.747198417930125,2.7755567630500027,2.909385573765844,0.07697354029976848,-1.7386339538840716,-1,0.9987072701928016,0.0017447946958241247,-0.0049148099606815205
2022-02-15,165.96,60.91,2.7246757511081925,2.76558868746519,2.905642050746204,0.08038628928634481,-1.7422543635784538,-1,0.996285715826935,0.0017447946958241247,-0.0049148099606815205
2022-02-16,166.3,60.9,2.730706075533662,2.7483616194788683,2.901631477538686,0.08301282383649074,-1.8463395289589397,-1,0.996928094123122,0.0017447946958241247,-0.0049148099606815205
2022-02-17,166.75,62.12,2.6843206696716035,2.7366105693141334,2.8970492010969706,0.08725765740438375,-1.8386768170878827,-1,0.9917171835842113,0.0017447946958241247,-0.0049148099606815205
2022-02-18,167.71,62.54,2.6816437480012794,2.7137089324489727,2.8924561005953935,0.09120028627749502,-1.959940866880033,-1,0.9913279663087162,0.0017447946958241247,-0.0049148099606815205
2022-02-22,168.35,62.28,2.7031149646756583,2.704892241798079,2.888274749489485,0.09403803068556499,-1.9500887710481982,-1,0.9937224855038208,0.0017447946958241247,-0.0049148099606815205
2022-02-23,166.69,61.59,2.7064458515992853,2.7012462618962974,2.883397689996474,0.09576676009203479,-1.9020318524415332,-1,0.994217345181623,0.0017447946958241247,-0.0049148099606815205
2022-02-24,163.79,60.51,2.7068253181292348,2.6964701104154125,2.8783893004348196,0.09702515306454011,-1.8749693690088416,-1,0.9944654353212691,0.0017447946958241247,-0.0049148099606815205
2022-02-25,168.38,62.85,2.679077167859984,2.6954214100530884,2.872268422600137,0.09783177645969478,-1.807664328981157,-1,0.990973387667107,0.0017447946958241247,-0.0049148099606815205
2022-02-28,163.74,62.24,2.6307840616966582,2.6852494727921643,2.865075945362003,0.09947137374129261,-1.807821344033464,-1,0.9858755743544988,0.0017447946958241247,-0.0049148099606815205
2022-03-01,162.27,61.97,2.6185250927868324,2.668331498414399,2.8582752188605896,0.1021556740939,-1.859355558376495,-1,0.9846377248410213,0.0017447946958241247,-0.0049148099606815205
2022-03-02,164.52,62.43,2.635271504084575,2.654096628911457,2.8509232192119427,0.10206544605412707,-1.9284351159951332,-1,0.9863027003247121,0.0017447946958241247,-0.0049148099606815205
2022-03-03,163.27,62.47,2.6135745157675685,2.6354464684391234,2.8439698338725377,0.10380145512646152,-2.0088674593180778,2,0.9838067343948584,0.0,0.0
2022-03-04,165.75,62.57,2.649033082947099,2.6294376514565463,2.837939258647491,0.10444958126431966,-1.9961938063046074,-1,0.9836867343948584,0.0018099547511312216,-0.00479463001438389
2022-03-07,162.45,61.08,2.6596267190569742,2.63520618292861,2.831805764571168,0.10392519895645724,-1.8917412101845412,-1,0.9848578824375573,0.0018099547511312216,-0.00479463001438389
2022-03-08,157.87,58.66,2.6912717354244804,2.6497555114561395,2.826134713229992,0.10210951595927767,-1.7273532257678552,-1,0.9881712943121854,0.0018099547511312216,-0.00479463001438389
2022-03-09,157.4,58.96,2.669606512890095,2.656622513217244,2.8205896571252347,0.10141151033609683,-1.6168494420857442,-1,0.9858822265748386,0.0018099547511312216,-0.00479463001438389
2022-03-10,154.51,57.88,2.669488597097443,2.6678053294832185,2.8160824033649474,0.10202569785683388,-1.4533306509679225,-2,0.985829657759604,0.0018099547511312216,-0.00479463001438389
2022-03-11,153.73,57.92,2.65417817679558,2.6688343482529144,2.8114749923553704,0.10300280658949786,-1.384822888088173,-2,0.9842261078531462,0.0018099547511312216,-0.00479463001438389
2022-03-14,155.89,58.54,2.6629654936795353,2.6695021031774266,2.80660697552308,0.10300448804042582,-1.3310572670565994,-2,0.9851629395066717,0.0018099547511312216,-0.00479463001438389
2022-03-15,159.0,59.62,2.6668903052666892,2.6646258171458688,2.8022287761493634,0.10327134379550662,-1.3324408683590867,-2,0.9856136983671552,0.0018099547511312216,-0.00479463001438389
2022-03-16,159.7,59.46,2.6858392196434577,2.667872358496541,2.79840450747046,0.1032619046013505,-1.264088140518492,-2,0.9876478074952485,0.0018099547511312216,-0.00479463001438389
2022-03-17,160.94,60.09,2.6783158595440173,2.6696378109858556,2.793969996567368,0.10259752529182481,-1.2118439039135316,-2,0.9868715344775894,0.0018099547511312216,-0.00479463001438389
2022-03-18,162.79,60.1,2.7086522462562392,2.680532624877988,2.79038071731811,0.10173452323238376,-1.0797523687136692,-2,0.9901720044670382,0.0018099547511312216,-0.00479463001438389
2022-03-21,162.56,60.58,2.6833938593595246,2.6846182980139854,2.7864131038018782,0.10117673893531111,-1.0061087840850145,-2,0.9874542924673738,0.0018099547511312216,-0.00479463001438389
2022-03-22,164.34,60.8,2.7029605263157896,2.6918323422238055,2.782859445792633,0.10028217747560826,-0.9077096834177527,0,0.9895034010274878,0.0,0.0
2022-03-23,163.48,60.4,2.7066225165562914,2.6959890016063723,2.7792429100142946,0.09902487877001984,-0.8407372919009084,0,0.9895034010274878,0.0,0.0
2022-03-24,164.47,60.98,2.697113807805838,2.6997485912587367,2.775406310434247,0.09764063227555453,-0.7748589640631827,0,0.9895034010274878,0.0,0.0
2022-03-25,165.24,61.53,2.6855192588980987,2.695121993787109,2.771261939586648,0.09605149225766335,-0.7926992492244633,0,0.9895034010274878,0.0,0.0
2022-03-28,165.73,61.92,2.676518087855297,2.693746839486263,2.766911177764071,0.09428695855110432,-0.7759751656232722,0,0.9895034010274878,0.0,0.0
2022-03-29,168.19,62.16,2.705759330759331,2.694306600374971,2.76311058382562,0.09201459731462089,-0.7477507423674404,0,0.9895034010274878,0.0,0.0
2022-03-30,167.96,62.21,2.699887477897444,2.692959592643202,2.7594915077827076,0.09010859405598988,-0.7383526048377265,0,0.9895034010274878,0.0,0.0
2022-03-31,167.38,62.0,2.6996774193548387,2.693472314953002,2.756598145592434,0.08917529579560647,-0.7078847350741492,0,0.9895034010274878,0.0,0.0
2022-04-01,169.76,62.87,2.7001749642118655,2.696403456015755,2.7539451972112414,0.08843121711288107,-0.650694891172144,0,0.9895034010274878,0.0,0.0
2022-04-04,169.32,62.54,2.7073872721458265,2.702577292873861,2.7511492400828192,0.08717739636815151,-0.5571621685492671,0,0.9895034010274878,0.0,0.0
2022-04-05,169.5,62.47,2.7133023851448694,2.704085903750969,2.748279891747494,0.08549875010660918,-0.5168963048163806,0,0.9895034010274878,0.0,0.0
2022-04-06,172.39,63.1,2.732012678288431,2.710510943829166,2.7457771409473866,0.08369155500406895,-0.421382983223407,0,0.9895034010274878,0.0,0.0
2022-04-07,172.55,63.44,2.719892812105927,2.714554022379384,2.743110342075538,0.08187489990776704,-0.34877990358856037,0,0.9895034010274878,0.0,0.0
2022-04-08,173.13,63.83,2.712360958796804,2.7169912212963716,2.7404416746505733,0.0801786040227314,-0.2924776957647364,0,0.9895034010274878,0.0,0.0
2022-04-11,172.6,63.81,2.7049051872747216,2.7164948043221506,2.7378551190690263,0.07874347631087358,-0.2712645637150528,0,0.9895034010274878,0.0,0.0
2022-04-12,173.3,64.56,2.6843246592317227,2.7106992591395214,2.734909658578782,0.07735007279458156,-0.31299775894919135,0,0.9895034010274878,0.0,0.0
2022-04-13,173.0,64.73,2.6726401977444767,2.6988247630307307,2.731845561162975,0.07608339970373335,-0.4340079210554,0,0.9895034010274878,0.0,0.0
2022-04-14,171.9,65.02,2.643801907105506,2.683606582030646,2.7280373415819463,0.0746389960172381,-0.5952754179737205,0,0.9895034010274878,0.0,0.0
2022-04-18,170.42,64.44,2.6446306641837367,2.6700605231080328,2.724394354709289,0.07325097121895716,-0.7417489583700508,0,0.9895034010274878,0.0,0.0
2022-04-19,172.9,65.07,2.657138466267097,2.660507178906508,2.7206458077795523,0.07075873711792245,-0.8499109978859708,0,0.9895034010274878,0.0,0.0
2022-04-20,175.47,65.96,2.660248635536689,2.655691974167501,2.716803943255086,0.06755090308820505,-0.9046802676758864,0,0.9895034010274878,0.0,0.0
2022-04-21,174.84,66.21,2.6406887177163574,2.6493016781618772,2.713077764466997,0.0654115632803167,-0.974997127523337,0,0.9895034010274878,0.0,0.0
2022-04-22,172.15,65.25,2.6383141762452107,2.6482041319898184,2.7096419492836126,0.06378736997863682,-0.9631658636242636,0,0.9895034010274878,0.0,0.0
2022-04-25,173.74,65.94,2.634819532908705,2.6462419057348123,2.7062323335076983,0.06218146116773301,-0.9647638805248279,0,0.9895034010274878,0.0,0.0
2022-04-26,173.3,65.05,2.664104534973098,2.647635119476012,2.703332410186354,0.05994441304043381,-0.9291489879594429,0,0.9895034010274878,0.0,0.0
2022-04-27,174.85,65.56,2.6670225747406953,2.648989907316813,2.7003807211968245,0.05719132847773341,-0.8985770264109126,0,0.9895034010274878,0.0,0.0
2022-04-28,177.5,66.19,2.6816739688774742,2.6571869575490363,2.6976457408894765,0.05395263424620547,-0.7498944936740631,0,0.9895034010274878,0.0,0.0
2022-04-29,171.71,64.61,2.657638136511376,2.6610517496022696,2.6941381406910905,0.04932632106099585,-0.6707654326765405,0,0.9895034010274878,0.0,0.0
2022-05-02,167.76,63.44,2.644388398486759,2.6629655227178803,2.6907703890357237,0.045500351046904794,-0.6110912482670803,0,0.9895034010274878,0.0,0.0
2022-05-03,167.99,63.08,2.663126188966392,2.662769853516539,2.6879964860609293,0.04182013670417478,-0.6032173620769602,0,0.9895034010274878,0.0,0.0
2022-05-04,173.86,65.03,2.6735352914039674,2.6640723968491935,2.6860700179739387,0.03969081941454034,-0.5542244138372872,0,0.9895034010274878,0.0,0.0
2022-05-05,170.39,64.51,2.641295923112695,2.655996787696238,2.683849681208613,0.03836323250600464,-0.7260309336032987,0,0.9895034010274878,0.0,0.0
2022-05-06,170.41,64.74,2.6322211924621564,2.650913398886394,2.680772677491894,0.034749257094257094,-0.8592781861352193,0,0.9895034010274878,0.0,0.0
2022-05-09,171.7,64.61,2.6574833617087137,2.653532391530785,2.6793461348454515,0.03389458682673428,-0.7615889654186915,0,0.9895034010274878,0.0,0.0
2022-05-10,171.49,64.01,2.679112638650211,2.6567296814675485,2.6773954799508366,0.03022791808605727,-0.6836659549114056,0,0.9895034010274878,0.0,0.0
2022-05-11,170.66,64.31,2.653708598973721,2.6527643429814995,2.675837316301563,0.02895140306299222,-0.7969552725946185,0,0.9895034010274878,0.0,0.0
2022-05-12,170.4,64.51,2.6414509378390947,2.652795345926779,2.674450236080412,0.0285629342118513,-0.7581465543077099,0,0.9895034010274878,0.0,0.0
2022-05-13,173.72,65.72,2.6433353621424223,2.6550181798628327,2.672994057523891,0.027864934523799,-0.6451074789250064,0,0.9895034010274878,0.0,0.0
2022-05-16,175.47,65.96,2.660248635536689,2.655571234628428,2.672592856954976,0.027872383485930016,-0.6106984835057527,0,0.9895034010274878,0.0,0.0
2022-05-17,174.46,65.78,2.6521739130434785,2.6501834895070813,2.6721016930390125,0.02796967365940584,-0.7836417327865527,0,0.9895034010274878,0.0,0.0
2022-05-18,163.65,61.2,2.674019607843137,2.6542456912809644,2.6716167704251377,0.027673521094196858,-0.62771481392066,0,0.9895034010274878,0.0,0.0
2022-05-19,161.2,60.0,2.6866666666666665,2.663288837046479,2.671287117342927,0.027367714688028726,-0.2922523998668634,0,0.9895034010274878,0.0,0.0
2022-05-20,162.21,60.98,2.660052476221712,2.666632259862337,2.670507569977801,0.027001979973792774,-0.14351947965391862,0,0.9895034010274878,0.0,0.0
2022-05-23,165.6,62.86,2.634425707922367,2.6614676743394723,2.6697633789788413,0.027374534118704292,-0.3030445962439515,0,0.9895034010274878,0.0,0.0
2022-05-24,167.82,64.02,2.6213683223992503,2.6553065562106264,2.6696064499905514,0.02762759572830261,-0.517594579005503,0,0.9895034010274878,0.0,0.0
2022-05-25,168.97,64.07,2.637271734040893,2.6479569814501778,2.669918894011452,0.027141852797523732,-0.809153034802322,0,0.9895034010274878,0.0,0.0
2022-05-26,170.11,64.3,2.645567651632971,2.639737178443439,2.6700904964705923,0.02695096135389705,-1.1262424975710312,-2,0.9895034010274878,0.0,0.0
2022-05-27,171.77,64.68,2.6556895485466914,2.6388645929084342,2.6707924136835777,0.025985222239685617,-1.2286914647349856,-2,0.9895034010274878,0.0,0.0
2022-05-31,167.75,63.38,2.6467339854843797,2.641326248420837,2.670754095392532,0.02601952529945705,-1.1309909244312448,-2,0.9895034010274878,0.0,0.0
2022-06-01,166.49,63.07,2.6397653400983034,2.6450056519606475,2.6704230724098874,0.02628843787527394,-0.9668669005679755,0,0.9895034010274878,0.0,0.0
2022-06-02,166.68,63.73,2.615408755688059,2.6406330562900804,2.6691586894142807,0.027081116199708474,-1.0533403761440006,-2,0.9895034010274878,0.0,0.0
2022-06-03,164.85,62.97,2.61791329204383,2.635102184372253,2.6682971357335092,0.027877205968440174,-1.190756039139519,-2,0.9895034010274878,0.0,0.0
2022-06-06,165.54,62.87,2.633052330205185,2.6305747407039517,2.6676898646186387,0.028245242043582624,-1.3140310094499472,-2,0.9895034010274878,0.0,0.0
2022-06-07,166.56,63.25,2.6333596837944664,2.6278998803659688,2.6673428897352864,0.02854036698223114,-1.382007785459604,-2,0.9895034010274878,0.0,0.0
2022-06-08,165.73,62.89,2.635236126570202,2.6269940376603484,2.666880733616798,0.028835438310036633,-1.3832526326664591,-2,0.9895034010274878,0.0,0.0
2022-06-09,162.78,61.8,2.633980582524272,2.630708403027591,2.6663322382377572,0.029146571932285145,-1.2222307066823939,-2,0.9895034010274878,0.0,0.0
2022-06-10,162.52,61.41,2.6464745155512133,2.636420647729068,2.6656761598362197,0.02914307696474902,-1.0038580395110237,-2,0.9895034010274878,0.0,0.0
2022-06-13,159.74,61.34,2.6041734594065864,2.6306448735693477,2.664440453167263,0.0301524429278605,-1.1208239305442396,-2,0.9895034010274878,0.0,0.0
2022-06-14,156.12,59.23,2.635826439304407,2.631138224671336,2.6632266897180656,0.02980635380310594,-1.0765645895066078,-2,0.9895034010274878,0.0,0.0
2022-06-15,157.79,59.67,2.644377409083291,2.632966481173954,2.662576415546795,0.029784512570408195,-0.9941386249932794,0,0.9895034010274878,0.0,0.0
2022-06-16,157.03,59.07,2.658371423734552,2.63784464941601,2.6618332638371083,0.02931233998259911,-0.8183793731697521,0,0.9895034010274878,0.0,0.0
2022-06-17,157.06,59.43,2.642773010264176,2.6371043483586023,2.6607691053989058,0.028813501236340393,-0.8213079294388844,0,0.9895034010274878,0.0,0.0
2022-06-21,160.71,60.7,2.647611202635914,2.645791897004468,2.6599440619794072,0.028461750892973498,-0.4972345175866544,0,0.9895034010274878,0.0,0.0
2022-06-22,162.03,61.15,2.6497138184791496,2.648569372839417,2.659347304639091,0.02829128289863293,-0.380962992674862,0,0.9895034010274878,0.0,0.0
2022-06-23,164.1,61.88,2.651906916612799,2.650075274345318,2.6589371184517163,0.028216425379375874,-0.31406685954187075,0,0.9895034010274878,0.0,0.0
2022-06-24,166.13,63.04,2.6353109137055837,2.6454631723395243,2.6577629781674874,0.02769598718749611,-0.4441006469527856,0,0.9895034010274878,0.0,0.0
2022-06-27,166.35,62.91,2.644253695755842,2.6457593094378575,2.6568357484651273,0.027188431179340056,-0.40739529817691356,0,0.9895034010274878,0.0,0.0
2022-06-28,164.01,62.28,2.633429672447013,2.6429230034000772,2.655731619349997,0.02676093984231602,-0.478631020636499,0,0.9895034010274878,0.0,0.0
2022-06-29,166.73,62.73,2.6578989319304958,2.6445600260903466,2.655027018811974,0.0261198102621197,-0.4007300442303359,0,0.9895034010274878,0.0,0.0
2022-06-30,166.66,62.91,2.649181370211413,2.6440149168100695,2.6540569204464,0.02520711993433782,-0.39837965076887616,0,0.9895034010274878,0.0,0.0
2022-07-01,169.39,64.38,2.6310966138552345,2.6431720568399997,2.6526868242582395,0.024144008487630323,-0.3940839990639731,0,0.9895034010274878,0.0,0.0
2022-07-05,169.01,63.28,2.67082806573957,2.648486930836745,2.6516670807157587,0.02192714304178294,-0.14503256867316083,0,0.9895034010274878,0.0,0.0
2022-07-06,170.7,63.41,2.6920044157073018,2.660201879488803,2.651202274109115,0.020718682298962624,0.43437151310238103,0,0.9895034010274878,0.0,0.0
2022-07-07,170.36,62.91,2.7079955491972663,2.6702212029421575,2.651129517282456,0.020506856127281436,0.9309903742047849,0,0.9895034010274878,0.0,0.0
2022-07-08,171.88,63.14,2.722204624643649,2.6848258538286043,2.651417841238605,0.021378826094812894,1.5626682420184472,1,0.9893834010274878,-0.0017454037700721434,0.004751346214760849
2022-07-11,170.47,62.94,2.7084524944391486,2.700297029945387,2.6518199718253954,0.022218708165885767,2.181812630962157,2,0.9907748333580491,0.0,0.0
2022-07-12,169.5,62.67,2.7046433700335086,2.7070600908041746,2.6523533580302128,0.02309389386660875,2.3688830082077166,2,0.9907748333580491,0.0,0.0
2022-07-13,170.1,62.38,2.7268355242064763,2.71402631250401,2.6537372516485624,0.02498335180386512,2.413169430937613,2,0.9907748333580491,0.0,0.0
2022-07-14,170.98,62.18,2.749758764876166,2.7223789556397895,2.6554893866601024,0.027855227004034207,2.4013291641816332,2,0.9907748333580491,0.0,0.0
2022-07-15,171.12,62.5,2.73792,2.7255220307110597,2.656835745555651,0.029819295377218526,2.303417444527676,2,0.9907748333580491,0.0,0.0
2022-07-18,168.26,61.65,2.7292781832927817,2.7296871684817865,2.6579862380182524,0.03125051137851956,2.2943922291402457,2,0.9907748333580491,0.0,0.0
2022-07-19,170.06,62.53,2.719654565808412,2.732689407636767,2.659302335486453,0.03215927652097821,2.2819876592199457,2,0.9907748333580491,0.0,0.0
2022-07-20,168.26,61.5,2.7359349593495934,2.734509294665391,2.660929348538193,0.03352008020458671,2.1951005390831284,2,0.9907748333580491,0.0,0.0
2022-07-21,168.51,61.36,2.746251629726206,2.7338078676353987,2.6627865501518184,0.035098739212301285,2.023472041374324,2,0.9907748333580491,0.0,0.0
2022-07-22,169.61,61.59,2.7538561454781623,2.736995096731031,2.6642824103269023,0.03701604013571564,1.964356158506823,1,0.990654833358049,-0.0017687636342196803,0.004870920603994154
2022-07-25,169.85,62.19,2.731146486573404,2.7373687573871557,2.6653511421907807,0.03800887749466818,1.8947577498566608,1,0.9931528824482329,-0.0017687636342196803,0.004870920603994154
2022-07-26,171.83,63.21,2.7183989875019776,2.737117641725869,2.6659632258345227,0.03856778575262826,1.84491835615679,1,0.9946190694685519,-0.0017687636342196803,0.004870920603994154
2022-07-27,171.59,63.01,2.7232185367402,2.7345743572039902,2.6670562325050033,0.03925107263427826,1.7201599897176514,1,0.9940693886199659,-0.0017687636342196803,0.004870920603994154
2022-07-28,174.84,64.06,2.7293162660006245,2.7311872844588736,2.668471696963567,0.03994496726267009,1.5700497908259972,1,0.9934353734429457,-0.0017687636342196803,0.004870920603994154
2022-07-29,174.96,64.17,2.726507713884993,2.72571759814024,2.6695280557122105,0.04063334927883602,1.3828429953544559,-2,0.9937589230732787,-0.0017687636342196803,0.004870920603994154
2022-08-01,176.95,64.52,2.7425604463732176,2.7280003901002026,2.670678474961698,0.04171154772923649,1.3742457007493483,-2,0.9919439056525795,-0.0017687636342196803,0.004870920603994154
2022-08-02,175.49,63.64,2.7575424261470776,2.7358290778292225,2.6726159166789376,0.043003375993221474,1.4699581065507277,-2,0.9902398904270253,-0.0017687636342196803,0.004870920603994154
2022-08-03,176.83,63.92,2.7664267834793494,2.7444707271770525,2.6748526765292246,0.04433628994701309,1.5702272502058559,1,0.9892336049262893,-0.0017687636342196803,0.004870920603994154
2022-08-04,175.87,63.67,2.7622114025443696,2.751049754485801,2.676598143876485,0.045681978107995735,1.6297807952472296,1,0.9897138878641416,-0.0017687636342196803,0.004870920603994154
2022-08-05,174.55,63.38,2.754023351214894,2.756552881951782,2.6778466557525635,0.04676275452603142,1.6830964513736035,1,0.9906360888861532,-0.0017687636342196803,0.004870920603994154
2022-08-08,173.85,62.97,2.7608384945212006,2.7602084915813783,2.679632154011688,0.047857889333499326,1.6836584039089404,1,0.9898771459824693,-0.0017687636342196803,0.004870920603994154
2022-08-09,174.5,63.05,2.767644726407613,2.7622289516334853,2.6817353838211635,0.04891280200683521,1.645654399457086,1,0.9891171232685461,-0.0017687636342196803,0.004870920603994154
2022-08-10,175.94,63.65,2.764179104477612,2.761779415833138,2.6837494461934166,0.049785010402496194,1.5673386227877322,1,0.9894926559976662,-0.0017687636342196803,0.004870920603994154
2022-08-11,175.04,63.22,2.768744068332806,2.763085948990825,2.685557703406685,0.050875370889908,1.523885609638254,1,0.9889900474087465,-0.0017687636342196803,0.004870920603994154
2022-08-12,177.33,63.7,2.783830455259027,2.769047369799652,2.6877519791102773,0.052232216821916574,1.5564223698670028,1,0.9872776205763006,-0.0017687636342196803,0.004870920603994154
2022-08-15,179.28,64.5,2.77953488372093,2.7727866476395975,2.689510567041574,0.0535223744819839,1.5559115492167663,1,0.9877252679727676,-0.0017687636342196803,0.004870920603994154
2022-08-16,180.32,65.03,2.772874058127018,2.7738325139834785,2.6909473568992466,0.05459116952434289,1.518288723367108,1,0.988467341713296,-0.0017687636342196803,0.004870920603994154
2022-08-17,180.22,64.88,2.777743526510481,2.7765453983900525,2.69290887440406,0.055567912330265215,1.5051226594388318,1,0.9879135799861188,-0.0017687636342196803,0.004870920603994154
2022-08-18,180.4,65.22,2.7660226924256364,2.7760011232086184,2.695102157479114,0.0558169678577307,1.4493615263319914,-2,0.9892513155373174,-0.0017687636342196803,0.004870920603994154
2022-08-19,180.17,65.17,2.7646156206843635,2.7721581562936857,2.6974896124505325,0.05567306910730748,1.3411968307195834,-2,0.9894145851429882,-0.0017687636342196803,0.004870920603994154
2022-08-22,178.45,64.2,2.779595015576324,2.7721701826647647,2.6998616671427897,0.056094268800016465,1.2890535355717785,-2,0.9877320656079717,-0.0017687636342196803,0.004870920603994154
2022-08-23,178.37,64.27,2.7753228566983044,2.7726599423790215,2.702024253893879,0.056465588239974565,1.2509510781140898,-2,0.9882145311409888,-0.0017687636342196803,0.004870920603994154
2022-08-24,179.26,64.36,2.7852703542573027,2.774165307928386,2.7041839339890554,0.05713744236505677,1.2247901033478632,-2,0.9870787143608928,-0.0017687636342196803,0.004870920603994154
2022-08-25,179.27,64.67,2.7720736044533787,2.7753754903339347,2.7062729276385387,0.05729247428700492,1.2061368191087165,-2,0.9885710121117888,-0.0017687636342196803,0.004870920603994154
2022-08-26,175.04,63.11,2.7735699572175565,2.7771663576405734,2.7085030045905265,0.05726395402184306,1.1990676198129033,-2,0.9884542461423071,-0.0017687636342196803,0.004870920603994154
2022-08-29,174.49,62.73,2.7816036983899255,2.7775680942032936,2.7112729203022243,0.056701312521049464,1.1691999876803254,-2,0.9875761163116101,-0.0017687636342196803,0.004870920603994154
2022-08-30,172.99,62.15,2.78342719227675,2.7791889613189826,2.7140314853061067,0.0561053684216118,1.1613412022044087,-2,0.9874041278126231,-0.0017687636342196803,0.004870920603994154
2022-08-31,172.27,61.71,2.7916058985577705,2.7804560701790764,2.716674044778649,0.055960353455694264,1.139771668006453,-2,0.9865344325635039,-0.0017687636342196803,0.004870920603994154
2022-09-01,172.85,62.0,2.7879032258064513,2.7836219944496907,2.719249770478849,0.05561617251761165,1.1574371456514225,-2,0.9869211166308149,-0.0017687636342196803,0.004870920603994154
2022-09-02,170.66,61.15,2.7908421913327883,2.7870764412727373,2.7218432048915586,0.05525901848670898,1.1804993676619278,-2,0.986654426476361,-0.0017687636342196803,0.004870920603994154
2022-09-06,169.51,61.18,2.770676691729323,2.784891039940617,2.7241214733783097,0.0543861627018301,1.1173718376763224,-2,0.9888346322738335,-0.0017687636342196803,0.004870920603994154
2022-09-07,173.25,62.31,2.7804525758305245,2.7842961166513716,2.7263544410496316,0.05389229706267027,1.0751383548257498,-2,0.9877235965643654,-0.0017687636342196803,0.004870920603994154
2022-09-08,172.67,62.12,2.7796200901481005,2.7818989549694377,2.7292785515619897,0.05187246633225885,1.0144187683384551,-2,0.9878240045574539,-0.0017687636342196803,0.004870920603994154
2022-09-09,173.22,62.32,2.779525032092426,2.7802233162266328,2.731673528108457,0.050790642038265124,0.9558805750397618,0,0.9877033804776798,0.0,0.0
2022-09-12,173.9,62.5,2.7824,2.7785348779600745,2.7339739046237357,0.04988745442440471,0.8932300485257827,0,0.9877033804776798,0.0,0.0
2022-09-13,167.41,60.47,2.7684802381346123,2.7780955872411326,2.735809051530403,0.049077872143432164,0.8616212126545582,0,0.9877033804776798,0.0,0.0
2022-09-14,168.68,60.79,2.77479848659319,2.7769647693936657,2.7380094761358866,0.04777836782315842,0.815333278063492,0,0.9877033804776798,0.0,0.0
2022-09-15,165.88,59.53,2.7864942046027212,2.7783395922845897,2.7403241928353332,0.04667613256415739,0.8144504988069321,0,0.9877033804776798,0.0,0.0
2022-09-16,166.97,59.54,2.8043332213637893,2.7833012301388624,2.742901182883411,0.04584969601351569,0.8811410056795647,0,0.9877033804776798,0.0,0.0
2022-09-19,168.73,59.99,2.812635439239873,2.789348317986837,2.7455799915938623,0.04513291705212506,0.9697650684183651,0,0.9877033804776798,0.0,0.0
2022-09-20,168.92,59.9,2.820033388981636,2.799658948156242,2.74865869951513,0.04376306859395389,1.1653718598735974,-2,0.9877033804776798,0.0,0.0
2022-09-21,168.44,59.4,2.835690235690236,2.811837297975651,2.7518493085140365,0.04299397839681759,1.395264911470829,-2,0.9877033804776798,0.0,0.0
2022-09-22,168.6,59.26,2.8450894363820454,2.8235563443315157,2.7553769712462866,0.04177913993772423,1.6318998712481148,1,0.9875833804776798,-0.0017793594306049821,0.005062436719541006
2022-09-23,168.52,58.6,2.875767918088737,2.8378432836765057,2.759008121015591,0.042622742500220134,1.8496032408169785,1,0.9843845209972312,-0.0017793594306049821,0.005062436719541006
2022-09-26,168.45,57.87,2.9108346293416276,2.8574831216968564,2.763369008667761,0.04453783869992012,2.1131270797220796,2,0.9806949580902996,0.0,0.0
2022-09-27,166.01,56.38,2.9444838595246536,2.8823732158054596,2.768592129428918,0.04706707597869695,2.4174241550089044,2,0.9806949580902996,0.0,0.0
2022-09-28,168.67,56.98,2.9601614601614603,2.9072674606997047,2.7734143526692834,0.05149445172340406,2.5993695155624983,2,0.9806949580902996,0.0,0.0
2022-09-29,166.61,56.57,2.945200636379707,2.927289700699237,2.7776342896804898,0.0549674036336909,2.7226210649509297,2,0.9806949580902996,0.0,0.0
2022-09-30,163.26,56.02,2.9143163156015706,2.934999380201804,2.781072969120561,0.056954704471962034,2.702611004803278,2,0.9806949580902996,0.0,0.0
2022-10-03,165.25,56.65,2.9170344218887907,2.9362393387112364,2.7843201324079803,0.05905668833952973,2.5724301611671767,2,0.9806949580902996,0.0,0.0
2022-10-04,167.11,56.78,2.94311377245509,2.935965321297324,2.7882311537082463,0.06166003158271199,2.3959469983550687,2,0.9806949580902996,0.0,0.0
2022-10-05,166.0,56.24,2.9516358463726884,2.9342601985395698,2.7923476949805655,0.06417838374596077,2.211219654903446,2,0.9806949580902996,0.0,0.0
2022-10-06,162.8,55.03,2.958386334726513,2.9368973382089303,2.7962068751559,0.06706895269820297,2.097698821779872,2,0.9806949580902996,0.0,0.0
2022-10-07,161.61,54.51,2.964777105118327,2.946989496112282,2.7997905141599357,0.07021569286139569,2.096382958762705,2,0.9806949580902996,0.0,0.0
2022-10-10,161.82,54.39,2.9751792608935466,2.958618463913233,2.803744835174828,0.07328599891641008,2.113277174744576,2,0.9806949580902996,0.0,0.0
2022-10-11,162.59,54.48,2.9843979441997064,2.9668752982621562,2.8079968311899437,0.07623390810408094,2.0840918565436564,2,0.9806949580902996,0.0,0.0
2022-10-12,169.39,55.14,3.071998549147624,2.990947838817143,2.8138692309122635,0.08261698049149668,2.1433681895830765,2,0.9806949580902996,0.0,0.0
2022-10-13,174.61,55.87,3.1252908537676753,3.024328742625376,2.820358495819232,0.09123367329419223,2.2356903919501434,2,0.9806949580902996,0.0,0.0
2022-10-14,170.19,54.98,3.0954892688250273,3.0504711753667157,2.8261791231375453,0.0973603944406107,2.303729904935701,2,0.9806949580902996,0.0,0.0
2022-10-17,172.73,55.69,3.1016340456096247,3.0757621323099316,2.8319754214730697,0.10316127859542748,2.3631610053315826,2,0.9806949580902996,0.0,0.0
2022-10-18,175.06,56.44,3.1017009213323887,3.099222727736468,2.8381513287190527,0.10800106528255682,2.417303925052866,2,0.9806949580902996,0.0,0.0
2022-10-19,173.36,55.96,3.097927090779128,3.104408436062769,2.8444767971070055,0.11191186804387869,2.3226458775028997,2,0.9806949580902996,0.0,0.0
2022-10-20,171.46,55.08,3.1129266521423387,3.1019355957377015,2.8509719323637075,0.11598964436361647,2.163673013663589,2,0.9806949580902996,0.0,0.0
2022-10-21,173.06,55.96,3.092566118656183,3.1013509657039324,2.857026096574634,0.11897377105977207,2.0536027979356093,2,0.9806949580902996,0.0,0.0
2022-10-24,177.68,57.57,3.086329685600139,3.098290093702036,2.863023129436553,0.12132865838201776,1.939088154463199,1,0.9805749580902996,-0.0016884286357496622,0.005211047420531527
2022-10-25,178.27,58.95,3.0240882103477524,3.0827675515051083,2.8677152588361285,0.12203276129460754,1.7622504841122744,1,0.9867700306355408,-0.0016884286357496622,0.005211047420531527
2022-10-26,179.07,59.39,3.0151540663411347,3.0662129466175094,2.8720087861726964,0.12262121510241632,1.5837729244699528,1,0.987712148591975,-0.0016884286357496622,0.005211047420531527
2022-10-27,178.88,59.53,3.00487149336469,3.0446019148619796,2.8759828646707857,0.1230046935079087,1.3708342778021916,-2,0.9887624966716417,-0.0016884286357496622,0.005211047420531527
2022-10-28,182.23,60.76,2.999177090190915,3.025924109168926,2.8799322927982276,0.12309401915337741,1.1860187633388597,-2,0.9895158490691341,-0.0016884286357496622,0.005211047420531527
2022-10-31,181.58,59.85,3.033918128654971,3.0154417977798924,2.884597205755562,0.12354433821736846,1.0590901526714838,-2,0.9858712745296877,-0.0016884286357496622,0.005211047420531527
2022-11-01,180.76,59.64,3.0308517773306503,3.0167945111764722,2.8890974271357193,0.12387719919753228,1.0308360607760398,-2,0.9861614660526908,-0.0016884286357496622,0.005211047420531527
2022-11-02,178.24,58.81,3.0307770787281076,3.019919113653867,2.893482966341061,0.12416203575825203,1.018315675485393,-2,0.9860911368557388,-0.0016884286357496622,0.005211047420531527
2022-11-03,177.78,58.78,3.0244981286151753,3.0238444407039635,2.897821616743354,0.12411534459747754,1.0153686022410688,-2,0.9867114826055677,-0.0016884286357496622,0.005211047420531527
2022-11-04,178.78,59.26,3.016874789065137,3.0273839804788083,2.90195712875556,0.12387521084614952,1.0125258384345033,-2,0.9875243567316732,-0.0016884286357496622,0.005211047420531527
2022-11-07,180.21,59.49,3.0292486132123044,3.026450077390275,2.9060474313881146,0.12396038051819964,0.9712994224350839,0,0.9861855893021741,0.0,0.0
2022-11-08,180.71,59.6,3.032046979865772,3.026689117897299,2.910255966323861,0.1238788456705769,0.9398953545552182,0,0.9861855893021741,0.0,0.0
2022-11-09,178.55,58.77,3.03811468436277,3.028156639024232,2.91467664342779,0.12362557300795153,0.9179330201296025,0,0.9861855893021741,0.0,0.0
2022-11-10,181.7,60.88,2.984559789750328,3.0201689712512625,2.9181235811484547,0.12262204219161954,0.8321945082544218,0,0.9861855893021741,0.0,0.0
2022-11-11,178.05,61.32,2.9036203522504893,2.997518083888333,2.9204168754788693,0.12100524291823742,0.6371724608789112,0,0.9861855893021741,0.0,0.0
2022-11-14,176.73,60.73,2.9100938580602667,2.973687132857925,2.9228415127684673,0.11927561457783631,0.4262868002769939,0,0.9861855893021741,0.0,0.0
2022-11-15,177.19,60.63,2.9224806201550386,2.9517738609157784,2.9252229395114457,0.11778420093673768,0.22542005798038464,0,0.9861855893021741,0.0,0.0
2022-11-16,178.33,60.52,2.946629213483146,2.9334767667398536,2.92807804545786,0.11615397855886128,0.04647900441273208,0,0.9861855893021741,0.0,0.0
2022-11-17,180.03,60.71,2.965409323011036,2.9296466733919955,2.9310803616037555,0.11471939315988887,-0.01249734828846118,0,0.9861855893021741,0.0,0.0
2022-11-18,181.33,61.14,2.965816159633628,2.942085834868623,2.9343094041900932,0.11287983972282933,0.06889122714582677,0,0.9861855893021741,0.0,0.0
2022-11-21,184.82,62.08,2.977126288659794,2.9554923209885287,2.93770200971413,0.11101039531284997,0.1602580661411188,0,0.9861855893021741,0.0,0.0
2022-11-22,184.84,62.35,2.9645549318364073,2.9639071833248023,2.940751196938238,0.10914705585041284,0.2121540174047386,0,0.9861855893021741,0.0,0.0
2022-11-23,185.08,62.63,2.9551333226888072,2.9656080051659344,2.9436129657784393,0.10718559289197659,0.20520518470856428,0,0.9861855893021741,0.0,0.0
2022-11-25,184.11,62.69,2.9368320306268947,2.959892546689106,2.946033401312925,0.10531829481958309,0.13159295258171935,0,0.9861855893021741,0.0,0.0
2022-11-28,183.89,62.7,2.9328548644338115,2.953300287649143,2.9484492619567138,0.10327214242550932,0.046973226065572554,0,0.9861855893021741,0.0,0.0
2022-11-29,182.59,62.48,2.9223751600512164,2.9423500619274274,2.950641478102021,0.10124600934173586,-0.08189375787254677,0,0.9861855893021741,0.0,0.0
2022-11-30,185.51,63.61,2.916365351359849,2.9327121458321157,2.953069622429197,0.09856842117197748,-0.20653142614065348,0,0.9861855893021741,0.0,0.0
2022-12-01,185.9,63.79,2.914249882426713,2.9245354577796965,2.9552995775391326,0.09607908562147957,-0.3201958007868311,0,0.9861855893021741,0.0,0.0
2022-12-02,185.69,64.35,2.8856254856254857,2.914294148779415,2.957066334130423,0.09374000846196982,-0.45628527298843524,0,0.9861855893021741,0.0,0.0
2022-12-05,183.12,63.47,2.8851425870489997,2.9047516933024524,2.9588266267130323,0.09130971282054581,-0.5922144724828482,0,0.9861855893021741,0.0,0.0
2022-12-06,181.63,63.44,2.863020176544767,2.892880696601163,2.960170296322112,0.08923920910564541,-0.7540362627069968,0,0.9861855893021741,0.0,0.0
2022-12-07,182.18,63.54,2.8671702864337427,2.8830416836159416,2.9618151304604305,0.0865140475256564,-0.9105278171285198,0,0.9861855893021741,0.0,0.0
2022-12-08,183.78,63.81,2.8801128349788434,2.876214274126368,2.9635703696001916,0.08367727886272557,-1.043964343261369,-2,0.9861855893021741,0.0,0.0
2022-12-09,183.1,63.14,2.8999049730757047,2.8790701716164113,2.9654605490747414,0.08084241635785168,-1.0686268588994199,-2,0.9861855893021741,0.0,0.0
2022-12-12,183.97,63.97,2.8758793184305143,2.8772175178927144,2.9666529840258535,0.07893053669489462,-1.1330908147609744,-2,0.9861855893021741,0.0,0.0
2022-12-13,183.87,63.99,2.873417721518987,2.8792970268875586,2.9676660220638387,0.07729336400819985,-1.143293429005176,-2,0.9861855893021741,0.0,0.0
2022-12-14,183.36,63.99,2.86544772620722,2.8789525148422537,2.968422927684265,0.07603527218432221,-1.1766961605019306,-2,0.9861855893021741,0.0,0.0
2022-12-15,180.25,63.11,2.856124227539217,2.8741547933543288,2.9687634942150813,0.07547437164632691,-1.2535208812878784,-2,0.9861855893021741,0.0,0.0
2022-12-16,180.34,62.75,2.8739442231075696,2.868962643360702,2.9692444073271735,0.07476154303440798,-1.3413549252229637,-2,0.9861855893021741,0.0,0.0
2022-12-19,181.34,62.84,2.885741565881604,2.8709350928509196,2.9694106347903877,0.07456100031281648,-1.3207379397583114,-2,0.9861855893021741,0.0,0.0
2022-12-20,181.23,62.79,2.8862876254180603,2.8735090736307343,2.9690015180583282,0.07495416305236755,-1.2740112161732382,-2,0.9861855893021741,0.0,0.0
2022-12-21,182.5,63.8,2.8605015673981193,2.8725198418689137,2.9676018131895527,0.07619366941362865,-1.2478985728390688,-2,0.9861855893021741,0.0,0.0
2022-12-22,181.09,63.34,2.8590148405431006,2.873097964469691,2.9659160361959134,0.07746932705151797,-1.1981267329777825,-2,0.9861855893021741,0.0,0.0
2022-12-23,182.26,63.82,2.8558445628329676,2.8694780324147704,2.964426768303468,0.07872305325596024,-1.2061109416066615,-2,0.9861855893021741,0.0,0.0
2022-12-27,183.07,64.21,2.8511135337174895,2.8625524259819475,2.9633733886053997,0.07982014558777413,-1.2631017129953057,-2,0.9861855893021741,0.0,0.0
2022-12-28,181.75,63.57,2.8590530124272457,2.8571055033837847,2.9624070317810407,0.08073638765219696,-1.3042635602038932,-2,0.9861855893021741,0.0,0.0
2022-12-29,181.98,63.95,2.8456606724003124,2.854137324384223,2.960782813446794,0.08209984523177685,-1.2989730828541621,-2,0.9861855893021741,0.0,0.0
2022-12-30,180.66,63.61,2.840119478069486,2.8503582518895003,2.958924207308408,0.08355972177957147,-1.299261810675985,-2,0.9861855893021741,0.0,0.0
2023-01-03,179.41,62.95,2.8500397140587768,2.849197282134662,2.9571184302972786,0.08473400982649967,-1.273646182726329,-2,0.9861855893021741,0.0,0.0
2023-01-04,178.97,62.92,2.844405594405594,2.847855694272283,2.9551122384520667,0.08596563489458404,-1.2476676791988799,-2,0.9861855893021741,0.0,0.0
2023-01-05,177.1,62.2,2.8472668810289385,2.845498467992621,2.952980365454323,0.08703891350329904,-1.2348717732744665,-2,0.9861855893021741,0.0,0.0
2023-01-06,181.1,63.4,2.856466876971609,2.847659708906881,2.950848181000522,0.08781969123407328,-1.1750038134227085,-2,0.9861855893021741,0.0,0.0
2023-01-09,179.33,62.61,2.864238939466539,2.8524836011862917,2.94738552083917,0.08705442872054461,-1.0901446491312374,-2,0.9861855893021741,0.0,0.0
2023-01-10,177.85,62.13,2.8625462739417347,2.854984913162883,2.943006444508738,0.08452526969372491,-1.0413635077983008,-2,0.9861855893021741,0.0,0.0
2023-01-11,178.05,62.01,2.8713110788582488,2.860366010053414,2.9392701413426248,0.08260364499840794,-0.9552136747807128,0,0.9861855893021741,0.0,0.0
2023-01-12,175.78,61.21,2.871752981538964,2.865263230155419,2.9354387902747807,0.08024265553309594,-0.8745418462680126,0,0.9861855893021741,0.0,0.0
2023-01-13,175.24,61.43,2.852677844701286,2.8645054237013547,2.931288405664262,0.07790333847600034,-0.8572544292627606,0,0.9861855893021741,0.0,0.0
2023-01-17,176.06,61.68,2.8544098573281453,2.8625396072736757,2.9272297851067455,0.07537706282016754,-0.8582209947262834,0,0.9861855893021741,0.0,0.0
2023-01-18,171.62,59.81,2.8694198294599564,2.8639143183773204,2.923171338062039,0.07167379013711125,-0.8267599574594948,0,0.9861855893021741,0.0,0.0
2023-01-19,169.63,59.72,2.8404219691895514,2.8577364964435805,2.9189689355709287,0.06891213449010054,-0.8885581556923687,0,0.9861855893021741,0.0,0.0
2023-01-20,169.88,60.08,2.8275632490013316,2.848898549936054,2.9146561616276156,0.06630865580696578,-0.9916897106614786,0,0.9861855893021741,0.0,0.0
2023-01-23,169.12,60.23,2.8079030383529804,2.839943588666393,2.911053075427702,0.06613485894497535,-1.0752194515221227,-2,0.9861855893021741,0.0,0.0
2023-01-24,170.69,60.55,2.818992568125516,2.832860130825867,2.9077837171241088,0.06574889996697582,-1.139541290209783,-2,0.9861855893021741,0.0,0.0
2023-01-25,171.93,60.93,2.821762678483506,2.8233287006305767,2.9047319035427552,0.06541483294583042,-1.2444150546037158,-2,0.9861855893021741,0.0,0.0
2023-01-26,170.22,60.81,2.799210656142082,2.8150864380210834,2.901399129641942,0.0656151232115666,-1.3154389932722643,-2,0.9861855893021741,0.0,0.0
2023-01-27,169.62,60.49,2.804099851215077,2.8103937584638325,2.8975688250179434,0.06444560309287926,-1.352692229886868,-2,0.9861855893021741,0.0,0.0
2023-01-30,169.48,60.64,2.7948548812664904,2.807784127046534,2.8936355434168743,0.06336583000710597,-1.3548534969195982,-2,0.9861855893021741,0.0,0.0
2023-01-31,171.02,61.32,2.7889758643183304,2.8017807862850974,2.8896055231767113,0.06217387596118853,-1.4125665407515793,-2,0.9861855893021741,0.0,0.0
2023-02-01,171.56,61.33,2.7973259416272627,2.7968934389138487,2.885819320060246,0.06072014805323704,-1.4645201633637421,-2,0.9861855893021741,0.0,0.0
2023-02-02,169.97,60.28,2.8196748506967486,2.8009862778247823,2.8825326544207726,0.0588132164044783,-1.38653149039101,-2,0.9861855893021741,0.0,0.0
2023-02-03,169.12,59.83,2.8266755808123016,2.805501423744227,2.8791564372141063,0.05599503315699845,-1.3153847639194371,-2,0.9861855893021741,0.0,0.0
2023-02-06,171.82,60.17,2.8555758683729433,2.8176456211655174,2.8762152520225595,0.05234382283203902,-1.1189406445337475,-2,0.9861855893021741,0.0,0.0
2023-02-07,171.56,60.07,2.8560013317795905,2.8310507146577693,2.8731800294795065,0.04788706583060135,-0.8797639632122802,0,0.9861855893021741,0.0,0.0
2023-02-08,171.16,59.72,2.866041527126591,2.8447938317576353,2.871204725102444,0.04560487836916817,-0.5791243018129412,0,0.9861855893021741,0.0,0.0
2023-02-09,172.78,59.62,2.898020798389802,2.8604630212962454,2.8711113992047657,0.045543106280826334,-0.23380877542389367,0,0.9861855893021741,0.0,0.0
2023-02-10,176.2,59.62,2.9553840992955385,2.8862047249928926,2.871866236558687,0.046564037619977836,0.30793052250378095,0,0.9861855893021741,0.0,0.0
2023-02-13,177.77,60.6,2.933498349834984,2.901789221285301,2.872049865386686,0.046788207401025864,0.6356164843785648,0,0.9861855893021741,0.0,0.0
2023-02-14,175.77,59.59,2.9496559825474074,2.920520151438865,2.872100311537757,0.04687153780673163,1.0330328844929377,-2,0.9861855893021741,0.0,0.0
2023-02-15,176.01,59.59,2.9536835039436142,2.9380485468022695,2.871904881219967,0.04649885663004156,1.4224793979034949,-2,0.9861855893021741,0.0,0.0
2023-02-16,175.51,59.22,2.963694697737251,2.951183326671759,2.871869523521694,0.04642698725685589,1.7083555887713302,1,0.9860655893021741,-0.0017093043131445503,0.005065856129685917
2023-02-17,176.28,60.12,2.932135728542914,2.946533652521234,2.871119680853079,0.04504079819448994,1.674348028703025,1,0.9893086954977701,-0.0017093043131445503,0.005065856129685917
2023-02-21,176.18,59.8,2.9461538461538463,2.9490647517850066,2.8708129960917033,0.04445261676942319,1.7603408163617702,1,0.9878585519675851,-0.0017093043131445503,0.005065856129685917
2023-02-22,176.12,59.98,2.9363121040346782,2.946395976082461,2.8704993091141344,0.04391061506619324,1.7284355241646192,1,0.9888729643297173,-0.0017093043131445503,0.005065856129685917
2023-02-23,176.31,60.09,2.9340988517224162,2.9424790456382213,2.8704537561323926,0.04384199909347759,1.6428377125837745,1,0.9891054406844854,-0.0017093043131445503,0.005065856129685917
2023-02-24,175.96,59.84,2.9405080213903743,2.937841710368846,2.8705813087483354,0.04403732195432761,1.5273499530754493,1,0.9884372331616644,-0.0017093043131445503,0.005065856129685917
2023-02-27,175.91,59.82,2.940655299231026,2.939545624506468,2.8708859777346656,0.04446290579026913,1.5442006218772368,1,0.9884213812547279,-0.0017093043131445503,0.005065856129685917
2023-02-28,173.53,59.51,2.9159805074777347,2.933510956771246,2.870879563669964,0.044456261156816744,1.4088317701831343,-2,0.9909191101198093,-0.0017093043131445503,0.005065856129685917
2023-03-01,171.33,58.86,2.910805300713558,2.9284095961070222,2.8708221539747445,0.04440149493275954,1.2969707938772477,-2,0.9913867731244314,-0.0017093043131445503,0.005065856129685917
2023-03-02,173.32,59.72,2.902210314802411,2.9220318887230206,2.8710985677943603,0.044546598363498044,1.1433717230897593,-2,0.9923418938128037,-0.0017093043131445503,0.005065856129685917
2023-03-03,173.15,59.44,2.913021534320323,2.9165345913090106,2.8715632169155487,0.044840000460570295,1.0029298379023681,-2,0.9912140358297262,-0.0017093043131445503,0.005065856129685917
2023-03-06,173.5,60.36,2.874420145791915,2.9032875606211883,2.8717532164030013,0.044827338312808176,0.7034623380522449,0,0.9951558990845731,0.0,0.0
2023-03-07,172.64,60.01,2.8768538576903846,2.8954622306637186,2.8719146092572787,0.044827990610377476,0.5252883541246365,0,0.9951558990845731,0.0,0.0
2023-03-08,173.11,60.04,2.883244503664224,2.8899500712538515,2.8719668037353685,0.04483951948179906,0.40105843519983847,0,0.9951558990845731,0.0,0.0
2023-03-09,171.8,59.46,2.889337369660276,2.887375482225425,2.871790677011778,0.044748582394222004,0.34827483642608625,0,0.9951558990845731,0.0,0.0
2023-03-10,172.03,59.21,2.905421381523391,2.885855451666038,2.872283044729992,0.04495637502922971,0.30190171977214825,0,0.9951558990845731,0.0,0.0
2023-03-13,173.71,59.81,2.9043638187594047,2.8918441862595357,2.8727988130173325,0.045146727126847086,0.42185501484287097,0,0.9951558990845731,0.0,0.0
2023-03-14,173.53,60.03,2.89072130601366,2.894617675924191,2.87322003934744,0.04519485545688155,0.47345292645455533,0,0.9951558990845731,0.0,0.0
2023-03-15,176.63,60.43,2.9228859837828893,2.9025459719479243,2.8743327352848342,0.04558695850280921,0.6188883309982497,0,0.9951558990845731,0.0,0.0
2023-03-16,176.51,60.3,2.9271973466003316,2.9101179673359354,2.8752202873430472,0.04609484099504285,0.7570842905530611,0,0.9951558990845731,0.0,0.0
2023-03-17,175.13,60.02,2.9178607130956347,2.912605833650384,2.8757556064632808,0.046404566225454975,0.7941077825847489,0,0.9951558990845731,0.0,0.0
2023-03-20,177.59,60.6,2.9305280528052804,2.9178386804595595,2.876492946919735,0.046923327187413356,0.8811338841060516,0,0.9951558990845731,0.0,0.0
2023-03-21,178.01,60.32,2.9510941644562334,2.929913252148074,2.8780028235373702,0.04784844598733655,1.084892676022168,-2,0.9951558990845731,0.0,0.0
2023-03-22,176.51,60.05,2.939383846794338,2.933212824750364,2.8793423069748907,0.04842929264610089,1.1123540079169556,-2,0.9951558990845731,0.0,0.0
2023-03-23,175.65,59.92,2.9314085447263016,2.9340550643755576,2.880601706673113,0.04878906008657145,1.0956013009391237,-2,0.9951558990845731,0.0,0.0
2023-03-24,179.09,60.9,2.9407224958949096,2.9386274209354126,2.8820951893760696,0.04924051972441213,1.148083567674366,-2,0.9951558990845731,0.0,0.0
2023-03-27,179.49,61.35,2.925672371638142,2.9376562847019847,2.8832055120295847,0.049462733462395984,1.100844390530825,-2,0.9951558990845731,0.0,0.0
2023-03-28,179.43,61.42,2.921361120156301,2.9317096758419985,2.8844671861588513,0.04945429052781698,0.9552758553188475,0,0.9951558990845731,0.0,0.0
2023-03-29,180.67,61.86,2.9206272227610732,2.9279583510353455,2.8858089819037116,0.049322647242592055,0.8545642111284788,0,0.9951558990845731,0.0,0.0
2023-03-30,180.83,61.85,2.923686337914309,2.926413909672947,2.8870364256346366,0.0493337895721582,0.7981848623389196,0,0.9951558990845731,0.0,0.0
2023-03-31,182.3,62.03,2.938900532000645,2.926049516894094,2.8886113412612207,0.049457946701446376,0.7569698729886531,0,0.9951558990845731,0.0,0.0
2023-04-03,182.5,62.4,2.9246794871794872,2.9258509400023636,2.88990155136373,0.04937076765898811,0.7281512997112376,0,0.9951558990845731,0.0,0.0
2023-04-04,181.85,62.21,2.9231634785404275,2.9262114116791884,2.891013161389877,0.04935606139545039,0.7131494956069548,0,0.9951558990845731,0.0,0.0
2023-04-05,183.64,62.8,2.924203821656051,2.9269267314581837,2.8920125760930357,0.04941180435650875,0.7065954344277839,0,0.9951558990845731,0.0,0.0
2023-04-06,184.36,62.84,2.9338001273074474,2.9289494893368118,2.8932001403157974,0.04954767882216873,0.7215141025944346,0,0.9951558990845731,0.0,0.0
2023-04-10,183.2,62.69,2.9223161588770137,2.925632614712085,2.894050224982777,0.04960327849541451,0.6366996433961062,0,0.9951558990845731,0.0,0.0
2023-04-11,182.92,62.58,2.9229785874081173,2.9252924347578118,2.894903985080596,0.04965381473068924,0.612006345172786,0,0.9951558990845731,0.0,0.0
2023-04-12,182.56,62.69,2.9121071941298453,2.9230811778756953,2.8958944742377386,0.049389255859216386,0.5504578509028799,0,0.9951558990845731,0.0,0.0
2023-04-13,184.38,63.15,2.9197149643705465,2.9221834064185943,2.8969828926884458,0.049178674600440155,0.5124276718495172,0,0.9951558990845731,0.0,0.0
2023-04-14,183.51,63.05,2.9105471847739888,2.917532817911902,2.897668348610346,0.04907449485444103,0.404781941423463,0,0.9951558990845731,0.0,0.0
2023-04-17,184.45,63.46,2.906555310431768,2.914380648222853,2.8987705709643827,0.04850633248096071,0.3218152447332015,0,0.9951558990845731,0.0,0.0
2023-04-18,184.83,63.56,2.907960981749528,2.9113771270911353,2.9001105331768526,0.04760808295206231,0.2366529634395747,0,0.9951558990845731,0.0,0.0
2023-04-19,184.72,63.68,2.900753768844221,2.9091064420340103,2.901658045351707,0.04604341138652292,0.161769001427277,0,0.9951558990845731,0.0,0.0
2023-04-20,185.33,63.96,2.897592245153221,2.904681898190545,2.9029680399688353,0.044751618216516235,0.03829712287537459,0,0.9951558990845731,0.0,0.0
2023-04-21,185.41,64.05,2.894769711163154,2.9015264034683783,2.9041848238468293,0.043480718642750424,-0.06114021252255057,0,0.9951558990845731,0.0,0.0
2023-04-24,185.5,63.95,2.900703674745895,2.900356076331204,2.9058763741568927,0.04124434479866151,-0.13384375124969608,0,0.9951558990845731,0.0,0.0
2023-04-25,189.71,63.85,2.971182458888019,2.913000371758902,2.908661084284775,0.03987391359667383,0.10882522137202533,0,0.9951558990845731,0.0,0.0
2023-04-26,188.54,63.55,2.966797797010228,2.9262091773921037,2.911526799547171,0.03767413720370266,0.3897203475568846,0,0.9951558990845731,0.0,0.0
2023-04-27,189.69,63.68,2.9788002512562812,2.9424507786127156,2.91469053932947,0.03509008427311161,0.7911134971116959,0,0.9951558990845731,0.0,0.0
2023-04-28,190.89,64.15,2.9756819953234603,2.958633235444777,2.9176631402244064,0.03243320499509624,1.2632145119967306,-2,0.9951558990845731,0.0,0.0
2023-05-01,191.68,64.3,2.981026438569207,2.974697788209439,2.9203523333556145,0.030819911981897527,1.763322844197121,1,0.9950358990845731,-0.001565108514190317,0.004665629860031105
2023-05-02,192.25,64.01,3.003436962974535,2.9811486890267425,2.9232983563916517,0.030154722515118464,1.918450173304919,1,0.9927907545720757,-0.001565108514190317,0.004665629860031105
2023-05-03,192.18,63.65,3.019324430479183,2.9916540157205334,2.926027499093422,0.031309528640001846,2.096055720981541,2,0.9911011354394882,0.0,0.0
2023-05-04,193.38,63.72,3.034839924670433,3.0028619504033633,2.9290081423082692,0.03299726086442043,2.2381799628322363,2,0.9911011354394882,0.0,0.0
2023-05-05,194.27,64.02,3.0345204623555144,3.0146296438097746,2.9318161245620846,0.0346741009788439,2.3883393342546335,2,0.9911011354394882,0.0,0.0
2023-05-08,193.35,63.92,3.024874843554443,3.023399324806822,2.933930358648162,0.036402855495636856,2.4577458262685834,2,0.9911011354394882,0.0,0.0
2023-05-09,194.14,63.39,3.062628174790976,3.0352375671701095,2.9357177599064195,0.039935558706458096,2.4920098901132035,2,0.9911011354394882,0.0,0.0
2023-05-10,194.27,63.5,3.0593700787401574,3.0432466968223046,2.9378156220548393,0.04300512203212703,2.45159343318926,2,0.9911011354394882,0.0,0.0
2023-05-11,195.34,63.86,3.0588787973692453,3.048054471362067,2.9396360023018695,0.04573954672925723,2.3703441947501416,2,0.9911011354394882,0.0,0.0
2023-05-12,196.12,64.11,3.0591171424114805,3.0529738073732604,2.9413932296096674,0.04824503164649699,2.3127889848051266,2,0.9911011354394882,0.0,0.0
2023-05-15,194.27,63.94,3.0383171723490774,3.0556622731321874,2.9426369375198647,0.049767508335457844,2.2710667942320035,2,0.9911011354394882,0.0,0.0
2023-05-16,193.43,63.22,3.0596330275229358,3.055063243678579,2.944761892502865,0.05198408686344003,2.1218291564007075,2,0.9911011354394882,0.0,0.0
2023-05-17,192.06,63.15,3.041330166270784,3.051455261184705,2.9463481645048137,0.05345850447891599,1.9661436043603733,1,0.9909811354394882,-0.0015620118712902217,0.004750593824228029
2023-05-18,191.56,62.8,3.05031847133758,3.0497431959783716,2.948248270626529,0.05509673593994529,1.8421222894668494,1,0.9900994335366535,-0.0015620118712902217,0.004750593824228029
2023-05-19,191.84,62.83,3.0533184784338694,3.0485834631828492,2.950235264405053,0.056704111921525996,1.7344103530605017,1,0.9898045880274191,-0.0015620118712902217,0.004750593824228029
2023-05-22,186.64,61.51,3.034303365306454,3.0477807017743244,2.9517985201369883,0.05771528928872975,1.66302868477658,1,0.9916562659101473,-0.0015620118712902217,0.004750593824228029
2023-05-23,186.07,61.4,3.0304560260586317,3.0419453014814635,2.953295198917448,0.058579317728486874,1.5133345010077717,1,0.9920240473561177,-0.0015620118712902217,0.004750593824228029
2023-05-24,184.89,60.88,3.0369579500657027,3.0410708582404475,2.9553114896272477,0.05935012394221701,1.4449737071601532,-2,0.9913969125756417,-0.0015620118712902217,0.004750593824228029
2023-05-25,183.8,60.41,3.042542625393147,3.039515689051561,2.9575071117052407,0.06010767461676527,1.3643611713344552,-2,0.9908667264179608,-0.0015620118712902217,0.004750593824228029
2023-05-26,183.58,60.26,3.046465316959841,3.0381450567567554,2.959911361741198,0.060740071625411084,1.2880079479989923,-2,0.9904977799560104,-0.0015620118712902217,0.004750593824228029
2023-05-30,181.61,59.78,3.0379725660756107,3.0388788969105867,2.9619938789371196,0.061245090401203746,1.255366225599626,-2,0.9912946583068226,-0.0015620118712902217,0.004750593824228029
2023-05-31,182.35,59.66,3.0564867582970163,3.044085043358263,2.965028322478871,0.06134287900229166,1.2887676966781878,-2,0.9895686982631605,-0.0015620118712902217,0.004750593824228029
2023-06-01,182.19,60.0,3.0364999999999998,3.0439934533451227,2.9676890915173644,0.06091431358710118,1.2526507701453615,-2,0.9914338220628045,-0.0015620118712902217,0.004750593824228029
2023-06-02,184.06,61.16,3.009483322432963,3.0373815927530865,2.9697930718301766,0.060123168454884704,1.1241676488428427,-2,0.9940235486995963,-0.0015620118712902217,0.004750593824228029
2023-06-05,184.19,60.75,3.031934156378601,3.0344753606368378,2.9721696849421493,0.05970583605781175,1.0435441459082722,-2,0.9918727436883951,-0.0015620118712902217,0.004750593824228029
2023-06-06,181.56,60.31,3.0104460288509367,3.0289700531919035,2.9739200957309415,0.05925359617497385,0.9290568170478857,0,0.9937765521894498,0.0,0.0
2023-06-07,180.11,60.22,2.990866821653936,3.015846065863287,2.97536181244585,0.058581065655766894,0.6910808631466336,0,0.9937765521894498,0.0,0.0
2023-06-08,182.1,60.37,3.0163988736127214,3.0118258405858316,2.9774564385725015,0.05774425079490676,0.5952004145902184,0,0.9937765521894498,0.0,0.0
2023-06-09,182.35,60.47,3.015544898296676,3.0130381557585744,2.9790007538143977,0.057498594403788954,0.5919692871993713,0,0.9937765521894498,0.0,0.0
2023-06-12,181.9,60.21,3.0210928417206446,3.010869892826983,2.9805656787330697,0.05734232982732691,0.528478947143715,0,0.9937765521894498,0.0,0.0
2023-06-13,181.54,60.45,3.003143093465674,3.0094093057499305,2.981987051739237,0.0568162416320932,0.48264815170744596,0,0.9937765521894498,0.0,0.0
2023-06-14,183.17,60.86,3.0096943805455143,3.0131748175282462,2.983306490534907,0.05651942006922824,0.5284613139475711,0,0.9937765521894498,0.0,0.0
2023-06-15,185.71,61.23,3.032990364200556,3.016493115645813,2.9846714271973127,0.05671685787689311,0.5610622597882792,0,0.9937765521894498,0.0,0.0
2023-06-16,186.04,61.67,3.016701799902708,3.0167244959670194,2.985960059749119,0.05654856342252225,0.5440356811194884,0,0.9937765521894498,0.0,0.0
2023-06-20,185.31,61.26,3.024975514201763,3.017501030463243,2.987519509240377,0.056308334936482296,0.5324526334633439,0,0.9937765521894498,0.0,0.0
2023-06-21,185.43,61.43,3.01855770796028,3.020583953362164,2.9888167627747992,0.056108176952279716,0.5661775575845751,0,0.9937765521894498,0.0,0.0
2023-06-22,187.35,61.85,3.029102667744543,3.0244656108019696,2.99054060104324,0.05572282595895385,0.6088171081581434,0,0.9937765521894498,0.0,0.0
2023-06-23,186.07,61.2,3.040359477124183,3.0259394333866956,2.9925239069927043,0.055335199868862615,0.6038746850681267,0,0.9937765521894498,0.0,0.0
2023-06-26,184.89,61.22,3.020091473374714,3.0266173680810966,2.9941816445029312,0.05463019408197896,0.5937325342372353,0,0.9937765521894498,0.0,0.0
2023-06-27,186.22,61.09,3.048289409068587,3.0312801470544612,2.9962583623555026,0.05427212112196613,0.645299722490189,0,0.9937765521894498,0.0,0.0
2023-06-28,183.7,60.52,3.03536021150033,3.034640647762471,2.9978660236804973,0.05397210267161723,0.6813635612034983,0,0.9937765521894498,0.0,0.0
2023-06-29,183.88,60.02,3.063645451516161,3.0415492045167953,3.0001821230861085,0.05375952247614318,0.7694837960855071,0,0.9937765521894498,0.0,0.0
2023-06-30,185.22,60.22,3.0757223513782797,3.048621779367614,3.0027247709667395,0.05366273209577636,0.8552864643372625,0,0.9937765521894498,0.0,0.0
