date,PG,ULVR,ratio,ins_ratio,long_mean,long_std,z_score,action,capital,holding1,holding2
2021-01-04,137.82,44.61,3.089441829186281,,,,,0,0.0,0.0,0.0
2021-01-05,138.7,44.36,3.1266907123534713,,,,,0,0.0,0.0,0.0
2021-01-06,140.16,44.67,3.137676292813969,,,,,0,0.0,0.0,0.0
2021-01-07,138.85,44.47,3.122329660445244,,,,,0,0.0,0.0,0.0
2021-01-08,138.79,44.5,3.1188764044943817,3.1190029798586694,,,,0,0.0,0.0,0.0
2021-01-11,137.85,44.16,3.1216032608695654,3.125435266195326,,,,0,0.0,0.0,0.0
2021-01-12,137.05,43.21,3.1717195093728305,3.134441025599198,,,,0,0.0,0.0,0.0
2021-01-13,137.26,43.52,3.1539522058823524,3.137696208212875,,,,0,0.0,0.0,0.0
2021-01-14,135.8,43.54,3.118971061093248,3.1370244883424756,,,,0,0.0,0.0,0.0
2021-01-15,134.78,43.94,3.0673645880746476,3.126722125058529,,,,0,0.0,0.0,0.0
2021-01-19,133.6,43.81,3.0495320703035835,3.1123078869453322,,,,0,0.0,0.0,0.0
2021-01-20,131.93,43.53,3.0307833677923273,3.084120658629232,,,,0,0.0,0.0,0.0
2021-01-21,131.01,43.53,3.0096485182632664,3.0552599211054146,,,,0,0.0,0.0,0.0
2021-01-22,130.0,43.78,2.9693924166285974,3.025344192212484,,,,0,0.0,0.0,0.0
2021-01-25,132.24,44.65,2.9617021276595747,3.0042117001294697,,,,0,0.0,0.0,0.0
2021-01-26,133.09,44.23,3.009043635541488,2.9961140131770505,,,,0,0.0,0.0,0.0
2021-01-27,128.38,43.77,2.9330591729495086,2.9765691742084868,,,,0,0.0,0.0,0.0
2021-01-28,130.36,43.23,3.0154984964145273,2.977739169838739,,,,0,0.0,0.0,0.0
2021-01-29,128.21,42.4,3.0238207547169815,2.988624837456416,,,,0,0.0,0.0,0.0
2021-02-01,128.97,42.75,3.0168421052631578,2.999652832977133,,,,0,0.0,0.0,0.0
2021-02-02,128.79,42.97,2.9972073539678843,2.9972855766624122,,,,0,0.0,0.0,0.0
2021-02-03,128.95,43.36,2.973939114391144,3.005461564950739,,,,0,0.0,0.0,0.0
2021-02-04,129.03,40.67,3.1726088025571673,3.036883626179267,,,,0,0.0,0.0,0.0
2021-02-05,129.57,39.8,3.255527638190955,3.0832250028740615,,,,0,0.0,0.0,0.0
2021-02-08,129.17,39.55,3.265992414664981,3.133055064754426,,,,0,0.0,0.0,0.0
2021-02-09,128.67,39.5,3.2574683544303795,3.185107264846925,,,,0,0.0,0.0,0.0
2021-02-10,128.22,39.38,3.2559674961909595,3.2415129412068886,,,,0,0.0,0.0,0.0
2021-02-11,128.33,39.03,3.2879836023571616,3.2645879011668875,,,,0,0.0,0.0,0.0
2021-02-12,127.62,39.61,3.2219136581671295,3.2578651051621224,,,,0,0.0,0.0,0.0
2021-02-16,127.92,40.06,3.1932101847229153,3.2433086591737093,,,,0,0.0,0.0,0.0
2021-02-17,128.46,39.8,3.2276381909547744,3.2373426264785876,,,,0,0.0,0.0,0.0
2021-02-18,129.53,39.69,3.2635424540186446,3.2388576180441255,,,,0,0.0,0.0,0.0
2021-02-19,127.12,39.05,3.2553137003841233,3.2323236376495172,,,,0,0.0,0.0,0.0
2021-02-22,126.58,38.29,3.3058239749281797,3.249105701001727,,,,0,0.0,0.0,0.0
2021-02-23,127.52,39.2,3.2530612244897954,3.261075908955104,,,,0,0.0,0.0,0.0
2021-02-24,127.66,38.39,3.325345141964053,3.280617299156959,,,,0,0.0,0.0,0.0
2021-02-25,126.58,38.21,3.3127453546192096,3.290457879277072,,,,0,0.0,0.0,0.0
2021-02-26,123.53,37.33,3.309134744173587,3.301222088034965,,,,0,0.0,0.0,0.0
2021-03-01,124.29,37.74,3.293322734499205,3.2987218399491693,,,,0,0.0,0.0,0.0
2021-03-02,123.9,38.12,3.2502623294858344,3.2981620609483775,,,,0,0.0,0.0,0.0
2021-03-03,123.16,38.12,3.230849947534103,3.2792630220623877,,,,0,0.0,0.0,0.0
2021-03-04,122.15,38.54,3.1694343539180077,3.250600821922147,,,,0,0.0,0.0,0.0
2021-03-05,125.98,38.91,3.2377280904651764,3.2363194911804647,,,,0,0.0,0.0,0.0
2021-03-08,127.31,38.9,3.2727506426735222,3.2322050728153284,,,,0,0.0,0.0,0.0
2021-03-09,126.18,39.17,3.2213428644370694,3.2264211798055755,,,,0,0.0,0.0,0.0
2021-03-10,127.34,39.4,3.2319796954314723,3.226647129385049,,,,0,0.0,0.0,0.0
2021-03-11,126.91,39.16,3.2408069458631257,3.2409216477740737,,,,0,0.0,0.0,0.0
2021-03-12,128.14,39.5,3.244050632911392,3.2421861562633163,,,,0,0.0,0.0,0.0
2021-03-15,128.56,39.73,3.235841933048075,3.234804414338227,,,,0,0.0,0.0,0.0
2021-03-16,128.94,40.14,3.212257100149477,3.2329872614807087,,,,0,0.0,0.0,0.0
2021-03-17,128.42,40.25,3.19055900621118,3.2247031236366497,,,,0,0.0,0.0,0.0
2021-03-18,128.7,40.04,3.214285714285714,3.2193988773211677,,,,0,0.0,0.0,0.0
2021-03-19,128.01,39.52,3.23911943319838,3.2184126373785653,,,,0,0.0,0.0,0.0
2021-03-22,130.18,40.22,3.236698160119344,3.2185838827928195,,,,0,0.0,0.0,0.0
2021-03-23,132.6,40.74,3.254786450662739,3.227089752895471,,,,0,0.0,0.0,0.0
2021-03-24,132.56,40.56,3.2682445759368837,3.242626866840612,,,,0,0.0,0.0,0.0
2021-03-25,133.48,40.6,3.287684729064039,3.2573066697962774,,,,0,0.0,0.0,0.0
2021-03-26,135.45,40.44,3.349406528189911,3.2793640887945834,,,,0,0.0,0.0,0.0
2021-03-29,137.57,40.98,3.3570034163006346,3.3034251400308414,,,,0,0.0,0.0,0.0
2021-03-30,135.45,40.62,3.3345642540620384,3.3193807007107012,3.1825891855623225,0.1120105886204773,1.221237356513374,-2,1.0,0.0,0.0
2021-03-31,135.43,40.56,3.3390039447731756,3.3335325744779594,3.1867485541554377,0.11312113440510575,1.2975826408959399,-2,1.0,0.0,0.0
2021-04-01,134.28,40.22,3.338637493784187,3.3437231274219896,3.190281000512616,0.11451457511263684,1.3399353467316075,-2,1.0,0.0,0.0
2021-04-05,136.45,40.22,3.392590750870214,3.3523599719580495,3.194529574813554,0.11722646803594002,1.3463716837063369,-2,1.0,0.0,0.0
2021-04-06,136.5,40.885,3.3386327503974567,3.3486858387774143,3.1981346263127572,0.11828963000830169,1.2727338182906756,-2,1.0,0.0,0.0
2021-04-07,136.74,41.335,3.308092415628402,3.343391471090687,3.2012882264983245,0.11866245358372712,1.1975417691165111,-2,1.0,0.0,0.0
2021-04-08,137.26,41.66,3.2947671627460395,3.33454411468526,3.2041742915295988,0.11879727433905721,1.0974142620778922,-2,1.0,0.0,0.0
2021-04-09,136.37,41.31,3.3011377390462355,3.327044163737669,3.2063312620241557,0.11937153203762459,1.0112369310587885,-2,1.0,0.0,0.0
2021-04-12,136.92,41.355,3.3108451215088865,3.310695037865404,3.2089461439512643,0.1199218334294732,0.8484601261035501,0,1.0,0.0,0.0
2021-04-13,135.11,41.38,3.2651039149347514,3.295989270772863,3.2113816915152897,0.11954686961446256,0.7077356314760203,0,1.0,0.0,0.0
2021-04-14,135.6,41.19,3.2920611798980337,3.2927830236267894,3.215126634712346,0.11847352316894846,0.6554746312701619,0,1.0,0.0,0.0
2021-04-15,137.24,41.655,3.294682511103109,3.292766093298203,3.2192124753923386,0.11688241939793532,0.6292958195487484,0,1.0,0.0,0.0
2021-04-16,137.25,41.64,3.2961095100864553,3.2917604475062476,3.223634577763907,0.11463004781671716,0.5943107504523382,0,1.0,0.0,0.0
2021-04-19,136.61,41.32,3.306147144240078,3.290820852052485,3.228576221530187,0.1115997633240012,0.5577487681724453,0,1.0,0.0,0.0
2021-04-20,137.75,41.28,3.3369670542635657,3.3051934799182483,3.23470246549077,0.1071302390691599,0.6579936257023717,0,1.0,0.0,0.0
2021-04-21,136.85,41.395,3.305954825462012,3.307972209031044,3.2404400104541438,0.10132252148720862,0.6665072837278899,0,1.0,0.0,0.0
2021-04-22,134.63,41.315,3.258622776231393,3.3007602620567007,3.2445996627989753,0.0966784918556788,0.5809006551484245,0,1.0,0.0,0.0
2021-04-23,133.94,41.135,3.256107937279689,3.2927599474953473,3.249983808871145,0.08760395648252281,0.4882900309729299,0,1.0,0.0,0.0
2021-04-26,131.26,40.86,3.2124326970141945,3.2740170580501706,3.2532660455478064,0.08219170211322015,0.2524708938839036,0,1.0,0.0,0.0
2021-04-27,131.18,40.525,3.237014188772363,3.2540264849519303,3.2568192694487292,0.07651681273526267,-0.03649896535107417,0,1.0,0.0,0.0
2021-04-28,131.4,40.775,3.2225628448804415,3.237348088835616,3.260247948442351,0.06990473519445516,-0.32758667267723696,0,1.0,0.0,0.0
2021-04-29,132.51,42.13,3.1452646570140037,3.214676464992138,3.262715570159786,0.06270445902339761,-0.7661194421551859,0,1.0,0.0,0.0
2021-04-30,133.42,42.315,3.153019023986766,3.1940586823335537,3.265700235319713,0.05208957392223139,-1.3753530234883173,-2,1.0,0.0,0.0
2021-05-03,135.0,42.315,3.1903580290677067,3.189643748744256,3.2659960557615553,0.051600039675731096,-1.4796947346769131,-2,1.0,0.0,0.0
2021-05-04,134.54,42.04,3.200285442435775,3.1822979994769387,3.265075352498969,0.052278380799986965,-1.583395502219744,-1,0.99988,0.002229820127843021,-0.007136060894386299
2021-05-05,133.46,42.215,3.1614355087054364,3.170072532241938,3.2633327373996437,0.05396277603086911,-1.7282321633037716,-1,0.996222983605412,0.002229820127843021,-0.007136060894386299
2021-05-06,135.14,43.045,3.139505169009176,3.1689206346409717,3.26136668430929,0.05627924391472115,-1.642631336845958,-1,0.9940461508778475,0.002229820127843021,-0.007136060894386299
2021-05-07,135.15,42.73,3.162883220219986,3.170893473887616,3.259815279709774,0.05769576469107072,-1.541218949056063,-1,0.9963163082608578,0.002229820127843021,-0.007136060894386299
2021-05-10,137.67,42.785,3.2177164894238635,3.176365165958847,3.258644161160886,0.05782730531466801,-1.4228398635266928,-2,1.0015429716338309,0.002229820127843021,-0.007136060894386299
2021-05-11,136.99,42.205,3.24582395450776,3.1854728683732447,3.259042666099896,0.05765201521382088,-1.2761010600200937,-2,1.0041656092656417,0.002229820127843021,-0.007136060894386299
2021-05-12,135.54,42.445,3.19330898810225,3.1918475642526074,3.259044312822885,0.05765010433947801,-1.1655963044677853,-2,0.9992197154656165,0.002229820127843021,-0.007136060894386299
2021-05-13,137.72,42.765,3.2203905062551152,3.2080246317017953,3.2589235180778906,0.05772457017038234,-0.881754272502332,0,1.0016747309636798,0.0,0.0
2021-05-14,138.01,42.94,3.214019562179786,3.2182519000937546,3.2580981365472423,0.058010751412302115,-0.686876751005809,0,1.0016747309636798,0.0,0.0
2021-05-17,137.73,43.105,3.195220972045006,3.213752796617983,3.2570965910749243,0.05857563394289109,-0.7399628743104979,0,1.0016747309636798,0.0,0.0
2021-05-18,136.32,42.79,3.1857910726805327,3.201746220252538,3.2550960427041304,0.05893190209767702,-0.9052791536096613,0,1.0016747309636798,0.0,0.0
2021-05-19,136.6,42.815,3.1904706294522946,3.2011785485225466,3.2540528661201717,0.059519571843822894,-0.8883517800895038,0,1.0016747309636798,0.0,0.0
2021-05-20,138.0,42.965,3.2119166763644826,3.1994837825444207,3.2521623916935125,0.05901603097270495,-0.8926152484475924,0,1.0016747309636798,0.0,0.0
2021-05-21,138.0,42.775,3.2261835184102865,3.2019165737905206,3.250719694423364,0.0585662520294603,-0.8332976576389761,0,1.0016747309636798,0.0,0.0
2021-05-24,137.96,42.705,3.230535066151505,3.2089793926118206,3.2494096997896618,0.058114802040276456,-0.6956972364772216,0,1.0016747309636798,0.0,0.0
2021-05-25,138.43,43.065,3.214443283408801,3.214709834757474,3.248095042271489,0.05799665083088328,-0.5756402660451152,0,1.0016747309636798,0.0,0.0
2021-05-26,138.12,43.035,3.209480655280586,3.2185118399231323,3.247415347701401,0.05820940188702439,-0.49654363111935435,0,1.0016747309636798,0.0,0.0
2021-05-27,134.98,41.9,3.2214797136038187,3.2204244473709998,3.2472591771358967,0.05826713974842273,-0.4605465427127541,0,1.0016747309636798,0.0,0.0
2021-05-28,134.85,42.265,3.1905832248905712,3.2133043886670563,3.247611658318773,0.05785084866263414,-0.5930296693102043,0,1.0016747309636798,0.0,0.0
2021-06-01,132.88,42.4,3.1339622641509433,3.193989828266944,3.245882227880202,0.059673627151977535,-0.8696035768212628,0,1.0016747309636798,0.0,0.0
2021-06-02,133.46,42.5,3.1402352941176472,3.179148230408713,3.243673638737604,0.06109762343997936,-1.0561034078891607,-2,1.0016747309636798,0.0,0.0
2021-06-03,135.85,42.68,3.1829896907216493,3.173850037496926,3.2430344191756806,0.06153428392310639,-1.1243225283194642,-2,1.0016747309636798,0.0,0.0
2021-06-04,135.95,42.73,3.181605429440674,3.165875180664297,3.242194848075834,0.062029331342729324,-1.2303803016971042,-2,1.0016747309636798,0.0,0.0
2021-06-07,136.42,42.66,3.1978434130332865,3.16732721829284,3.2414787891953365,0.06229304691744773,-1.1903667354843623,-2,1.0016747309636798,0.0,0.0
2021-06-08,134.84,42.77,3.1526771101239186,3.1710701874874347,3.239955897148879,0.06333726910137712,-1.0876015123289613,-2,1.0016747309636798,0.0,0.0
2021-06-09,134.79,42.76,3.152245088868101,3.173472146437526,3.238562616412546,0.06434082409813824,-1.0116511699591884,-2,1.0016747309636798,0.0,0.0
2021-06-10,135.79,42.805,3.1722929564303235,3.1713327995792606,3.2378965473505597,0.0648228127165486,-1.0268568268143967,-2,1.0016747309636798,0.0,0.0
2021-06-11,134.86,42.735,3.1557271557271562,3.166157144836557,3.2373160165091597,0.06540727309060222,-1.087935153236449,-2,1.0016747309636798,0.0,0.0
2021-06-14,134.91,42.95,3.1410942956926657,3.154807321368433,3.2360961595326088,0.0665171715678166,-1.2220729812797109,-2,1.0016747309636798,0.0,0.0
2021-06-15,134.65,43.375,3.1043227665706055,3.1451364526577708,3.2338495484221457,0.06865533715963924,-1.2921514835488583,-2,1.0016747309636798,0.0,0.0
2021-06-16,132.78,43.47,3.054520358868185,3.1255915066577873,3.2308132517346264,0.07245073857605343,-1.45232122052676,-2,1.0016747309636798,0.0,0.0
2021-06-17,133.99,43.52,3.078814338235294,3.106895783018781,3.227880383194169,0.0749813891099175,-1.6135283916657375,-1,1.0015547309636799,0.002238973057690872,-0.006893382352941175
2021-06-18,132.03,43.07,3.0654748084513583,3.088845313563622,3.2245008870694103,0.0776532227349887,-1.7469406771274325,-1,1.0002683658294294,0.002238973057690872,-0.006893382352941175
2021-06-21,133.07,43.045,3.0914159600418163,3.078909646433452,3.22122974091904,0.07906752458019779,-1.7999816642954778,-1,1.0027692323682513,0.002238973057690872,-0.006893382352941175
2021-06-22,133.12,43.145,3.08540966508286,3.0751270261359025,3.2168297932005894,0.07915924359663903,-1.7900975379040045,-1,1.0021918427858418,0.002238973057690872,-0.006893382352941175
2021-06-23,132.93,42.615,3.119324181626188,3.0880877906875033,3.2128684726226817,0.07796371831026506,-1.6004968033797489,-1,1.0054199305519393,0.002238973057690872,-0.006893382352941175
2021-06-24,133.02,42.485,3.130987407320231,3.098522404504491,3.209475525176985,0.07700165759670302,-1.4409186001373138,-2,1.006517577833014,0.002238973057690872,-0.006893382352941175
2021-06-25,134.92,42.59,3.1678797839868507,3.119003399611589,3.206623455830546,0.07527245397463068,-1.164038789654555,-2,1.0100478214955677,0.002238973057690872,-0.006893382352941175
2021-06-28,135.32,42.84,3.158730158730158,3.1324662393492573,3.2036250002463125,0.07348667754865912,-0.9683219227041188,0,1.0091004070635754,0.0,0.0
2021-06-29,134.4,42.745,3.1442273950169612,3.1442297853360777,3.1994856109820917,0.06955173209903495,-0.7944564999090906,0,1.0091004070635754,0.0,0.0
2021-06-30,134.93,42.305,3.189457510932514,3.158256451197343,3.196999356991009,0.06711701288392745,-0.5772441908382918,0,1.0091004070635754,0.0,0.0
2021-07-01,135.24,42.61,3.1739028397089886,3.166839537675094,3.1947628640590193,0.06557032440141143,-0.42585310716144753,0,1.0091004070635754,0.0,0.0
2021-07-02,135.9,42.7,3.182669789227166,3.1697975387231576,3.192894574500371,0.06425644219299267,-0.3594508968897184,0,1.0091004070635754,0.0,0.0
2021-07-06,135.98,42.92,3.1682199440820127,3.1716954957935286,3.190679277917634,0.06273462183272345,-0.3026045518330229,0,1.0091004070635754,0.0,0.0
2021-07-07,137.0,43.6,3.142201834862385,3.171290383762613,3.187868556473526,0.06101382963961017,-0.27171172189706505,0,1.0091004070635754,0.0,0.0
2021-07-08,136.98,42.97,3.1878054456597624,3.170959970708063,3.186580248652276,0.06016554509723459,-0.25962164755539935,0,1.0091004070635754,0.0,0.0
2021-07-09,137.03,42.95,3.1904540162980206,3.174270206025869,3.184886795925609,0.05855468087428168,-0.18131069525481625,0,1.0091004070635754,0.0,0.0
2021-07-12,137.14,43.075,3.1837492745211833,3.1744861030846727,3.183037908649243,0.05675273163275849,-0.1506853559033647,0,1.0091004070635754,0.0,0.0
2021-07-13,136.97,43.405,3.1556272318857275,3.171967560645416,3.1806965373458977,0.054875624747343796,-0.1590683794612181,0,1.0091004070635754,0.0,0.0
2021-07-14,137.98,43.05,3.2051103368176537,3.1845492610364694,3.179012590555524,0.05245769167240468,0.10554544632885084,0,1.0091004070635754,0.0,0.0
2021-07-15,139.16,42.865,3.2464714802286245,3.1962824679502417,3.1775043309882753,0.04902807115256696,0.3830078671366053,0,1.0091004070635754,0.0,0.0
2021-07-16,140.51,43.58,3.22418540614961,3.2030287459205598,3.1761415073330688,0.046466592673112636,0.5786358981955002,0,1.0091004070635754,0.0,0.0
2021-07-19,140.44,43.46,3.2314772204325815,3.2125743351028397,3.1756890814030885,0.04577692963397425,0.8057607619095569,0,1.0091004070635754,0.0,0.0
2021-07-20,139.69,43.215,3.2324424389679507,3.2279373765192845,3.1752946564312263,0.045170210459991214,1.1654300378937925,-2,1.0091004070635754,0.0,0.0
2021-07-21,139.2,43.03,3.2349523588194278,3.233905780919639,3.1756699841279796,0.045575767053818904,1.2777798500437934,-2,1.0091004070635754,0.0,0.0
2021-07-22,137.8,40.505,3.4020491297370694,3.2650213108213277,3.1784205664773917,0.05361228450449885,1.6153153170831396,1,1.0089804070635755,-0.0021770682148040637,0.007406493025552401
2021-07-23,139.79,41.44,3.373310810810811,3.2948463917535675,3.1809330325762306,0.05897963787923065,1.9314014679200135,1,1.011573112295007,-0.0021770682148040637,0.007406493025552401
2021-07-26,140.28,40.31,3.4800297692880178,3.3445569015246557,3.1865124511141314,0.07029671902084843,2.2482478928163325,2,1.0020162207782721,0.0,0.0
2021-07-27,140.85,40.515,3.4764901888189557,3.393366451494856,3.191903637194668,0.07948749811763298,2.534522020079744,2,1.0020162207782721,0.0,0.0
2021-07-28,138.76,40.495,3.4265958760340784,3.431695154937787,3.195840934644108,0.08506482059390198,2.7726411299877203,2,1.0020162207782721,0.0,0.0
2021-07-29,139.48,41.07,3.396152909666423,3.430515910923657,3.1991053924312847,0.08890969814852656,2.602759016297566,2,1.0020162207782721,0.0,0.0
2021-07-30,142.23,41.51,3.4264032763189594,3.441134404025287,3.2035215218915103,0.09347040744264862,2.542118822789669,2,1.0020162207782721,0.0,0.0
2021-08-02,141.88,41.33,3.4328574885071377,3.431699947869111,3.208410727216476,0.09764419492988137,2.286763906579182,2,1.0020162207782721,0.0,0.0
2021-08-03,143.95,41.555,3.4640837444350856,3.429218658992337,3.213430735953395,0.10286677643750718,2.0977416665723525,2,1.0020162207782721,0.0,0.0
2021-08-04,142.43,41.245,3.453267062674264,3.434552896320374,3.217356578840901,0.10742685405629404,2.021806552816461,2,1.0020162207782721,0.0,0.0
2021-08-05,142.5,41.0,3.475609756097561,3.4504442656066017,3.221186342200731,0.11243796754668754,2.0389724966406555,2,1.0020162207782721,0.0,0.0
2021-08-06,141.41,40.92,3.455767350928641,3.456317080528538,3.225560648247838,0.11637159402042424,1.9829274852091507,1,1.0018962207782722,-0.0021214907007990947,0.007331378299120234
2021-08-09,142.18,41.245,3.4472057219056857,3.4591867272082473,3.229340901842014,0.1198332821451311,1.918046649910373,1,1.0026453708858711,-0.0021214907007990947,0.007331378299120234
2021-08-10,142.27,41.07,3.464085707328951,3.4591871197870203,3.233508670927834,0.12358137903282912,1.8261525371005574,1,1.0011714455204532,-0.0021214907007990947,0.007331378299120234
2021-08-11,142.62,41.365,3.447842378822676,3.4581021830167034,3.2377190277074614,0.12652315669186592,1.7418404746726508,1,1.002591680373414,-0.0021214907007990947,0.007331378299120234
2021-08-12,142.95,41.3,3.4612590799031477,3.4552320477778204,3.2423101611611713,0.1295682120997077,1.6433188601290383,1,1.0014150488527076,-0.0021214907007990947,0.007331378299120234
2021-08-13,143.64,41.59,3.4537148352969456,3.454821544651481,3.246697564591916,0.13221304163235068,1.5741562064527839,1,1.0020773199759012,-0.0021214907007990947,0.007331378299120234
2021-08-16,144.64,41.3,3.502179176755448,3.4658162356214333,3.2515352729317653,0.13617000546624056,1.573628215376644,1,0.9978297295683571,-0.0021214907007990947,0.007331378299120234
2021-08-17,144.88,41.635,3.479764621112045,3.4689520183780522,3.2557616246434615,0.13926977563487405,1.530772866996753,1,0.9997765835303706,-0.0021214907007990947,0.007331378299120234
2021-08-18,143.3,41.015,3.4938437157137634,3.47815228575627,3.2601501021361656,0.14257078721568575,1.5290803107533062,1,0.9985830842921787,-0.0021214907007990947,0.007331378299120234
2021-08-19,144.99,41.08,3.5294547224926975,3.49179141427418,3.265400292787563,0.146602271112507,1.5442538493341442,1,0.995474304597271,-0.0021214907007990947,0.007331378299120234
2021-08-20,145.09,41.355,3.508402853343006,3.502729017883392,3.2703823294219374,0.1497158509243069,1.5519177630625374,1,0.9972782845594491,-0.0021214907007990947,0.007331378299120234
2021-08-23,144.35,41.155,3.5074717531284167,3.5037875331579853,3.2751488634140142,0.1526562585549153,1.4977353166409648,-2,0.9973819120182165,-0.0021214907007990947,0.007331378299120234
2021-08-24,143.18,40.825,3.507164727495407,3.5092675544346577,3.2804252217907615,0.15513480632009813,1.4751192080758029,-2,0.9974447012994416,-0.0021214907007990947,0.007331378299120234
2021-08-25,142.67,40.4,3.531435643564356,3.5167859400047767,3.287049778114318,0.1572466177521955,1.4609927079798901,-2,0.9954108257797231,-0.0021214907007990947,0.007331378299120234
2021-08-26,142.42,40.625,3.5057230769230765,3.5120396108908523,3.2931412411610754,0.1585367728530809,1.3807419300292822,-2,0.9975907585722249,-0.0021214907007990947,0.007331378299120234
2021-08-27,142.31,40.45,3.5181705809641532,3.513993156415082,3.298727589331784,0.16048301008382965,1.3413604777904675,-2,0.9965411313469668,-0.0021214907007990947,0.007331378299120234
2021-08-30,142.93,40.45,3.533498145859085,3.5191984349612158,3.304592467938757,0.16254693198771608,1.3202707943984868,-2,0.9952258071124713,-0.0021214907007990947,0.007331378299120234
2021-08-31,142.39,40.46,3.5192782995551157,3.521621149373157,3.3099497160474542,0.16425700407914082,1.2886600149100322,-2,0.996444725873894,-0.0021214907007990947,0.007331378299120234
2021-09-01,143.84,40.44,3.556874381800198,3.526708897020326,3.316686337242059,0.1659771085926694,1.2653706379094205,-2,0.9932219367917529,-0.0021214907007990947,0.007331378299120234
2021-09-02,143.95,39.61,3.634183287048725,3.552400939045456,3.3247186405450693,0.1695081593565775,1.343193739844901,-2,0.9869035288263952,-0.0021214907007990947,0.007331378299120234
2021-09-03,144.05,39.78,3.6211664152840624,3.573000105909437,3.3321998648592985,0.1725451314163821,1.3955782992743202,-2,0.9879377140671657,-0.0021214907007990947,0.007331378299120234
2021-09-07,143.51,39.89,3.597643519679117,3.5858291806734437,3.339565137591831,0.1743073655018961,1.4128148995455598,-2,0.9898897706585005,-0.0021214907007990947,0.007331378299120234
2021-09-08,144.6,40.225,3.5947793660658793,3.6009293939755964,3.347126555431385,0.1753888429365778,1.4470865665952803,-2,0.9900333575248347,-0.0021214907007990947,0.007331378299120234
2021-09-09,143.99,39.655,3.6310679611650487,3.615768109848567,3.3559056420079587,0.1762104975666732,1.4747275073227875,-2,0.9871485812218236,-0.0021214907007990947,0.007331378299120234
2021-09-10,144.13,39.59,3.6405657994443037,3.6170446123276827,3.365673066017561,0.17546221717685323,1.4326249283443027,-2,0.9863750329342689,-0.0021214907007990947,0.007331378299120234
2021-09-13,145.68,39.98,3.643821910955478,3.6215757114619658,3.3750898588962306,0.1749668579120184,1.4087573812960619,-2,0.9859459598846871,-0.0021214907007990947,0.007331378299120234
2021-09-14,145.43,40.075,3.6289457267623204,3.6278361528786065,3.3844810408680797,0.17317965321375833,1.4052176886516214,-2,0.9871728134983033,-0.0021214907007990947,0.007331378299120234
2021-09-15,145.12,39.69,3.6563366087175613,3.6401476014089424,3.3938963850126753,0.17233096511922075,1.428943522865478,-2,0.9850078949703898,-0.0021214907007990947,0.007331378299120234
2021-09-16,144.11,39.46,3.6520527116066908,3.6443445514972708,3.4033404357880728,0.1706572021294746,1.4122118064865052,-2,0.9854643835693991,-0.0021214907007990947,0.007331378299120234
2021-09-17,144.34,39.18,3.6840224604389995,3.65303588369621,3.4127520737682864,0.17029940674114225,1.4109491895832542,-2,0.9829236547844616,-0.0021214907007990947,0.007331378299120234
2021-09-20,142.89,39.88,3.5829989969909724,3.6408713009033087,3.420285600262799,0.1676001514181746,1.3161426095023772,-2,0.9911317811100046,-0.0021214907007990947,0.007331378299120234
2021-09-21,143.11,40.13,3.5661599800647896,3.628314151563802,3.4269236035307644,0.16530535114524236,1.2182941848996143,-2,0.9924978977306087,-0.0021214907007990947,0.007331378299120234
2021-09-22,143.6,40.195,3.572583654683418,3.6115635607569745,3.4338211617966516,0.16253605785000325,1.0935567240369075,-2,0.99193490687666,-0.0021214907007990947,0.007331378299120234
2021-09-23,144.19,39.91,3.612878977699825,3.603728813975601,3.441632021508033,0.1596180194521752,1.015529405914822,-2,0.9885937845479392,-0.0021214907007990947,0.007331378299120234
2021-09-24,143.55,39.9,3.597744360902256,3.5864731940682524,3.4484368023408623,0.15737236378386915,0.8771323529013358,0,0.9897588124166126,0.0,0.0
2021-09-27,141.66,39.65,3.5727616645649434,3.5844257275830467,3.4550844494217947,0.15396642238600192,0.8400615936699923,0,0.9897588124166126,0.0,0.0
2021-09-28,140.59,40.125,3.5038006230529595,3.57195385618068,3.4604366299855576,0.14986313882867705,0.7441271220310441,0,0.9897588124166126,0.0,0.0
2021-09-29,142.02,40.635,3.4950166112956813,3.556440447503133,3.4658832411057854,0.14491984409979775,0.6248778899802448,0,0.9897588124166126,0.0,0.0
2021-09-30,139.8,40.05,3.4906367041198507,3.5319919927871384,3.471690488926743,0.13857162042032173,0.4351648893004665,0,0.9897588124166126,0.0,0.0
2021-10-01,139.58,39.73,3.5132141958217975,3.5150859597710467,3.4771139680961105,0.13354947017354774,0.2843290327216685,0,0.9897588124166126,0.0,0.0
2021-10-04,138.79,39.485,3.515005698366468,3.5035347665313514,3.4825231627972513,0.1282078879916565,0.16388698123993392,0,0.9897588124166126,0.0,0.0
2021-10-05,139.33,39.185,3.5556973331632005,3.5139141085533994,3.4887222971079512,0.12237628529645501,0.20585533695863772,0,0.9897588124166126,0.0,0.0
2021-10-06,141.19,38.78,3.6407942238267146,3.5430696310596064,3.4968084136403017,0.11584851217091553,0.3993250888803285,0,0.9897588124166126,0.0,0.0
2021-10-07,142.32,38.74,3.6737222509034586,3.579686740416328,3.5046186122083984,0.11156685114980054,0.6728533380146736,0,0.9897588124166126,0.0,0.0
2021-10-08,141.73,38.665,3.6655890340100865,3.610161708053986,3.5116039047714227,0.10819994442709707,0.9108858955927597,0,0.9897588124166126,0.0,0.0
2021-10-11,142.32,38.65,3.6822768434670117,3.6436159370740944,3.5192387620600463,0.10364123634298894,1.2000742117976664,-2,0.9897588124166126,0.0,0.0
2021-10-12,142.11,38.515,3.689731273529794,3.670422725147413,3.526876329611666,0.09885015982194349,1.4521614916385952,-2,0.9897588124166126,0.0,0.0
2021-10-13,142.44,38.655,3.684904928211098,3.67924486602429,3.534417371099052,0.09309914301025893,1.5556265100021263,1,0.9896388124166126,-0.0021061499578770007,0.0077609623593325565
2021-10-14,144.05,38.8,3.712628865979382,3.687026189039474,3.5423786462183844,0.08730005771657602,1.6569008841975257,1,0.9873732505265337,-0.0021061499578770007,0.0077609623593325565
2021-10-15,144.42,38.535,3.7477617750097316,3.7034607372394035,3.5481405236395958,0.08926769938661346,1.7399374540518235,1,0.9845373200168961,-0.0021061499578770007,0.0077609623593325565
2021-10-18,142.34,38.385,3.708219356519474,3.7086492398498963,3.5537223327347403,0.08861887694942432,1.7482382134403975,1,0.9877539675753804,-0.0021061499578770007,0.0077609623593325565
2021-10-19,140.66,37.87,3.7142857142857144,3.71356012800108,3.5576265984847018,0.09045838296592695,1.72381513358595,1,0.9872954038895575,-0.0021061499578770007,0.0077609623593325565
2021-10-20,141.21,38.19,3.6975648075412417,3.7160921038671093,3.561311175463407,0.09159282064322986,1.6898805748826256,1,0.9886205293677115,-0.0021061499578770007,0.0077609623593325565
2021-10-21,139.33,38.635,3.606315517018248,3.6948294340748817,3.564306502813142,0.09003806186802939,1.4496417243304265,-2,0.9960337195384232,-0.0021061499578770007,0.0077609623593325565
2021-10-22,140.83,38.93,3.6175186231697922,3.668780803706894,3.567995931371532,0.08753144600961958,1.1514133140709866,-2,0.9951639784976108,-0.0021061499578770007,0.0077609623593325565
2021-10-25,140.85,38.795,3.630622502899858,3.6532614329829713,3.5713995851478804,0.08588739221482818,0.9531299731435763,0,0.993954578028684,0.0,0.0
2021-10-26,142.85,39.18,3.645992853496682,3.639602860825164,3.5749518412310395,0.08445589924211676,0.7655003401098613,0,0.993954578028684,0.0,0.0
2021-10-27,141.83,38.93,3.6432057539172877,3.628731050100374,3.577937208055743,0.0836322917214195,0.607347245891887,0,0.993954578028684,0.0,0.0
2021-10-28,142.68,39.0,3.6584615384615384,3.6391602543890316,3.5813571159855306,0.08263735656663881,0.6994795187681063,0,0.993954578028684,0.0,0.0
2021-10-29,142.99,39.12,3.6551635991820044,3.646689249591474,3.584349680036938,0.08199158656521968,0.7603166637707213,0,0.993954578028684,0.0,0.0
2021-11-01,142.64,39.295,3.6299783687492044,3.6465604227613433,3.587253197000614,0.08043076114996661,0.7373699429519055,0,0.993954578028684,0.0,0.0
2021-11-02,144.06,39.59,3.6387976761808534,3.6451213872981776,3.5904463962385336,0.07855787888737527,0.6959835453045897,0,0.993954578028684,0.0,0.0
2021-11-03,145.05,39.445,3.6772721510964637,3.651934666734013,3.5939995036346586,0.07756061527371165,0.7469662649645206,0,0.993954578028684,0.0,0.0
2021-11-04,145.32,39.0,3.726153846153846,3.665473128272475,3.5986380280901784,0.0769916574858258,0.8680823658667279,0,0.993954578028684,0.0,0.0
2021-11-05,146.04,39.0,3.7446153846153845,3.6833634853591506,3.603360633168715,0.07711244676421912,1.0374829946072663,-2,0.993954578028684,0.0,0.0
2021-11-08,144.95,38.8,3.7358247422680413,3.704532760062918,3.608062464951567,0.07643096800756687,1.2621885817513152,-2,0.993954578028684,0.0,0.0
2021-11-09,145.39,39.075,3.720793346129238,3.720931894052595,3.6117060344411303,0.076508593103086,1.4276286516508814,-2,0.993954578028684,0.0,0.0
2021-11-10,146.82,39.18,3.7473200612557425,3.73494147608445,3.6161652917768583,0.0764852764668724,1.5529287438613972,1,0.993834578028684,-0.002043318348998774,0.007656967840735069
2021-11-11,146.4,39.19,3.7356468486858896,3.736840076590859,3.6201953439930605,0.07630099280465054,1.5287446245481737,1,0.9947693414136708,-0.002043318348998774,0.007656967840735069
2021-11-12,146.56,39.155,3.743072404546035,3.736531480576989,3.62375563869395,0.07697600532963571,1.4650778693970592,-2,0.9941744166034053,-0.002043318348998774,0.007656967840735069
2021-11-15,147.4,39.075,3.7722328854766474,3.743813109218711,3.628152805896177,0.07780594519501197,1.486522694797218,-2,0.9918454717629877,-0.002043318348998774,0.007656967840735069
2021-11-16,147.19,38.745,3.798941798941799,3.7594427997812225,3.6330106399930666,0.07922946634219671,1.5957719472965777,1,0.9897477692288348,-0.002043318348998774,0.007656967840735069
2021-11-17,147.1,38.555,3.8153287511347425,3.7730445377570225,3.638146707053722,0.08090391253471776,1.6673832757521163,1,0.9884768439905051,-0.002043318348998774,0.007656967840735069
2021-11-18,147.12,38.23,3.84828668584881,3.7955725051896065,3.6434275577584634,0.08409835417373314,1.809131093301031,1,0.9859474630752861,-0.002043318348998774,0.007656967840735069
2021-11-19,146.82,38.49,3.8144972720187056,3.8098574786841413,3.6485737943433905,0.08497185529505674,1.8980835922754473,1,0.9885512702185769,-0.002043318348998774,0.007656967840735069
2021-11-22,147.8,38.58,3.8310005184033185,3.8216110052694754,3.6537876266340428,0.08641996631615716,1.9419514469777825,1,0.9872379453422242,-0.002043318348998774,0.007656967840735069
2021-11-23,149.44,39.025,3.8293401665598976,3.8276906787930947,3.6587183269790566,0.0878680299782081,1.9230242427871023,1,0.9872942539389934,-0.002043318348998774,0.007656967840735069
2021-11-24,148.66,39.085,3.8035051810157348,3.8253259647692928,3.663455441670067,0.08788474225581812,1.841850120332003,1,0.9893474603216565,-0.002043318348998774,0.007656967840735069
2021-11-26,147.47,39.515,3.73200050613691,3.802068728826913,3.666374210409012,0.08719039154064166,1.5563012852700675,1,0.9950715053284811,-0.002043318348998774,0.007656967840735069
2021-11-29,149.02,39.21,3.800561081356797,3.7992814906945314,3.66914717364748,0.08878045665270118,1.4657991404135435,-2,0.9895689866961087,-0.002043318348998774,0.007656967840735069
2021-11-30,144.58,38.59,3.74656646799689,3.7823946806132462,3.671237174526027,0.0891072204333745,1.2474579001185622,-2,0.9938940001044075,-0.002043318348998774,0.007656967840735069
2021-12-01,146.4,38.545,3.798157997146193,3.7761582467305046,3.674579082483812,0.09005539495986979,1.127963119721569,-2,0.9898305971563967,-0.002043318348998774,0.007656967840735069
2021-12-02,147.26,38.72,3.803202479338843,3.7760977063951264,3.678052801038361,0.0909405147133748,1.078121293526676,-2,0.9894133127483864,-0.002043318348998774,0.007656967840735069
2021-12-03,149.88,38.79,3.8638824439288477,3.8024740939535144,3.681933042417758,0.09382296350518468,1.2847713079228755,-2,0.984595806422861,-0.002043318348998774,0.007656967840735069
2021-12-06,152.15,39.27,3.8744588744588744,3.8172536525739296,3.685831260334667,0.09688411226988099,1.3564906480556018,-2,0.9836328183341867,-0.002043318348998774,0.007656967840735069
2021-12-07,151.75,39.53,3.8388565646344546,3.835711671901443,3.6890818378959835,0.09870546191169818,1.4855290798054739,-2,0.9864409573123772,-0.002043318348998774,0.007656967840735069
2021-12-08,152.43,39.535,3.8555710130264327,3.84719427507749,3.6928589260003855,0.10068154480216991,1.532906049270098,1,0.9850897856742618,-0.002043318348998774,0.007656967840735069
2021-12-09,153.32,39.82,3.8503264691109993,3.856619073031921,3.6960920903402763,0.10258560548708744,1.5648100133488085,1,0.9854534681782624,-0.002043318348998774,0.007656967840735069
2021-12-10,155.46,40.155,3.8714979454613374,3.8581421733384196,3.69974951090452,0.10487520625675932,1.5102965523244518,1,0.9836458511380513,-0.002043318348998774,0.007656967840735069
2021-12-13,157.67,40.215,3.9206763645405935,3.8673856713547634,3.7036937426395466,0.10865570262467779,1.5065194440888847,1,0.9795895356572082,-0.002043318348998774,0.007656967840735069
2021-12-14,158.25,40.215,3.935098843715031,3.886634127170879,3.7095620734182813,0.1114977009619132,1.588122913970077,1,0.9784044110147889,-0.002043318348998774,0.007656967840735069
2021-12-15,158.86,39.695,4.002015367174708,3.9159229980005335,3.716826329870113,0.11609983322450217,1.7148747125710955,1,0.9731763635447175,-0.002043318348998774,0.007656967840735069
2021-12-16,161.11,39.825,4.045448838669178,3.9549474719121696,3.7247074162698754,0.12203995023752075,1.886595784365599,1,0.9695743030787658,-0.002043318348998774,0.007656967840735069
2021-12-17,157.46,39.82,3.9542943244600703,3.971506747711916,3.730397672049213,0.12466857934471036,1.9340003465992266,1,0.9769941302134076,-0.002043318348998774,0.007656967840735069
2021-12-20,157.86,39.815,3.9648373728494293,3.980338949373683,3.7365158889149996,0.12703343638118245,1.9193612910466853,1,0.9761385180346045,-0.002043318348998774,0.007656967840735069
2021-12-21,157.76,39.405,4.003552848623271,3.994029750355331,3.743695741982638,0.12976591819818564,1.929119847866132,1,0.973203493054803,-0.002043318348998774,0.007656967840735069
2021-12-22,159.32,39.26,4.0580743759551705,4.005241552111424,3.752933637864342,0.13210655382298614,1.9098818865955558,1,0.9689056560934582,-0.002043318348998774,0.007656967840735069
2021-12-23,160.1,39.53,4.050088540349102,4.006169492447409,3.762184836681899,0.13317002735251648,1.8321289002941665,1,0.9693792490982377,-0.002043318348998774,0.007656967840735069
2021-12-27,161.97,39.53,4.0973943840121425,4.034789504357823,3.7722974646801037,0.13522186743605377,1.9411951976025725,1,0.96555824378561,-0.002043318348998774,0.007656967840735069
2021-12-28,162.84,39.53,4.119402985074627,4.065702626802863,3.7824006111676507,0.13815036885611998,2.050678677016519,2,0.963653474042242,0.0,0.0
2021-12-29,164.19,39.71,4.134726769075799,4.091937410893368,3.792729295679473,0.14095790447587178,2.1226770951685894,2,0.963653474042242,0.0,0.0
2021-12-30,162.77,39.665,4.103617799067188,4.1010460955157715,3.8018613034445394,0.14307415497901352,2.0911169603980344,2,0.963653474042242,0.0,0.0
2021-12-31,163.58,39.455,4.1459891015080474,4.120226207747561,3.8102812180725616,0.14820795371262857,2.09128445478692,2,0.963653474042242,0.0,0.0
2022-01-03,162.9,39.455,4.128754277024458,4.126498186350024,3.8178650851745783,0.1526764658603068,2.021484447104201,2,0.963653474042242,0.0,0.0
2022-01-04,163.47,39.96,4.0908408408408405,4.120785757503266,3.824952615288424,0.1553350600991531,1.9044840361603275,1,0.963533474042242,-0.0018351991191044228,0.0075075075075075074
2022-01-05,164.21,39.59,4.1477645870169235,4.123393321091492,3.832710744347589,0.15965268193540688,1.8207184071076805,1,0.959397648916327,-0.0018351991191044228,0.0075075075075075074
2022-01-06,162.83,39.175,4.156477345245693,4.133965230327192,3.840489845542854,0.1638829972234906,1.790761639440358,1,0.9588146080850753,-0.0018351991191044228,0.0075075075075075074
2022-01-07,162.74,39.345,4.136230779006227,4.132013565826829,3.8480119430561066,0.16694978876352962,1.7011199886750774,1,0.960256052282071,-0.0018351991191044228,0.0075075075075075074
2022-01-10,160.52,39.665,4.046892726585151,4.115641255738967,3.853583007399536,0.1679297910773814,1.5605226842608022,1,0.9667325967288852,-0.0018351991191044228,0.0075075075075075074
2022-01-11,158.66,39.42,4.024860476915271,4.102445182953853,3.858201319097962,0.16877839142501253,1.4471275723966577,-2,0.9683067277510802,-0.0018351991191044228,0.0075075075075075074
2022-01-12,159.01,39.02,4.075089697590978,4.087910205068664,3.8643158247824867,0.1698945499544527,1.316077415939012,-2,0.9646614050563906,-0.0018351991191044228,0.0075075075075075074
2022-01-13,158.29,39.03,4.055598257750448,4.067734387569615,3.8700043671735656,0.17049895334355883,1.1597139836842265,-2,0.9660578234972209,-0.0018351991191044228,0.0075075075075075074
2022-01-14,159.81,39.365,4.059697701003429,4.052427771969056,3.876039915397935,0.17070075814348468,1.0333161872828691,-2,0.9657833358511972,-0.0018351991191044228,0.0075075075075075074
2022-01-18,156.73,35.165,4.456988482866486,4.134446923225323,3.8902177981620727,0.18281580182401605,1.3359300598005905,-2,0.9399042176065073,-0.0018351991191044228,0.0075075075075075074
2022-01-19,162.0,36.755,4.407563596789553,4.210987547200179,3.903385214389069,0.19110536674418088,1.609595471083108,1,0.942169655185764,-0.0018351991191044228,0.0075075075075075074
2022-01-20,162.0,36.555,4.431678292983176,4.282305266278618,3.9167361442237905,0.19952289071222679,1.8322164476961704,1,0.9406681536842625,-0.0018351991191044228,0.0075075075075075074
2022-01-21,162.62,36.75,4.425034013605442,4.356192417449618,3.9297201635589363,0.2068202920997806,2.0620426050115523,2,0.9408794259980519,0.0,0.0
2022-01-24,161.3,39.435,4.0902751363002405,4.362307904508979,3.9371713199319855,0.2043617417797521,2.0803139612852704,2,0.9408794259980519,0.0,0.0
2022-01-25,159.54,39.36,4.053353658536585,4.281580939643,3.94375285526657,0.20157346163799336,1.6759551660780463,1,0.9407594259980518,-0.0018804061677322303,0.007621951219512195
2022-01-26,158.15,38.31,4.128164969981728,4.225701214281434,3.9516362114465653,0.19933257265750534,1.3749132877834747,-2,0.9353701417907119,-0.0018804061677322303,0.007621951219512195
2022-01-27,159.13,38.475,4.135932423651721,4.1665520404151435,3.960068779028274,0.19617139821225668,1.052565579226057,-2,0.9347849656975538,-0.0018804061677322303,0.007621951219512195
2022-01-28,160.5,37.865,4.2387429024164796,4.12929381817735,3.9700678661322013,0.19480346776153387,0.8173671335258954,0,0.9274413369292887,0.0,0.0
2022-01-31,160.45,37.875,4.236303630363036,4.15849951698991,3.9793850574533107,0.19392898491539656,0.9236085034670816,0,0.9274413369292887,0.0,0.0
2022-02-01,159.74,37.49,4.260869565217392,4.200002698326071,3.9882969861043693,0.19438040432845569,1.0891309386514632,-2,0.9274413369292887,0.0,0.0
2022-02-02,162.6,37.825,4.2987442167878385,4.234118547687293,3.9975324666405774,0.19576533287212292,1.2085187789671517,-2,0.9274413369292887,0.0,0.0
2022-02-03,164.14,38.035,4.315498882608124,4.270031839478574,4.007193702312912,0.1969311678735103,1.3346700778948526,-2,0.9274413369292887,0.0,0.0
2022-02-04,161.53,38.15,4.234076015727392,4.269098462140756,4.015748413472881,0.19542177953399598,1.2964268837998272,-2,0.9274413369292887,0.0,0.0
2022-02-07,160.32,38.585,4.154982506155242,4.252834237299197,4.022542787554539,0.19300273047155936,1.1932030659980388,-2,0.9274413369292887,0.0,0.0
2022-02-08,159.96,38.765,4.1264026828324525,4.2259408608222095,4.029055384790316,0.18972263193095232,1.0377542944035714,-2,0.9274413369292887,0.0,0.0
2022-02-09,159.6,38.285,4.168734491315137,4.199938915727669,4.036149752903134,0.1867832121088647,0.8768944541390195,0,0.9274413369292887,0.0,0.0
2022-02-10,157.17,37.79,4.159036782217518,4.168646495649548,4.042596484515482,0.18417685031702102,0.6843966053122215,0,0.9274413369292887,0.0,0.0
2022-02-11,156.29,39.145,3.9925916464427122,4.120349621792611,4.045823981973831,0.1815121741729858,0.4105820458508514,0,0.9274413369292887,0.0,0.0
2022-02-14,156.74,38.1,4.113910761154855,4.1121352727925355,4.050800348807499,0.17916356495592012,0.3423403860049715,0,0.9274413369292887,0.0,0.0
2022-02-15,156.82,38.35,4.089178617992177,4.10469045982448,4.054815214343222,0.17723724197348079,0.28140386820463587,0,0.9274413369292887,0.0,0.0
2022-02-16,158.01,38.18,4.13855421686747,4.098654404934946,4.060216163424034,0.17470937847411366,0.22001246782872177,0,0.9274413369292887,0.0,0.0
2022-02-17,159.82,37.995,4.206342939860508,4.108115636463545,4.066471870448321,0.17307507136386832,0.24061100011146394,0,0.9274413369292887,0.0,0.0
2022-02-18,159.9,38.575,4.145171743357096,4.138631655846422,4.071735730061607,0.1705247917386954,0.39229442887884053,0,0.9274413369292887,0.0,0.0
2022-02-22,157.93,37.93,4.163722646981282,4.148594033011706,4.0777393544943665,0.16723042695721005,0.4236948969547852,0,0.9274413369292887,0.0,0.0
2022-02-23,155.96,38.44,4.057232049947971,4.142204719402865,4.083159880224551,0.1609883245920244,0.36676472860963466,0,0.9274413369292887,0.0,0.0
2022-02-24,151.76,36.34,4.176114474408365,4.149716770911044,4.0894191034420775,0.15706767415391143,0.38389609952383064,0,0.9274413369292887,0.0,0.0
2022-02-25,158.24,37.39,4.232147633056967,4.154877709550336,4.097512122859745,0.15151431589349001,0.3786149602583916,0,0.9274413369292887,0.0,0.0
2022-02-28,155.89,37.465,4.160950220205525,4.158033404920022,4.103558659910734,0.14652219999055432,0.3717849241466461,0,0.9274413369292887,0.0,0.0
2022-03-01,153.31,36.85,4.160379918588874,4.157364859241541,4.1095116172315675,0.14127417198258024,0.33872604835280357,0,0.9274413369292887,0.0,0.0
2022-03-02,153.79,36.465,4.217468805704099,4.189412210392766,4.115404723261155,0.13819554129145206,0.5355273147020777,0,0.9274413369292887,0.0,0.0
2022-03-03,154.36,35.635,4.331696365932371,4.220528588697567,4.123025348119047,0.13728759789298184,0.7102115710009427,0,0.9274413369292887,0.0,0.0
2022-03-04,155.14,34.105,4.548893124175341,4.283877686921242,4.134859290778062,0.14286618847914023,1.04306272694423,-2,0.9274413369292887,0.0,0.0
2022-03-07,152.84,33.28,4.592548076923077,4.370197258264753,4.147142241843006,0.1499524755496402,1.4875047284424927,-2,0.9274413369292887,0.0,0.0
2022-03-08,146.79,33.365,4.3995204555672105,4.41802536566042,4.15629547495061,0.14827980934621518,1.7651080876338563,1,0.9273213369292886,-0.0020437359493153486,0.008991458114790948
2022-03-09,148.77,34.34,4.3322655794991265,4.440984720419425,4.163974935517905,0.1451792934610179,1.9080529894981153,1,0.9320414114115654,-0.0020437359493153486,0.008991458114790948
2022-03-10,144.94,33.645,4.307920939218309,4.436229635076613,4.170429011762534,0.1427675341169361,1.8617721806161462,1,0.9336198567076635,-0.0020437359493153486,0.008991458114790948
2022-03-11,143.22,33.915,4.222910216718266,4.371033053585197,4.175225867979255,0.13952491777812143,1.4033850635721108,-2,0.9395627762314793,-0.0020437359493153486,0.008991458114790948
2022-03-14,145.05,34.23,4.237510955302367,4.3000256292610555,4.1791507944480495,0.13787234391776046,0.8767156006654001,0,0.9385342044482478,0.0,0.0
2022-03-15,150.27,33.815,4.443885849475086,4.308898708042631,4.185791411294814,0.14088586429194364,0.8738087200339256,0,0.9385342044482478,0.0,0.0
2022-03-16,149.76,34.115,4.389857833797449,4.320417158902296,4.193050803117104,0.13997403246354703,0.9099284598974559,0,0.9385342044482478,0.0,0.0
2022-03-17,150.23,34.395,4.367786015409216,4.3323901741404764,4.199766613826434,0.13849774849381288,0.9575863994638698,0,0.9385342044482478,0.0,0.0
2022-03-18,150.15,34.205,4.389709106855723,4.365749952167969,4.206202551463641,0.13819716848998095,1.1544910973765303,-2,0.9385342044482478,0.0,0.0
2022-03-21,150.72,34.055,4.425781823520775,4.403404125811649,4.212331008923068,0.13966234137048025,1.3681076445777463,-2,0.9385342044482478,0.0,0.0
2022-03-22,151.88,34.395,4.4157581043756355,4.39777857679176,4.218425501656843,0.14043877973068297,1.2770908112336146,-2,0.9385342044482478,0.0,0.0
2022-03-23,150.82,33.85,4.455539143279172,4.410914838688105,4.224394580977961,0.1427986939960051,1.3061762155567176,-2,0.9385342044482478,0.0,0.0
2022-03-24,151.08,33.7,4.483086053412463,4.433974846288754,4.2304559654502585,0.14595043117254483,1.3944383665293336,-2,0.9385342044482478,0.0,0.0
2022-03-25,152.83,33.865,4.512918942861361,4.458616813489881,4.236759168346684,0.14986025161156888,1.4804302192034335,-2,0.9385342044482478,0.0,0.0
2022-03-28,153.88,34.275,4.4895696571845365,4.471374380222633,4.2431916993153065,0.15231164959535043,1.498130192362463,-2,0.9385342044482478,0.0,0.0
2022-03-29,155.46,35.3,4.403966005665723,4.469015960480651,4.247491314384601,0.15316006409172397,1.4463603643008671,-2,0.9385342044482478,0.0,0.0
2022-03-30,154.39,35.48,4.351465614430666,4.448201254710949,4.251203170008038,0.1529322331047054,1.2881397250508724,-2,0.9385342044482478,0.0,0.0
2022-03-31,152.8,34.55,4.4225759768451525,4.436099239397488,4.256732088941443,0.15303296604271924,1.1720817748900885,-2,0.9385342044482478,0.0,0.0
2022-04-01,155.09,35.08,4.4210376282782216,4.41772297648086,4.261286639629131,0.15379956089273916,1.0171442359372451,-2,0.9385342044482478,0.0,0.0
2022-04-04,154.08,35.2,4.377272727272727,4.395263590498497,4.264966562662916,0.15389074185227664,0.8466852928726324,0,0.9385342044482478,0.0,0.0
2022-04-05,154.62,35.365,4.372119327018238,4.388894254769001,4.268898038463115,0.15355894843592222,0.7814342148608696,0,0.9385342044482478,0.0,0.0
2022-04-06,156.83,34.975,4.484060042887777,4.415413140460423,4.276184160401493,0.15321767850116924,0.9087004934477431,0,0.9385342044482478,0.0,0.0
2022-04-07,158.86,35.03,4.534970025692264,4.4378919502298455,4.284685986214443,0.15318834264272943,1.0001150307678053,-2,0.9385342044482478,0.0,0.0
2022-04-08,160.1,35.375,4.525795053003534,4.4588434351749076,4.2921977421379855,0.15378561019257345,1.0836234471368609,-2,0.9385342044482478,0.0,0.0
2022-04-11,159.49,34.905,4.56925941842143,4.4972407734046485,4.300758761482501,0.1546859702180316,1.2701993053746485,-2,0.9385342044482478,0.0,0.0
2022-04-12,159.01,34.32,4.633158508158508,4.5494486096327025,4.310316441601754,0.15723432881469152,1.5208648762241863,1,0.9384142044482477,-0.001886673794101,0.00874125874125874
2022-04-13,159.46,34.365,4.640186235995926,4.5806738482543325,4.3133697374872435,0.16184201607833024,1.6516360661110152,1,0.937958557884259,-0.001886673794101,0.00874125874125874
2022-04-14,158.57,34.29,4.624380285797608,4.598555900275401,4.316983348970711,0.16633889435209928,1.6927643555732035,1,0.9389821031554144,-0.001886673794101,0.00874125874125874
2022-04-18,157.06,34.29,4.58034412365121,4.609465714404936,4.319461112815178,0.1691596702006217,1.714383820007544,1,0.9418309805845069,-0.001886673794101,0.00874125874125874
2022-04-19,159.41,34.215,4.659067660382872,4.627427362797225,4.323361673594802,0.1742567147078907,1.7449295409484384,1,0.9367417027627751,-0.001886673794101,0.00874125874125874
2022-04-20,163.65,34.685,4.718177886694536,4.64443123850443,4.3338267194347075,0.1788161745148316,1.737004607734522,1,0.9328505974841784,-0.001886673794101,0.00874125874125874
2022-04-21,162.61,35.15,4.626173541963016,4.641628699697849,4.343373717491814,0.17887932909436172,1.6673529787709593,1,0.9388774235447287,-0.001886673794101,0.00874125874125874
2022-04-22,161.25,35.41,4.5537983620446205,4.627512314947252,4.35046760735953,0.17863965139023621,1.5508578606802188,1,0.9437160271774333,-0.001886673794101,0.00874125874125874
2022-04-25,162.55,36.065,4.507139886316374,4.612871467480284,4.356654398403941,0.17750815941236808,1.4434100940741939,-2,0.9469888757206264,-0.001886673794101,0.00874125874125874
2022-04-26,159.79,36.42,4.387424492037342,4.558542833811178,4.359132424897622,0.17687086612180816,1.1274350224317093,-2,0.955299242245492,-0.001886673794101,0.00874125874125874
2022-04-27,159.36,35.775,4.454507337526206,4.505808723977512,4.3627691533503405,0.1765455147172428,0.8102135636595749,0,0.9503497243153842,0.0,0.0
2022-04-28,163.41,36.75,4.4465306122448975,4.469880138033888,4.365863504134132,0.17635618632101613,0.5898099526285845,0,0.9503497243153842,0.0,0.0
2022-04-29,160.55,37.19,4.317020704490455,4.422524606523055,4.36616811226251,0.17625404507652045,0.3197458205062945,0,0.9503497243153842,0.0,0.0
2022-05-02,158.38,37.19,4.25867168593708,4.372830966447196,4.365220992317991,0.1766830977409018,0.04307131936504809,0,0.9503497243153842,0.0,0.0
2022-05-03,156.21,36.585,4.269782697826979,4.349302607605123,4.365816103686318,0.1762935878704488,-0.09367042942781155,0,0.9503497243153842,0.0,0.0
2022-05-04,157.36,36.22,4.344561016013253,4.327313343302532,4.368975745517286,0.17413652792185183,-0.23925136622369458,0,0.9503497243153842,0.0,0.0
2022-05-05,154.46,36.3,4.255096418732783,4.28902650460011,4.371120641115624,0.17187594396634065,-0.47763598919690026,0,0.9503497243153842,0.0,0.0
2022-05-06,156.0,35.97,4.336947456213512,4.293011854944721,4.373924190530597,0.1698790759514441,-0.47629371146922733,0,0.9503497243153842,0.0,0.0
2022-05-09,155.61,36.36,4.27970297029703,4.297218111816711,4.375935293665255,0.1679958380367522,-0.4685662619291952,0,0.9503497243153842,0.0,0.0
2022-05-10,154.79,37.005,4.182948250236454,4.279851222298606,4.379107903728484,0.16233576911165482,-0.6114282882511827,0,0.9503497243153842,0.0,0.0
2022-05-11,152.61,36.905,4.1352120308901235,4.237981425273981,4.379462924890739,0.16176826509967193,-0.8745936635321269,0,0.9503497243153842,0.0,0.0
2022-05-12,151.99,36.885,4.120645248746103,4.211091191276645,4.3799873687366375,0.1608596836798123,-1.0499596517681635,-2,0.9503497243153842,0.0,0.0
2022-05-13,153.62,37.47,4.099813183880438,4.1636643368100295,4.37934168485352,0.16191947280629948,-1.3320037689444566,-2,0.9503497243153842,0.0,0.0
2022-05-16,155.12,37.325,4.155927662424648,4.138909275235553,4.37850143022959,0.16295990578620279,-1.4702521693180906,-2,0.9503497243153842,0.0,0.0
2022-05-17,154.68,36.66,4.2193126022913265,4.146182145646528,4.379737111211826,0.16143459862984588,-1.4467466549770844,-2,0.9503497243153842,0.0,0.0
2022-05-18,145.04,36.26,4.0,4.119139739468503,4.377008400428805,0.1664534302243876,-1.54919403350644,-1,0.9502297243153842,0.0020683949255377826,-0.00827357970215113
2022-05-19,141.7,34.515,4.105461393596986,4.11610296843868,4.377812222822955,0.1649930669493823,-1.5861833422647034,-1,0.9577586818443417,0.0020683949255377826,-0.00827357970215113
2022-05-20,141.79,35.165,4.032134224370823,4.102567176536756,4.375412551988997,0.16897526687093478,-1.614705989253697,-1,0.9525670105812418,0.0020683949255377826,-0.00827357970215113
2022-05-23,145.05,35.39,4.09861542808703,4.091104729669233,4.373187015239497,0.17175072782548828,-1.6423935382496964,-1,0.957448422605511,0.0020683949255377826,-0.00827357970215113
2022-05-24,147.63,35.41,4.169161253883084,4.081074459987585,4.373323865800789,0.17158194012530772,-1.7032643738599305,-1,0.9626194099193555,0.0020683949255377826,-0.00827357970215113
2022-05-25,145.21,34.93,4.157171485828801,4.1125087571533445,4.373270391921456,0.17164991587623202,-1.5191480487303781,-1,0.9615852124565866,0.0020683949255377826,-0.00827357970215113
2022-05-26,146.48,34.88,4.1995412844036695,4.131324735314681,4.372971599899782,0.17194107364322367,-1.405405116211592,-2,0.964625752997127,0.0020683949255377826,-0.00827357970215113
2022-05-27,148.72,34.755,4.279096532872968,4.180717197015111,4.372094936015458,0.17228882954758565,-1.1107959784908077,-2,0.9702931550931005,0.0020683949255377826,-0.00827357970215113
2022-05-31,147.88,38.25,3.866143790849673,4.134222869567639,4.360715780460031,0.18264918942757338,-1.2400433399251642,-2,0.9396395422966306,0.0020683949255377826,-0.00827357970215113
2022-06-01,145.64,37.05,3.9309041835357625,4.086571455498175,4.349688382236908,0.18830098706220372,-1.39732101697276,-2,0.9449346333060074,0.0020683949255377826,-0.00827357970215113
2022-06-02,147.21,37.05,3.9732793522267214,4.049793028777759,4.342584363847901,0.19433288492756523,-1.506648425351558,-1,0.9481820133391017,0.0020683949255377826,-0.00827357970215113
2022-06-03,145.89,37.05,3.937651821862348,3.9974151362694945,4.3360074678872875,0.20124272772677212,-1.6825071665570985,-1,0.9454517320373917,0.0020683949255377826,-0.00827357970215113
2022-06-06,145.32,37.18,3.9085529854760623,3.9233064267901137,4.329351335324917,0.20865549125054217,-1.9460063384924138,-1,0.9431971815685556,0.0020683949255377826,-0.00827357970215113
2022-06-07,146.94,36.96,3.9756493506493507,3.9452075387500485,4.3252303208904355,0.2131859276187898,-1.7825884962722676,-1,0.9483681688824,0.0020683949255377826,-0.00827357970215113
2022-06-08,145.11,36.775,3.945887151597553,3.948204132362407,4.320369924162022,0.21847837770511572,-1.7034445042517392,-1,0.946113618413564,0.0020683949255377826,-0.00827357970215113
2022-06-09,142.49,36.38,3.916712479384277,3.9368907577939183,4.311583701327175,0.22395847739284772,-1.6730464856483371,-1,0.9439624876910047,0.0020683949255377826,-0.00827357970215113
2022-06-10,141.95,36.395,3.9002610248660523,3.9294125983946593,4.303423754511652,0.22989868795220147,-1.6268520688328316,-1,0.9427214507356819,0.0020683949255377826,-0.00827357970215113
2022-06-13,138.15,36.285,3.807358412567177,3.909173683812882,4.294083294464285,0.2384645326939374,-1.6141168093345921,-1,0.9357716437858751,0.0020683949255377826,-0.00827357970215113
2022-06-14,133.84,36.095,3.7079927967862587,3.8556423730402636,4.282721355963127,0.24980218697750953,-1.7096687106318835,-1,0.9284288418002159,0.0020683949255377826,-0.00827357970215113
2022-06-15,132.51,36.27,3.653432588916459,3.7971514605040446,4.269848868719721,0.2619115785517746,-1.804797675724876,-1,0.9242300001013741,0.0020683949255377826,-0.00827357970215113
2022-06-16,133.32,35.535,3.751794005909667,3.7641677658091224,4.258782800411955,0.2695572857437081,-1.834916215446339,-1,0.9319864810721409,0.0020683949255377826,-0.00827357970215113
2022-06-17,132.36,35.93,3.683829668800446,3.7208814945960014,4.2459209758373095,0.27827979886003945,-1.8867322866845115,-1,0.926732757961275,0.0020683949255377826,-0.00827357970215113
2022-06-21,136.37,36.035,3.784376300818649,3.716285072246296,4.234275813294079,0.282770157762443,-1.831843731837327,-1,0.9341582957439556,0.0020683949255377826,-0.00827357970215113
2022-06-22,138.5,36.095,3.8370965507688046,3.742105823042805,4.223012106759203,0.2849346006726856,-1.6877777657787232,-1,0.938067562153222,0.0020683949255377826,-0.00827357970215113
2022-06-23,142.3,36.265,3.9238935612849857,3.7961980175165104,4.213584171827544,0.2853235360168092,-1.4628521717410805,-2,0.9445209543208998,0.0020683949255377826,-0.00827357970215113
2022-06-24,144.35,37.37,3.862724110248863,3.8183840383843495,4.204563473570596,0.28774803162194207,-1.3420749848729772,-2,0.9396188583473752,0.0020683949255377826,-0.00827357970215113
2022-06-27,143.25,37.34,3.8363685056239953,3.8488918057490595,4.1959785217571515,0.29095698511395146,-1.192914189264635,-2,0.9375918313203482,0.0020683949255377826,-0.00827357970215113
2022-06-28,140.92,37.42,3.7659005879208975,3.845196663169509,4.1850339319417476,0.2946165460665914,-1.1534900986023573,-2,0.9321105847676731,0.0020683949255377826,-0.00827357970215113
2022-06-29,142.2,37.585,3.7834242383929757,3.834462200694343,4.174407042110327,0.2974454058374577,-1.1428814657898956,-2,0.9333929896215065,0.0020683949255377826,-0.00827357970215113
2022-06-30,143.79,37.21,3.8642837946788493,3.822540247373116,4.165857226567096,0.29888460387015153,-1.1486606360732172,-2,0.9397843299414183,0.0020683949255377826,-0.00827357970215113
2022-07-01,146.11,38.0,3.845,3.818995425323344,4.157071904450125,0.3004618696607593,-1.1251892944302417,-2,0.9380468782039666,0.0020683949255377826,-0.00827357970215113
2022-07-05,144.7,38.02,3.805891635981062,3.8129000513947573,4.145769097668346,0.3007083136472168,-1.1069499284416258,-2,0.9349649697649153,0.0020683949255377826,-0.00827357970215113
2022-07-06,146.05,38.71,3.772926892275898,3.814305312265757,4.1330683787780735,0.30008358598343754,-1.0622475916757077,-2,0.9320485329199071,0.0020683949255377826,-0.00827357970215113
2022-07-07,146.0,38.255,3.8164945758724347,3.8209193797616487,4.121246704159222,0.2983161492305926,-1.0067417576023545,-2,0.9357095919381089,0.0020683949255377826,-0.00827357970215113
2022-07-08,145.02,38.36,3.780500521376434,3.8041627251011656,4.108100722541805,0.29560574200271916,-1.028187055439011,-2,0.932813839042356,0.0020683949255377826,-0.00827357970215113
2022-07-11,146.04,38.52,3.7912772585669776,3.793418176814561,4.0940693683819465,0.2901916731481968,-1.036043482246463,-2,0.9335998291140604,0.0020683949255377826,-0.00827357970215113
2022-07-12,144.75,38.905,3.7206014651073125,3.776360142639811,4.078742955533803,0.28509891023889106,-1.0606242326237538,-2,0.9277462714747885,0.0020683949255377826,-0.00827357970215113
2022-07-13,145.7,38.74,3.7609705730511096,3.7739688787948538,4.064352793654694,0.2788121448216141,-1.0415038234637526,-2,0.9310763873049043,0.0020683949255377826,-0.00827357970215113
2022-07-14,145.27,38.805,3.743589743589744,3.7593879123383154,4.050406887320337,0.27344038786865577,-1.0642867253458164,-2,0.9296491948062833,0.0020683949255377826,-0.00827357970215113
2022-07-15,145.07,39.08,3.712128966223132,3.745713601307655,4.034624575751008,0.2649089460159107,-1.0906048239911097,-2,0.9269602814030842,0.0020683949255377826,-0.00827357970215113
2022-07-18,143.31,38.65,3.7078913324708926,3.729036416088438,4.0177864665139476,0.25254388439179615,-1.1433658396476671,-2,0.9268775456060627,0.0020683949255377826,-0.00827357970215113
2022-07-19,144.04,39.43,3.653056048693888,3.7155273328057534,4.001567841626128,0.24391013959343116,-1.1727290603710452,-2,0.9219340817340274,0.0020683949255377826,-0.00827357970215113
2022-07-20,141.55,38.93,3.636013357307989,3.6905358896571294,3.9862714248805178,0.23738226080686176,-1.245819861257467,-2,0.9209205682205139,0.0020683949255377826,-0.00827357970215113
2022-07-21,140.77,38.89,3.619696580097712,3.665757256958723,3.971480703110207,0.23196351125534553,-1.3179807655823232,-2,0.9196381633666805,0.0020683949255377826,-0.00827357970215113
2022-07-22,143.02,39.115,3.656397801354979,3.6546110239850917,3.9592969249321674,0.22892447481797878,-1.3309450690640918,-2,0.9224304965161564,0.0020683949255377826,-0.00827357970215113
2022-07-25,143.99,39.165,3.6764968722073283,3.648332131932379,3.9463300838435194,0.2223385978706107,-1.3402888871529146,-2,0.9240231606088205,0.0020683949255377826,-0.00827357970215113
2022-07-26,144.27,40.32,3.5781250000000004,3.6333459221936018,3.931856656972771,0.2174364619491663,-1.372864201814308,-2,0.9150463266319865,0.0020683949255377826,-0.00827357970215113
2022-07-27,145.64,39.955,3.6451007383306218,3.635163398398128,3.920657990870107,0.21454687331639638,-1.3306863346871274,-2,0.9208998842712585,0.0020683949255377826,-0.00827357970215113
2022-07-28,148.06,39.7,3.7294710327455918,3.657118288927704,3.9118379799835825,0.2112682819096571,-1.205669344936511,-2,0.9280151628151084,0.0020683949255377826,-0.00827357970215113
2022-07-29,138.91,40.035,3.4697140002497817,3.619781528706665,3.8985035016906293,0.21352980275716835,-1.305307125211624,-2,0.9063177000462171,0.0020683949255377826,-0.00827357970215113
2022-08-01,142.9,39.89,3.5823514665329657,3.6009524475717924,3.8858000091992912,0.2091713150452343,-1.3617907482481484,-2,0.9157702648559248,0.0020683949255377826,-0.00827357970215113
2022-08-02,141.95,39.96,3.552302302302302,3.5957879080322526,3.8740867739254496,0.20781407077872258,-1.3391723902541983,-2,0.9132261390975133,0.0020683949255377826,-0.00827357970215113
2022-08-03,144.88,40.15,3.6084682440846825,3.588461409183064,3.8619454537233024,0.20149791123177593,-1.3572549852671147,-2,0.9177145560859303,0.0020683949255377826,-0.00827357970215113
2022-08-04,144.65,39.885,3.6266766954995617,3.567902541733859,3.851061682476678,0.19611505369944846,-1.443841945844545,-2,0.9194313238741267,0.0020683949255377826,-0.00827357970215113
2022-08-05,144.72,39.71,3.6444220599345254,3.6028441536708073,3.842086245971646,0.1929662952515048,-1.2398128491248672,-2,0.9210239879667909,0.0020683949255377826,-0.00827357970215113
2022-08-08,145.27,40.02,3.629935032483758,3.6123608668609664,3.8336649626648733,0.19097225843129903,-1.1588285001275178,-2,0.9195967954681699,0.0020683949255377826,-0.00827357970215113
2022-08-09,144.93,39.935,3.629147364467259,3.6277298792939576,3.8254733312602256,0.18898468235838062,-1.0463464525197745,-2,0.9195967954681699,0.0020683949255377826,-0.00827357970215113
2022-08-10,146.3,39.485,3.7052045080410285,3.6470771320852267,3.818896519996236,0.18612026220164363,-0.9231632594889603,0,0.9260277496876955,0.0,0.0
2022-08-11,145.26,39.21,3.704667176740627,3.66267522833344,3.811375511901502,0.18132603776150194,-0.8200713223748242,0,0.9260277496876955,0.0,0.0
2022-08-12,146.67,39.055,3.755473050825758,3.6848854265116864,3.8036448527104088,0.17335157849294444,-0.6850784240395941,0,0.9260277496876955,0.0,0.0
2022-08-15,148.56,39.325,3.7777495232040685,3.7144483246557485,3.7999406780971436,0.171448830427521,-0.4986464662850912,0,0.9260277496876955,0.0,0.0
2022-08-16,149.93,39.215,3.82328190743338,3.753275233248972,3.7952376866610833,0.16673139890780483,-0.2516769707864962,0,0.9260277496876955,0.0,0.0
2022-08-17,149.24,39.405,3.787336632407055,3.769701658122178,3.7911577267950207,0.16380568771050624,-0.1309848819826206,0,0.9260277496876955,0.0,0.0
2022-08-18,149.77,39.38,3.803199593702387,3.7894081415145293,3.7862341295552766,0.15876996237177193,0.019991262275546297,0,0.9260277496876955,0.0,0.0
2022-08-19,149.73,40.04,3.739510489510489,3.786215629251476,3.7790732834824,0.15068990547685604,0.047397639188067504,0,0.9260277496876955,0.0,0.0
2022-08-22,149.33,40.06,3.7276585122316526,3.776197427056993,3.771914733922448,0.14239774489512777,0.0300755685260276,0,0.9260277496876955,0.0,0.0
2022-08-23,146.45,39.415,3.71559051122669,3.754659147815655,3.7638488877028307,0.13101652284164222,-0.07014183927231184,0,0.9260277496876955,0.0,0.0
2022-08-24,145.82,39.91,3.6537208719619145,3.7279359957266265,3.7534259600209805,0.11296348779421232,-0.22564781587471483,0,0.9260277496876955,0.0,0.0
2022-08-25,145.7,39.67,3.6728006049911768,3.7018561979843847,3.7502035735900057,0.11245008963917727,-0.42994519400344605,0,0.9260277496876955,0.0,0.0
2022-08-26,142.29,39.35,3.616010165184244,3.677156133119136,3.7449553399508133,0.11121508097776635,-0.6096224202294259,0,0.9260277496876955,0.0,0.0
2022-08-29,141.69,39.35,3.600762388818297,3.6517769084364646,3.7387467238940064,0.10862045549391765,-0.8006762175878721,0,0.9260277496876955,0.0,0.0
2022-08-30,140.18,39.435,3.5547102827437556,3.6196008627398775,3.7323643649086966,0.10798366959485485,-1.0442644021257825,-2,0.9260277496876955,0.0,0.0
2022-08-31,137.94,39.255,3.513947267863966,3.5916461419202874,3.725787602948495,0.10908217019730104,-1.2297285687072501,-2,0.9260277496876955,0.0,0.0
2022-09-01,139.64,38.79,3.59989688063934,3.57706539704992,3.7195250617816615,0.10521170643844187,-1.3540286490371942,-2,0.9260277496876955,0.0,0.0
2022-09-02,137.16,39.06,3.5115207373271886,3.5561675114785096,3.712285621543822,0.10431228543909883,-1.4966416410889531,-2,0.9260277496876955,0.0,0.0
2022-09-06,135.63,39.17,3.4625989277508293,3.5285348192650163,3.704717062349931,0.10569369240777918,-1.6669135032692592,-1,0.9259077496876955,0.0022119000221190004,-0.007658922644881286
2022-09-07,137.68,39.255,3.507323907782448,3.519057544272754,3.6981681103985378,0.10554551834872183,-1.696998308672883,-1,0.9297911363082246,0.0022119000221190004,-0.007658922644881286
2022-09-08,137.86,39.115,3.5244791000894797,3.521163910717857,3.693453455190576,0.10689478447719937,-1.6117675461469156,-1,0.9312615274824895,0.0022119000221190004,-0.007658922644881286
2022-09-09,139.96,39.53,3.5406020743738935,3.509304949464768,3.6906636098170367,0.10867837480680252,-1.6687649283923316,-1,0.9327280646313136,0.0022119000221190004,-0.007658922644881286
2022-09-12,141.1,40.205,3.509513742071882,3.5089035504137067,3.6882649623696273,0.11107580820844482,-1.6147657608696488,-1,0.9300798578712344,0.0022119000221190004,-0.007658922644881286
2022-09-13,138.18,40.175,3.4394523957685132,3.5042742440172434,3.6830592688672747,0.11528726642722757,-1.5507785932532736,-1,0.9238508774859934,0.0022119000221190004,-0.007658922644881286
2022-09-14,138.51,39.655,3.4928760559828516,3.5013846736573235,3.6798767086536484,0.11787233928853036,-1.5142826219763765,-1,0.9285634442686308,0.0022119000221190004,-0.007658922644881286
2022-09-15,137.44,39.695,3.46240080614687,3.4889690148688017,3.674510450409118,0.12033760514762973,-1.5418408511013235,-1,0.9258903543391682,0.0022119000221190004,-0.007658922644881286
2022-09-16,138.28,39.44,3.506085192697769,3.4820656385335766,3.668993594441268,0.12034511805679342,-1.5532657986132536,-1,0.9297013756321929,0.0022119000221190004,-0.007658922644881286
2022-09-19,137.99,39.44,3.4987322515212984,3.4799093404234602,3.6619075726118733,0.11756686726559347,-1.548040161496042,-1,0.9290599246257785,0.0022119000221190004,-0.007658922644881286
2022-09-20,137.5,39.775,3.4569453174104336,3.4834079247518446,3.6551445927312325,0.11749028801527986,-1.4617094815279812,-2,0.925410354528905,0.0022119000221190004,-0.007658922644881286
2022-09-21,135.73,40.525,3.349290561381863,3.4546908258316464,3.6470266269938634,0.1215147754650246,-1.5828182245835334,-1,0.9157510995060933,0.0022119000221190004,-0.007658922644881286
2022-09-22,136.21,40.545,3.3594771241830066,3.434106089438874,3.6402529025982324,0.12602026311182335,-1.6358227484133665,-1,0.9166596330638128,0.0022119000221190004,-0.007658922644881286
2022-09-23,135.58,40.265,3.3671923506767665,3.4063275210346737,3.633315704469629,0.12941601862457172,-1.7539419451114053,-1,0.9174106343904446,0.0022119000221190004,-0.007658922644881286
2022-09-26,135.71,41.0,3.31,3.3685810707304142,3.624077641224981,0.1323982259618313,-1.9297582625330874,-1,0.9120688732493323,0.0022119000221190004,-0.007658922644881286
2022-09-27,131.98,40.785,3.23599362510727,3.3243907322697814,3.6139275349767686,0.13838347356389258,-2.092278761692638,2,0.9053442953904797,0.0,0.0
2022-09-28,131.98,40.65,3.246740467404674,3.3038807134743435,3.604608348833829,0.14395234924150294,-2.0890776492641137,2,0.9053442953904797,0.0,0.0
2022-09-29,128.7,40.805,3.154025242004656,3.2627903370386733,3.5942933213293085,0.15354149601014352,-2.159044902550219,2,0.9053442953904797,0.0,0.0
2022-09-30,126.25,39.69,3.1809019904258,3.2255322649884794,3.5837001115718645,0.15975142227385583,-2.242032286694709,2,0.9053442953904797,0.0,0.0
2022-10-03,128.51,38.765,3.3151038307751834,3.226553031143517,3.575943500061844,0.1613247150580022,-2.1657590952056425,2,0.9053442953904797,0.0,0.0
2022-10-04,130.1,39.63,3.282866515266212,3.235927609175305,3.5674699876734977,0.16316424211316338,-2.031954883032826,2,0.9053442953904797,0.0,0.0
2022-10-05,129.2,39.475,3.2729575680810634,3.2411710293105833,3.560009256056394,0.16624875120187527,-1.917838326247915,-1,0.9052242953904797,0.0023219814241486067,-0.007599746675110829
2022-10-06,126.48,39.32,3.216683621566633,3.2537027052229783,3.5509378068649857,0.16990674202953712,-1.7494014545363663,-1,0.9000864666514377,0.0023219814241486067,-0.007599746675110829
2022-10-07,124.27,39.275,3.1640992998090387,3.250342167099626,3.5412796328019738,0.17515911412885934,-1.6609895930868535,-1,0.8952968763044492,0.0023219814241486067,-0.007599746675110829
2022-10-10,123.76,39.1,3.1652173913043478,3.2203648792054596,3.5321644398866607,0.1802733475661084,-1.729593225459246,-1,0.8954426214462778,0.0023219814241486067,-0.007599746675110829
2022-10-11,124.23,39.455,3.1486503611709544,3.1935216483864073,3.5228437570316613,0.18541757320687144,-1.7761105538676611,-1,0.8938360426459633,0.0023219814241486067,-0.007599746675110829
2022-10-12,124.43,39.33,3.1637426900584797,3.1716786727818906,3.514688534387738,0.19029009017904697,-1.80256292528478,-1,0.8952504072651819,0.0023219814241486067,-0.007599746675110829
2022-10-13,126.31,38.38,3.2910369984366854,3.186549348155901,3.50893892840655,0.19176811586759096,-1.68114276344691,-1,0.9068354916839365,0.0023219814241486067,-0.007599746675110829
2022-10-14,125.08,38.82,3.2220504894384336,3.1981395860817803,3.5023114935622286,0.19472396590590946,-1.5620671347019712,-1,0.900635565995185,0.0023219814241486067,-0.007599746675110829
2022-10-17,127.34,38.585,3.300246209666969,3.2251453497543046,3.496375633700761,0.19537455005568385,-1.3882580093935115,-2,0.9076691844824119,0.0023219814241486067,-0.007599746675110829
2022-10-18,128.37,38.935,3.2970335174007963,3.2548219810002728,3.490051244453986,0.19558670618611654,-1.2026853360364573,-2,0.907400914012996,0.0023219814241486067,-0.007599746675110829
2022-10-19,129.56,38.995,3.322477240671881,3.286568891122953,3.4857904484651843,0.19641836256228984,-1.014271551515721,-2,0.9097080871072263,0.0023219814241486067,-0.007599746675110829
2022-10-20,126.99,39.095,3.2482414631026986,3.278009784056156,3.4791761272113857,0.19764096077544632,-1.0178373064265198,-2,0.9029806201796532,0.0023219814241486067,-0.007599746675110829
2022-10-21,128.58,39.435,3.260555344237353,3.28571075501594,3.4713608657362482,0.19684536740649866,-0.9431266438540493,0,0.9039690054981818,0.0,0.0
2022-10-24,129.37,39.215,3.2989927323728163,3.285460059557109,3.468515511271632,0.19809944943865831,-0.9240583567154556,0,0.9039690054981818,0.0,0.0
2022-10-25,130.86,39.265,3.332739080606138,3.2926011721981774,3.464355304839518,0.19828922103607916,-0.8661798747501737,0,0.9039690054981818,0.0,0.0
2022-10-26,131.78,38.69,3.4060480744378396,3.309315338951369,3.461917734375111,0.19808861436556352,-0.7703743898279853,0,0.9039690054981818,0.0,0.0
2022-10-27,131.88,38.65,3.4121604139715394,3.342099129125137,3.458645937206558,0.19724643920524462,-0.5908690090985533,0,0.9039690054981818,0.0,0.0
2022-10-28,135.22,39.18,3.4512506380806536,3.3802381878937973,3.45572216958291,0.19600980426271497,-0.3851030920266647,0,0.9039690054981818,0.0,0.0
2022-10-31,134.67,39.745,3.3883507359416276,3.3981097886075595,3.4514543141830285,0.19461431413590244,-0.27410381303308246,0,0.9039690054981818,0.0,0.0
2022-11-01,134.88,39.475,3.416846105129829,3.414931193512298,3.4479028320604628,0.193241515898637,-0.17062399037202663,0,0.9039690054981818,0.0,0.0
2022-11-02,132.94,39.49,3.3664218789566975,3.407005954416069,3.4435240739686197,0.19203786166182443,-0.19016104031015715,0,0.9039690054981818,0.0,0.0
2022-11-03,132.03,39.955,3.3044675259667127,3.385467376815104,3.4368451242673808,0.1897374390208966,-0.2707833926577797,0,0.9039690054981818,0.0,0.0
2022-11-04,134.44,40.535,3.3166399407919083,3.3585452373573554,3.430378003668236,0.18704792577282492,-0.3840340170257948,0,0.9039690054981818,0.0,0.0
2022-11-07,136.5,40.32,3.3854166666666665,3.3579584235023625,3.4242103972655844,0.18218453280612584,-0.3636531199590079,0,0.9039690054981818,0.0,0.0
2022-11-08,136.81,40.565,3.3726118575126343,3.3491115739789237,3.4174581028373936,0.17627107026674235,-0.38773537118169465,0,0.9039690054981818,0.0,0.0
2022-11-09,136.48,40.7,3.353316953316953,3.346490588850975,3.4096253536021197,0.1681886517270529,-0.37538064609498106,0,0.9039690054981818,0.0,0.0
2022-11-10,141.18,40.43,3.491961414790997,3.3839893666158316,3.404702433308519,0.1611198753533404,-0.12855686889816195,0,0.9039690054981818,0.0,0.0
2022-11-11,140.97,39.395,3.5783728899606544,3.436335956449581,3.4009553215794903,0.15415907641859825,0.229507309540564,0,0.9039690054981818,0.0,0.0
2022-11-14,140.98,40.325,3.496094234345939,3.4584714699854353,3.3968983839934146,0.14818566664411206,0.415513101816364,0,0.9039690054981818,0.0,0.0
2022-11-15,140.49,40.335,3.4830792116028264,3.480564940803474,3.3928220623162675,0.1421748985471808,0.6171474668440787,0,0.9039690054981818,0.0,0.0
2022-11-16,141.74,40.645,3.4872678066182803,3.5073551114637396,3.3890166839061275,0.13632464228483646,0.868063363851386,0,0.9039690054981818,0.0,0.0
2022-11-17,140.87,40.58,3.471414489896501,3.5032457264848404,3.385978244205037,0.132296997791881,0.8863956419047349,0,0.9039690054981818,0.0,0.0
2022-11-18,142.57,40.405,3.5285236975621825,3.493275888005146,3.38357362908122,0.128244499736827,0.8554149234395856,0,0.9039690054981818,0.0,0.0
2022-11-21,144.38,41.125,3.510759878419453,3.4962090168198485,3.3818194576351406,0.12570596730234077,0.9099771605080986,0,0.9039690054981818,0.0,0.0
2022-11-22,145.62,41.165,3.537471152678246,3.5070874050349325,3.380764603699473,0.1240927825893161,1.0179705757225503,-2,0.9039690054981818,0.0,0.0
2022-11-23,146.45,41.105,3.5628269067023477,3.5221992250517458,3.3808998807654493,0.12428988720866764,1.1368531057484346,-2,0.9039690054981818,0.0,0.0
2022-11-25,146.72,41.135,3.5667922693569953,3.541274780943845,3.381780630790333,0.1254306761984486,1.2715721144735805,-2,0.9039690054981818,0.0,0.0
2022-11-28,146.6,41.55,3.528279181708785,3.541225877773165,3.380587002474824,0.123647946066685,1.2991633133291698,-2,0.9039690054981818,0.0,0.0
2022-11-29,145.48,41.245,3.5272154200509154,3.5445169860994583,3.3808485805202197,0.1239458741875013,1.3204828853895234,-2,0.9039690054981818,0.0,0.0
2022-11-30,149.16,41.44,3.5994208494208495,3.5569069254479784,3.3831289458813867,0.1267033715554341,1.3715339807714741,-2,0.9039690054981818,0.0,0.0
2022-12-01,149.25,41.795,3.5710013159468836,3.5585418072968857,3.3841902360174605,0.12802111690976464,1.3618969704999255,-2,0.9039690054981818,0.0,0.0
2022-12-02,150.61,41.78,3.6048348492101487,3.5661503232675167,3.3855294985028053,0.12991982133860505,1.390248407854305,-2,0.9039690054981818,0.0,0.0
2022-12-05,149.09,41.79,3.5675999042833215,3.574014467782424,3.3859794623346287,0.13051140734930247,1.4407553275748217,-2,0.9039690054981818,0.0,0.0
2022-12-06,149.28,41.86,3.5661729574773053,3.5818059752677014,3.386923782591386,0.1316206601438926,1.480635277647621,-2,0.9039690054981818,0.0,0.0
2022-12-07,150.24,41.61,3.610670511896179,3.5840559077627674,3.3897774178601803,0.13460114601745812,1.4433643074434797,-2,0.9039690054981818,0.0,0.0
2022-12-08,151.32,41.61,3.6366258111031002,3.597180806794011,3.392173247112184,0.13771076556756878,1.4886821581224772,-2,0.9039690054981818,0.0,0.0
2022-12-09,150.92,41.255,3.6582232456671915,3.6078584860854193,3.395436954437523,0.14166698997056962,1.499442683803937,-2,0.9039690054981818,0.0,0.0
2022-12-12,152.47,41.22,3.6989325570111595,3.634125016630987,3.3986510771760794,0.146330791958951,1.6091892642866519,1,0.9038490054981818,-0.001967600183642684,0.00727802037845706
2022-12-13,152.24,41.055,3.7081963220070637,3.662529689536939,3.4021421450175087,0.15117730659352246,1.722398357179007,1,0.9031006801779742,-0.001967600183642684,0.00727802037845706
2022-12-14,152.84,41.505,3.682447897843633,3.67688516672643,3.4059005213580624,0.15530945093878462,1.7448046060968718,1,0.9051952292380943,-0.001967600183642684,0.00727802037845706
2022-12-15,151.11,41.37,3.652646845540247,3.680089373613859,3.4109564594273687,0.1583434273358188,1.699678469228195,1,0.9076166448047044,-0.001967600183642684,0.00727802037845706
2022-12-16,150.44,41.41,3.6329389036464623,3.675032505209713,3.4155141557517594,0.1607538146044973,1.61438377121219,1,0.9092260577428832,-0.001967600183642684,0.00727802037845706
2022-12-19,150.4,41.735,3.6036899484844858,3.6559839835043784,3.4194557823818883,0.16243947986862264,1.4561004585448605,-2,0.9116701183732274,-0.001967600183642684,0.00727802037845706
2022-12-20,150.46,41.565,3.61987248887285,3.638319216877535,3.4246203238631026,0.16382061454274063,1.304468876587438,-2,0.9103147988978711,-0.001967600183642684,0.00727802037845706
2022-12-21,151.84,42.25,3.593846153846154,3.62059886807804,3.4305845326754176,0.16335038113733402,1.163231662391231,-2,0.9125849546036873,-0.001967600183642684,0.00727802037845706
2022-12-22,152.19,42.13,3.612390220745312,3.612547543119053,3.4366786952310946,0.16319603543337002,1.077653923521705,-2,0.9110229320939975,-0.001967600183642684,0.00727802037845706
2022-12-23,152.62,42.14,3.621737066919791,3.6103071757737184,3.4444738923130136,0.1606159506900211,1.0324832792027787,-2,0.9102496442188157,-0.001967600183642684,0.00727802037845706
2022-12-27,153.95,42.14,3.653298528713811,3.6202288918195835,3.452347167951147,0.1590474722061361,1.0555447473622894,-2,0.907632735974571,-0.001967600183642684,0.00727802037845706
2022-12-28,151.96,42.055,3.613363452621567,3.6189270845693273,3.457318161648587,0.15934599760036128,1.014201331407486,-2,0.9109296286078511,-0.001967600183642684,0.00727802037845706
2022-12-29,152.59,42.02,3.63136601618277,3.6264310570366503,3.4631264866638625,0.1592308179915618,1.0255839443181274,-2,0.9094353097789102,-0.001967600183642684,0.00727802037845706
2022-12-30,151.56,41.82,3.624103299856528,3.6287736728588933,3.468978915526787,0.15857452997615923,1.0076949769684347,-2,0.9100063338923707,-0.001967600183642684,0.00727802037845706
2023-01-03,151.57,41.935,3.614403243114343,3.627306908097803,3.4756075758859155,0.15614345768451499,0.9715381896972803,0,0.9107029436451758,0.0,0.0
2023-01-04,152.23,42.27,3.6013721315353675,3.616921628662115,3.4828954564146875,0.15149305004588495,0.884701788014915,0,0.9107029436451758,0.0,0.0
2023-01-05,150.34,42.01,3.5786717448226617,3.6099832871023336,3.4897863623066594,0.1461055560985039,0.8226718271729369,0,0.9107029436451758,0.0,0.0
2023-01-06,153.92,42.015,3.663453528501725,3.616400789566125,3.498366415095506,0.1407505699082378,0.8386067249857073,0,0.9107029436451758,0.0,0.0
2023-01-09,152.04,41.95,3.624314660309892,3.6164430616567977,3.506042614599696,0.1346172939267418,0.820105974773058,0,0.9107029436451758,0.0,0.0
2023-01-10,151.89,41.98,3.618151500714626,3.617192713176854,3.511494522970995,0.1323672806808876,0.7985220340113932,0,0.9107029436451758,0.0,0.0
2023-01-11,150.66,41.905,3.5952750268464384,3.615973292239069,3.5177149319277947,0.12720358950023763,0.7724495880762119,0,0.9107029436451758,0.0,0.0
2023-01-12,149.81,41.85,3.5796893667861407,3.6161768166317643,3.522372317879781,0.12418624261962635,0.7553533851515243,0,0.9107029436451758,0.0,0.0
2023-01-13,150.88,42.155,3.579172102953386,3.599320531522097,3.5270746276389913,0.12080472308518929,0.5980387358874977,0,0.9107029436451758,0.0,0.0
2023-01-17,150.44,41.655,3.611571239947185,3.5967718474495554,3.5318928609602462,0.1182441993746362,0.5486864204116375,0,0.9107029436451758,0.0,0.0
2023-01-18,146.41,40.95,3.575335775335775,3.588208702373785,3.5373444328307975,0.11233769788579168,0.45278005959049455,0,0.9107029436451758,0.0,0.0
2023-01-19,142.42,40.915,3.4808749847244282,3.5653286939493833,3.5410164268389153,0.10659072130379965,0.22808990138245192,0,0.9107029436451758,0.0,0.0
2023-01-20,142.97,40.895,3.496026409096466,3.548596102411448,3.544300321450976,0.10194173521997012,0.04213957071853625,0,0.9107029436451758,0.0,0.0
2023-01-23,141.05,41.055,3.4356351236146634,3.5198887065437034,3.546015255501118,0.09914964140597461,-0.26350623751061175,0,0.9107029436451758,0.0,0.0
2023-01-24,141.82,40.995,3.459446273935846,3.4894637133414355,3.5469052254927513,0.09810615886818945,-0.5855036300880094,0,0.9107029436451758,0.0,0.0
2023-01-25,141.72,40.605,3.49021056520133,3.472438671314547,3.5482060613465816,0.09679796151927285,-0.7827374548269698,0,0.9107029436451758,0.0,0.0
2023-01-26,141.15,40.435,3.490787683937183,3.4744212111570976,3.548865012110857,0.09625983012975776,-0.7733631033153652,0,0.9107029436451758,0.0,0.0
2023-01-27,140.57,40.21,3.4958965431484703,3.4743952379674985,3.550657442230971,0.09419951747024002,-0.8095816869504217,0,0.9107029436451758,0.0,0.0
2023-01-30,141.01,40.72,3.462917485265226,3.4798517102976105,3.5514252985665613,0.09327350399623152,-0.7673517687492744,0,0.9107029436451758,0.0,0.0
2023-01-31,142.38,41.085,3.465498357064622,3.4810621269233666,3.553076573201693,0.09078662055627017,-0.7932275244642628,0,0.9107029436451758,0.0,0.0
2023-02-01,143.19,41.33,3.464553593031696,3.4759307324894393,3.5557446743194427,0.08555830123335197,-0.9328602915141884,0,0.9107029436451758,0.0,0.0
2023-02-02,142.17,41.02,3.465870307167235,3.4709472571354496,3.558231847092365,0.08050984972458888,-1.0841479676772674,-2,0.9107029436451758,0.0,0.0
2023-02-03,142.61,41.71,3.4190841524814197,3.4555847790020393,3.558792971855944,0.07939457575800618,-1.299940101304682,-2,0.9107029436451758,0.0,0.0
2023-02-06,141.4,41.635,3.3961810976342024,3.442237501475835,3.5591857925246373,0.0785111863715858,-1.4895748803908955,-2,0.9107029436451758,0.0,0.0
2023-02-07,140.02,41.04,3.4117933723196883,3.431496504526848,3.5601603995080153,0.07624246912449653,-1.6875620170573404,-1,0.9105829436451758,0.002142551064133695,-0.007309941520467836
2023-02-08,138.57,40.995,3.380168313208928,3.414619448562295,3.5582971811483146,0.07924427867369067,-1.8130991282998592,-1,0.9078051919706029,0.002142551064133695,-0.007309941520467836
2023-02-09,137.05,41.09,3.3353614018009248,3.3885176674890323,3.554246989678986,0.08425272424513879,-1.9670500114364655,-1,0.9038540699086753,0.002142551064133695,-0.007309941520467836
2023-02-10,138.26,41.325,3.3456745311554745,3.373835743223844,3.5517399946258115,0.08815975455520783,-2.017975801992047,2,0.904609057950275,0.0,0.0
2023-02-13,140.07,42.62,3.2864852182074142,3.3518965673384864,3.5484634280692213,0.09420119444475494,-2.086670576624303,2,0.904609057950275,0.0,0.0
2023-02-14,139.28,42.665,3.2645025196296733,3.322438396800483,3.5447506732860776,0.10081194588941034,-2.2052175912710656,2,0.904609057950275,0.0,0.0
2023-02-15,138.96,42.675,3.2562390158172234,3.297652537322142,3.5411644153847566,0.10709642127649709,-2.2737629806875206,2,0.904609057950275,0.0,0.0
2023-02-16,137.14,42.31,3.2413141101394465,3.2788430789898464,3.5363775889277114,0.11387508461888887,-2.2615527426369684,2,0.904609057950275,0.0,0.0
2023-02-17,140.01,42.355,3.3056309762719867,3.270834368013149,3.5329587738919197,0.11767313197258854,-2.2275637733499893,2,0.904609057950275,0.0,0.0
2023-02-21,139.91,42.385,3.3009319334670284,3.2737237110650717,3.529016453571733,0.12142198255801993,-2.10252490635024,2,0.904609057950275,0.0,0.0
2023-02-22,140.5,42.665,3.293097386616665,3.2794426844624702,3.524520961570305,0.1250868624002255,-1.9592647253688966,-1,0.904489057950275,0.0021352313167259784,-0.00703152466893238
2023-02-23,140.05,41.935,3.3396923810659356,3.2961333575122125,3.520735963432121,0.1272040822296752,-1.7656870910351283,-1,0.9086612168660689,0.0021352313167259784,-0.00703152466893238
2023-02-24,139.26,41.915,3.322438267923178,3.3123581890689584,3.5173052815356938,0.1297475211104089,-1.5795838773084168,-1,0.907115014619234,0.0021352313167259784,-0.00703152466893238
2023-02-27,139.14,41.94,3.317596566523605,3.314751307119282,3.5138116339769057,0.13227371213740602,-1.5049122281443184,-1,0.9066829987445036,0.0021352313167259784,-0.00703152466893238
2023-02-28,137.56,41.36,3.3259187620889747,3.3197486728436716,3.5092532658547078,0.13397519570422076,-1.4144752094963053,-2,0.9073876175720573,0.0021352313167259784,-0.00703152466893238
2023-03-01,137.66,41.375,3.3271299093655586,3.3265551773934505,3.505188742411685,0.13575755464914538,-1.3158278040577465,-2,0.9074956678336958,0.0021352313167259784,-0.00703152466893238
2023-03-02,139.93,41.885,3.3408141339381645,3.326779527967896,3.500788397157152,0.13674822764158767,-1.2724762301514212,-2,0.9087565653415084,0.0021352313167259784,-0.00703152466893238
2023-03-03,140.95,41.455,3.4000723676275477,3.34230634790877,3.4979962715462225,0.137070857045366,-1.13583534088449,-2,0.9139580568922098,0.0021352313167259784,-0.00703152466893238
2023-03-06,140.35,41.07,3.4173362551740927,3.3622542856388677,3.495515659841169,0.13716287132201327,-0.9715557345649858,0,0.9152663622130222,0.0,0.0
2023-03-07,137.56,41.205,3.33842980220847,3.3647564936627665,3.4909783146797073,0.13779040946787693,-0.9160421360556801,0,0.9152663622130222,0.0,0.0
2023-03-08,137.58,41.24,3.3360814742967992,3.3665468066490147,3.4859692423996025,0.13786876646190763,-0.8662037009200594,0,0.9152663622130222,0.0,0.0
2023-03-09,136.57,41.12,3.3212548638132295,3.3626349526240285,3.4803531027020367,0.1375960023896526,-0.8555346669494577,0,0.9152663622130222,0.0,0.0
2023-03-10,137.19,40.69,3.3715900712705826,3.356938493352635,3.4748973946063595,0.135252022551609,-0.8721414957673846,0,0.9152663622130222,0.0,0.0
2023-03-13,138.14,40.56,3.4058185404339247,3.354634950404601,3.4698577649134745,0.13200623336429726,-0.8728588913744194,0,0.9152663622130222,0.0,0.0
2023-03-14,139.85,40.73,3.433587036582372,3.3736663972793814,3.465710083892453,0.12909081672612144,-0.7130149839267895,0,0.9152663622130222,0.0,0.0
2023-03-15,141.83,40.405,3.5102091325331024,3.4084919289266424,3.463336122009001,0.12688567986885563,-0.4322331183396235,0,0.9152663622130222,0.0,0.0
2023-03-16,142.89,40.87,3.496207487154392,3.443482453594875,3.4610572650674665,0.1250018577055774,-0.14059640228696685,0,0.9152663622130222,0.0,0.0
2023-03-17,142.93,40.475,3.531315626930204,3.475427564726799,3.4598510263748947,0.12394690331810881,0.12567105700032805,0,0.9152663622130222,0.0,0.0
2023-03-20,145.13,40.825,3.5549295774647884,3.5052497721329723,3.458768644518094,0.12280410368806426,0.378498162674965,0,0.9152663622130222,0.0,0.0
2023-03-21,144.08,41.3,3.4886198547215503,3.516256335760807,3.4570148728660173,0.12158770590442686,0.4872323435508853,0,0.9152663622130222,0.0,0.0
2023-03-22,143.99,42.025,3.4262938726948247,3.4994732837931517,3.4539132670651753,0.11991916253264047,0.37992273933347,0,0.9152663622130222,0.0,0.0
2023-03-23,143.79,41.725,3.4461354104254043,3.489458868447354,3.4509865727902693,0.11787938836684894,0.3263699972496987,0,0.9152663622130222,0.0,0.0
2023-03-24,146.72,41.97,3.4958303550154874,3.4823618140644115,3.4483621032286305,0.11501695002341661,0.29560608961426055,0,0.9152663622130222,0.0,0.0
2023-03-27,145.95,42.205,3.4581210757019307,3.46300011371184,3.44577473027997,0.1129701588829557,0.15247728782710376,0,0.9152663622130222,0.0,0.0
2023-03-28,146.36,42.13,3.474009019700926,3.4600779467077145,3.4431521136719394,0.11038557337175564,0.15333374207127975,0,0.9152663622130222,0.0,0.0
2023-03-29,146.81,42.07,3.4896600903256476,3.472751190233879,3.4409113935130913,0.10798869402600299,0.2948437983065238,0,0.9152663622130222,0.0,0.0
2023-03-30,147.45,41.925,3.516994633273703,3.4869230348035387,3.439287916682414,0.10605107668383854,0.44917147105573707,0,0.9152663622130222,0.0,0.0
2023-03-31,148.69,41.9,3.5486873508353223,3.497494433967506,3.43840983700408,0.1048981510182228,0.5632568009054998,0,0.9152663622130222,0.0,0.0
2023-04-03,149.51,42.325,3.5324276432368573,3.5123557474744915,3.43763910197765,0.10401629649784501,0.7183167254795433,0,0.9152663622130222,0.0,0.0
2023-04-04,150.23,42.235,3.557002486089736,3.5289544407522535,3.4358649179374496,0.10096236962944023,0.9220219687440788,0,0.9152663622130222,0.0,0.0
2023-04-05,151.26,42.885,3.5271073802028683,3.536443898727698,3.434244796602333,0.09864033268686058,1.0360782383997194,-2,0.9152663622130222,0.0,0.0
2023-04-06,152.22,43.075,3.533836331979106,3.539812238468778,3.4328395437900743,0.09655448209059271,1.1078998339852943,-2,0.9152663622130222,0.0,0.0
2023-04-10,150.96,43.075,3.5045850261172373,3.530991773525161,3.4313280437779214,0.0946598157934167,1.0528620715335355,-2,0.9152663622130222,0.0,0.0
2023-04-11,150.66,42.97,3.5061670933209217,3.525739663541974,3.4301026725535007,0.09317089018827529,1.026468576131608,-2,0.9152663622130222,0.0,0.0
2023-04-12,151.07,42.92,3.519804287045666,3.51830002373316,3.4291132089550382,0.09186707550974309,0.9708245776111899,0,0.9152663622130222,0.0,0.0
2023-04-13,151.77,43.16,3.5164504170528272,3.5161686311031515,3.427527861906799,0.08945409480154283,0.9909078996663645,0,0.9152663622130222,0.0,0.0
2023-04-14,151.0,43.1,3.503480278422274,3.510097420391785,3.426330270291574,0.0879093915550091,0.9528805582483614,0,0.9152663622130222,0.0,0.0
2023-04-17,151.05,43.57,3.466834978196007,3.5025474108075394,3.426096270182767,0.08778033315289382,0.8709370069444989,0,0.9152663622130222,0.0,0.0
2023-04-18,151.21,43.345,3.4885223209136003,3.4990184563260747,3.425971202046386,0.08768430230542727,0.8330710555835422,0,0.9152663622130222,0.0,0.0
2023-04-19,151.24,43.415,3.4835886214442016,3.4917753232057818,3.4267704270102115,0.08799188381120214,0.7387601376400418,0,0.9152663622130222,0.0,0.0
2023-04-20,150.85,43.62,3.458276020174232,3.480140443830063,3.426750922780852,0.0879846475422991,0.6068049658725259,0,0.9152663622130222,0.0,0.0
2023-04-21,156.07,43.92,3.5535063752276863,3.4901456631911456,3.4278058529479574,0.08913041671416788,0.6994224030513133,0,0.9152663622130222,0.0,0.0
2023-04-24,156.35,43.88,3.563126709206928,3.5094040093933296,3.4290115033691198,0.09047590252850028,0.8885515786801454,0,0.9152663622130222,0.0,0.0
2023-04-25,156.39,44.16,3.541440217391304,3.5199875886888705,3.4297705646065,0.09123442371028541,0.9888485114878804,0,0.9152663622130222,0.0,0.0
2023-04-26,154.58,43.715,3.536086011666476,3.5304870667333255,3.430990040046521,0.09216919894619408,1.079504084058363,-2,0.9152663622130222,0.0,0.0
2023-04-27,156.47,44.315,3.5308586257474897,3.545003587847977,3.4320793778579026,0.0929667540250281,1.2146730427919779,-2,0.9152663622130222,0.0,0.0
2023-04-28,156.38,44.365,3.52485067057365,3.5392724469171695,3.4330843291502684,0.0936471529749086,1.1339172029645432,-2,0.9152663622130222,0.0,0.0
2023-05-01,156.57,44.365,3.529133325819903,3.532473770239765,3.4341387127944794,0.09437585804055906,1.041951400357334,-2,0.9152663622130222,0.0,0.0
2023-05-02,156.43,44.435,3.520423089906605,3.5282703447428245,3.435827695084899,0.0950065605718069,0.9730133277275762,0,0.9152663622130222,0.0,0.0
2023-05-03,156.23,44.375,3.520676056338028,3.525188353677135,3.4379026110632958,0.09548428051373031,0.9141373024357446,0,0.9152663622130222,0.0,0.0
2023-05-04,155.51,44.06,3.5295052201543347,3.5249176725585043,3.439864475193873,0.09614572561435711,0.8846279626177207,0,0.9152663622130222,0.0,0.0
2023-05-05,156.03,43.99,3.5469424869288475,3.5293360358295436,3.4426440447558724,0.09679915788829899,0.8955862113357338,0,0.9152663622130222,0.0,0.0
2023-05-08,155.3,43.99,3.530347806319618,3.529578931929487,3.445893818164517,0.09640866968062867,0.8680247745580572,0,0.9152663622130222,0.0,0.0
2023-05-09,153.71,43.685,3.5185990614627447,3.5292141262407144,3.4487758936696387,0.09594552030658221,0.8383740305336318,0,0.9152663622130222,0.0,0.0
2023-05-10,154.03,42.925,3.588351776354106,3.54274927024393,3.4538070029720833,0.0952028582735282,0.9342394638646866,0,0.9152663622130222,0.0,0.0
2023-05-11,154.39,43.395,3.5577831547413292,3.548404857161329,3.458695013557277,0.09281773309692479,0.9665162098967943,0,0.9152663622130222,0.0,0.0
2023-05-12,155.96,43.535,3.58240496152521,3.5554973520806015,3.4641311126524106,0.09027598108219784,1.012076948186255,-2,0.9152663622130222,0.0,0.0
2023-05-15,156.01,43.34,3.599676972773419,3.569363185371362,3.4701038270296434,0.08708268790433728,1.1398288308550792,-2,0.9152663622130222,0.0,0.0
2023-05-16,155.74,43.43,3.5860004605111677,3.582843465181046,3.4747766517669634,0.08561748504500485,1.2622049498099297,-2,0.9152663622130222,0.0,0.0
2023-05-17,155.08,43.15,3.593974507531866,3.583968011416599,3.4796606946680435,0.08387296499994694,1.2436345459901328,-2,0.9152663622130222,0.0,0.0
2023-05-18,152.53,42.65,3.5763188745603753,3.5876751553804076,3.4843810528004386,0.08111989559196194,1.2733510296850559,-2,0.9152663622130222,0.0,0.0
2023-05-19,153.17,42.71,3.586279559822055,3.588450075039776,3.488490839113041,0.07990257665209827,1.251013923643102,-2,0.9152663622130222,0.0,0.0
2023-05-22,149.16,42.29,3.527074958619059,3.5739296722089042,3.491901450624639,0.07700959935864142,1.065168787624147,-2,0.9152663622130222,0.0,0.0
2023-05-23,147.55,42.16,3.4997628083491468,3.5566821417765007,3.4949375546550647,0.07353366090416022,0.8396778612982492,0,0.9152663622130222,0.0,0.0
2023-05-24,146.33,41.72,3.5074304889741135,3.53937333806495,3.49796275010315,0.07011665468510282,0.5905956031099454,0,0.9152663622130222,0.0,0.0
2023-05-25,145.39,41.675,3.4886622675464904,3.5218420166621724,3.500654956072833,0.06645147735433996,0.3188350572909555,0,0.9152663622130222,0.0,0.0
2023-05-26,145.4,41.69,3.4876469177260736,3.502115488242977,3.503102169135964,0.0630836035596574,-0.015640845438608195,0,0.9152663622130222,0.0,0.0
2023-05-30,143.18,40.45,3.5396786155747835,3.504636219634121,3.505428939935085,0.06178019894788555,-0.012831300553638321,0,0.9152663622130222,0.0,0.0
2023-05-31,142.5,40.29,3.5368577810871185,3.5120552141817156,3.507420965366969,0.06081092494521514,0.07620750414373488,0,0.9152663622130222,0.0,0.0
2023-06-01,143.96,40.18,3.582877053260329,3.527144527038959,3.5114950862178334,0.05738951763095736,0.27268814004953273,0,0.9152663622130222,0.0,0.0
2023-06-02,146.52,40.565,3.6119807716011345,3.551808227849888,3.5160934078395716,0.05405248725308902,0.6607433223764465,0,0.9152663622130222,0.0,0.0
2023-06-05,145.94,40.71,3.5848685826578235,3.5712525608362378,3.520486969820315,0.04836099677526492,1.0497217675605799,-2,0.9152663622130222,0.0,0.0
2023-06-06,144.49,40.445,3.5725058721720857,3.577818012155698,3.523835566502007,0.0446931664204904,1.207845627803663,-2,0.9152663622130222,0.0,0.0
2023-06-07,144.8,40.25,3.597515527950311,3.589949561528337,3.527030516293947,0.04293067418710011,1.46559648609702,-2,0.9152663622130222,0.0,0.0
2023-06-08,146.44,39.995,3.6614576822102767,3.6056656873183264,3.530828360387745,0.04457199208620276,1.6790213635918503,1,0.9151463622130221,-0.00204862059546572,0.0075009376172021506
2023-06-09,146.56,39.7,3.6916876574307302,3.6216070644842455,3.5338530024693724,0.04907875710476166,1.788025353363302,1,0.9126877511444916,-0.00204862059546572,0.0075009376172021506
2023-06-12,145.41,39.96,3.638888888888889,3.6324111257304588,3.5362310258316136,0.050655163948424564,1.898722507280256,1,0.9169939086097498,-0.00204862059546572,0.0075009376172021506
2023-06-13,145.06,39.655,3.6580506871769005,3.649520088731421,3.5383432768357257,0.053033242681491226,2.0963608158642084,2,0.9153042153279585,0.0,0.0
2023-06-14,146.42,39.675,3.6904851921865154,3.6681140215786625,3.5406025370810874,0.056524296044491745,2.2558703676239946,2,0.9153042153279585,0.0,0.0
2023-06-15,148.45,40.21,3.691867694603332,3.6741960240572737,3.543990001079117,0.05937459658108877,2.1929584447842476,2,0.9153042153279585,0.0,0.0
2023-06-16,149.54,40.595,3.683704889764749,3.6725994705240774,3.5482801846969494,0.060022418323992216,2.0712142112647105,2,0.9153042153279585,0.0,0.0
2023-06-20,148.16,40.55,3.6537607891491986,3.6755738505761393,3.551740607675679,0.06001876581667874,2.063242074632068,2,0.9153042153279585,0.0,0.0
2023-06-21,149.44,40.7,3.6717444717444714,3.6783126074896537,3.5546725096211627,0.06151919789336275,2.009780720529038,2,0.9153042153279585,0.0,0.0
2023-06-22,149.95,40.57,3.69608084791718,3.679431738635786,3.55863850582475,0.06284531481420419,1.9220722048755603,1,0.9151842153279585,-0.0020006668889629878,0.007394626571358146
2023-06-23,148.46,40.9,3.629828850855746,3.6670239698862686,3.5612355030106633,0.06250745497134931,1.6924135996913343,1,0.9206054357610615,-0.0020006668889629878,0.007394626571358146
2023-06-26,148.61,40.6,3.660344827586207,3.6623519574505607,3.564080248631673,0.06307619787325498,1.5579840277683557,1,0.9180869477563096,-0.0020006668889629878,0.007394626571358146
2023-06-27,150.02,40.715,3.6846371116296206,3.6685272219466447,3.5668742899376045,0.06464850196643261,1.5723942383355056,1,0.916116389498578,-0.0020006668889629878,0.007394626571358146
2023-06-28,149.99,40.915,3.6658927043871445,3.667356868475179,3.568827712496802,0.06584924097064963,1.4962838527219084,-2,0.9176553348195186,-0.0020006668889629878,0.007394626571358146
2023-06-29,149.38,40.85,3.6567931456548344,3.6594993280227106,3.5709004708704346,0.06663668282792432,1.329580846349518,-2,0.9183950908946478,-0.0020006668889629878,0.007394626571358146
2023-06-30,151.74,40.975,3.7032336790726053,3.6741802936660823,3.5733376574201494,0.06876007583677714,1.4665870422440117,-2,0.9145978453581148,-0.0020006668889629878,0.007394626571358146
