date,WMT,TGT,ratio,ins_ratio,long_mean,long_std,z_score,action,capital,holding1,holding2
2021-01-04,146.53,177.63,0.8249169622248494,,,,,0,0.0,0.0,0.0
2021-01-05,145.75,180.37,0.8080612075178799,,,,,0,0.0,0.0,0.0
2021-01-06,146.66,188.92,0.776307431717129,,,,,0,0.0,0.0,0.0
2021-01-07,146.65,191.1,0.7673992673992674,,,,,0,0.0,0.0,0.0
2021-01-08,146.63,193.6,0.7573863636363636,0.7868142464990979,,,,0,0.0,0.0,0.0
2021-01-11,147.29,195.28,0.7542503072511265,0.7726809155043532,,,,0,0.0,0.0,0.0
2021-01-12,148.97,199.1,0.7482169763937719,0.7607120692795317,,,,0,0.0,0.0,0.0
2021-01-13,147.45,196.82,0.7491616705619347,0.7552829170484928,,,,0,0.0,0.0,0.0
2021-01-14,146.97,198.01,0.7422352406444119,0.7502501116975218,,,,0,0.0,0.0,0.0
2021-01-15,144.64,194.8,0.7425051334702257,0.7472738656642941,,,,0,0.0,0.0,0.0
2021-01-19,143.39,188.16,0.762064200680272,0.7488366443501232,,,,0,0.0,0.0,0.0
2021-01-20,145.51,188.3,0.7727562400424853,0.753744497079866,,,,0,0.0,0.0,0.0
2021-01-21,144.85,191.27,0.757306425471846,0.7553734480618483,,,,0,0.0,0.0,0.0
2021-01-22,146.33,191.91,0.7624928351831588,0.7594249669695976,,,,0,0.0,0.0,0.0
2021-01-25,146.2,190.15,0.7688666841966867,0.7646972771148898,,,,0,0.0,0.0,0.0
2021-01-26,147.51,187.7,0.785881726158764,0.7694607822105881,,,,0,0.0,0.0,0.0
2021-01-27,143.84,178.28,0.8068207314336998,0.776273680488831,,,,0,0.0,0.0,0.0
2021-01-28,143.75,183.58,0.7830373679050004,0.781419868975462,,,,0,0.0,0.0,0.0
2021-01-29,140.49,181.17,0.7754595131644313,0.7840132045717164,,,,0,0.0,0.0,0.0
2021-02-01,139.27,183.57,0.7586751647872747,0.781974900689834,,,,0,0.0,0.0,0.0
2021-02-02,140.77,185.59,0.7584999191766798,0.7764985392934173,,,,0,0.0,0.0,0.0
2021-02-03,141.2,185.11,0.7627896926152017,0.7676923315297175,,,,0,0.0,0.0,0.0
2021-02-04,142.53,188.59,0.7557664775438783,0.7622381534574931,,,,0,0.0,0.0,0.0
2021-02-05,144.36,188.86,0.7643757280525257,0.7600213964351121,,,,0,0.0,0.0,0.0
2021-02-08,145.03,193.95,0.7477700438257283,0.7578403722428028,,,,0,0.0,0.0,0.0
2021-02-09,145.83,194.29,0.7505790313448969,0.7562561946764461,,,,0,0.0,0.0,0.0
2021-02-10,144.13,192.44,0.7489607150280607,0.753490399159018,,,,0,0.0,0.0,0.0
2021-02-11,144.02,190.41,0.7563678378236438,0.753610671214971,,,,0,0.0,0.0,0.0
2021-02-12,144.47,191.43,0.7546883978477772,0.7516732051740214,,,,0,0.0,0.0,0.0
2021-02-16,145.66,190.59,0.7642583556325095,0.7549708675353777,,,,0,0.0,0.0,0.0
2021-02-17,147.2,193.6,0.7603305785123966,0.7569211769688775,,,,0,0.0,0.0,0.0
2021-02-18,137.66,191.41,0.7191891750692231,0.7509668689771101,,,,0,0.0,0.0,0.0
2021-02-19,138.34,188.82,0.7326554390424743,0.7462243892208761,,,,0,0.0,0.0,0.0
2021-02-22,137.69,188.99,0.7285570665114556,0.7409981229536118,,,,0,0.0,0.0,0.0
2021-02-23,135.47,186.36,0.7269263790512985,0.7335317276373696,,,,0,0.0,0.0,0.0
2021-02-24,133.21,187.08,0.7120483215736583,0.723875276249622,,,,0,0.0,0.0,0.0
2021-02-25,131.95,185.08,0.7129349470499242,0.7226244306457621,,,,0,0.0,0.0,0.0
2021-02-26,129.92,183.44,0.7082424771042302,0.7177418382581134,,,,0,0.0,0.0,0.0
2021-03-01,131.37,186.09,0.7059487344833145,0.7132201718524851,,,,0,0.0,0.0,0.0
2021-03-02,130.11,173.49,0.7499567698426423,0.7178262500107538,,,,0,0.0,0.0,0.0
2021-03-03,127.59,173.61,0.7349231035078624,0.7224012063975948,,,,0,0.0,0.0,0.0
2021-03-04,127.53,169.82,0.7509716170062419,0.7300085403888583,,,,0,0.0,0.0,0.0
2021-03-05,129.12,172.61,0.7480447251028329,0.7379689899885788,,,,0,0.0,0.0,0.0
2021-03-08,127.88,176.87,0.7230169050715214,0.7413826241062201,,,,0,0.0,0.0,0.0
2021-03-09,128.89,179.18,0.7193325147895969,0.7352577730956111,,,,0,0.0,0.0,0.0
2021-03-10,132.18,178.58,0.7401724717213574,0.7363076467383101,,,,0,0.0,0.0,0.0
2021-03-11,132.13,179.32,0.7368391701985277,0.7334811573767672,,,,0,0.0,0.0,0.0
2021-03-12,134.12,180.01,0.7450697183489807,0.7328861560259969,,,,0,0.0,0.0,0.0
2021-03-15,133.43,181.1,0.7367752622860299,0.7356378274688986,,,,0,0.0,0.0,0.0
2021-03-16,133.39,180.21,0.7401919982242938,0.7398097241558379,,,,0,0.0,0.0,0.0
2021-03-17,132.28,178.4,0.7414798206278027,0.740071193937127,,,,0,0.0,0.0,0.0
2021-03-18,130.01,179.61,0.7238461110183173,0.7374725821010848,,,,0,0.0,0.0,0.0
2021-03-19,131.74,187.55,0.7024260197280725,0.7289438423769032,,,,0,0.0,0.0,0.0
2021-03-22,132.37,188.04,0.7039459689427782,0.722377983708253,,,,0,0.0,0.0,0.0
2021-03-23,133.94,188.92,0.7089773449078975,0.7161350530449736,,,,0,0.0,0.0,0.0
2021-03-24,133.11,188.28,0.7069789674952199,0.7092348824184571,,,,0,0.0,0.0,0.0
2021-03-25,134.01,192.7,0.695433316035288,0.7035523234218513,,,,0,0.0,0.0,0.0
2021-03-26,135.13,200.95,0.6724558347847723,0.6975582864331912,,,,0,0.0,0.0,0.0
2021-03-29,136.67,198.21,0.6895212148731142,0.6946733356192584,,,,0,0.0,0.0,0.0
2021-03-30,135.74,199.65,0.6798898071625344,0.6888558280701857,0.7437489904800857,0.03016514963130266,-1.819754354970505,-1,0.99988,0.00221010755856785,-0.0015026296018031554
2021-03-31,135.83,198.07,0.6857676578987227,0.6846135661508864,0.7414298354079836,0.029151016890801046,-1.9490321545189804,-1,1.00245306445112,0.00221010755856785,-0.0015026296018031554
2021-04-01,135.62,200.72,0.6756675966520527,0.6806604222742393,0.7392232752268865,0.02903239662896615,-2.017155307606192,2,0.9978867048988891,0.0,0.0
2021-04-05,139.43,205.35,0.6789870952033115,0.6819666743579471,0.7376012696183228,0.029637708395384748,-1.8771557678541462,-1,0.9977667048988891,0.0021516172990030838,-0.0014609203798392988
2021-04-06,140.1,205.43,0.6819841308474905,0.6804592575528223,0.7361776840091265,0.03022766200610382,-1.8432926253129691,-1,0.999091414858834,0.0021516172990030838,-0.0014609203798392988
2021-04-07,139.8,204.45,0.6837857666911226,0.68123844945854,0.7349510073933725,0.03083960755331525,-1.741674495759219,-1,0.9998776316413757,0.0021516172990030838,-0.0014609203798392988
2021-04-08,139.71,203.46,0.686670598643468,0.681419037607489,0.7338246789165782,0.03135262003278939,-1.6714916091312948,-1,1.0011302972605063,0.0021516172990030838,-0.0014609203798392988
2021-04-09,139.78,205.36,0.6806583560576548,0.6824171894886095,0.7326987019109763,0.03203273495124501,-1.5696915202182105,-1,0.9985051617497417,0.0021516172990030838,-0.0014609203798392988
2021-04-12,139.8,205.1,0.6816187225743541,0.682943514962818,0.7315729861111834,0.03262570765190302,-1.490526172404075,-2,0.9989280333944801,0.0021516172990030838,-0.0014609203798392988
2021-04-13,139.37,204.94,0.6800526983507368,0.6825572284634672,0.7305366104062887,0.03326268920367217,-1.4424384525567644,-2,0.998236585216683,0.0021516172990030838,-0.0014609203798392988
2021-04-14,139.32,205.71,0.6772641096689513,0.681252897059033,0.7294492600096006,0.03392458161512422,-1.4206914472036045,-2,0.9970040956592565,0.0021516172990030838,-0.0014609203798392988
2021-04-15,140.16,205.76,0.6811819595645412,0.6801551692432477,0.7281012226576719,0.03421237824438686,-1.4014241591722885,-2,0.9987384081714272,0.0021516172990030838,-0.0014609203798392988
2021-04-16,140.61,208.55,0.6742268041237114,0.678868858856459,0.7264590653923589,0.03439681307881956,-1.3835644141463925,-2,0.9956306680962269,0.0021516172990030838,-0.0014609203798392988
2021-04-19,139.71,208.65,0.6695902228612509,0.6764631589138383,0.7249971286821825,0.034923542236675986,-1.3897207058616965,-2,0.9935481204891402,0.0021516172990030838,-0.0014609203798392988
2021-04-20,140.79,207.27,0.6792589376176001,0.6763044067672109,0.7236098970560898,0.03506172855819967,-1.3492058787220242,-2,0.9978879372962418,0.0021516172990030838,-0.0014609203798392988
2021-04-21,141.2,206.77,0.6828843642694781,0.6774284576873163,0.7221768583906363,0.03493755689102589,-1.2808108146455461,-2,0.9995005605787527,0.0021516172990030838,-0.0014609203798392988
2021-04-22,139.67,205.57,0.6794279320912584,0.6770776521926598,0.7204026284895112,0.03434560811910057,-1.261441525408809,-2,0.9979616905670852,0.0021516172990030838,-0.0014609203798392988
2021-04-23,139.9,206.01,0.6790932479005874,0.6780509409480351,0.7182738370972928,0.03282312595960663,-1.2254437983377169,-2,0.9978137575787266,0.0021516172990030838,-0.0014609203798392988
2021-04-26,137.91,203.63,0.6772577714482149,0.6795844506654277,0.7165108438230129,0.0321188503365054,-1.1496797914841819,-2,0.997009029657728,0.0021516172990030838,-0.0014609203798392988
2021-04-27,138.38,204.36,0.6771383832452534,0.6791603397909585,0.71487215832436,0.03156369398329776,-1.1314207567814722,-2,0.9969538179109767,0.0021516172990030838,-0.0014609203798392988
2021-04-28,137.89,204.46,0.6744106426684925,0.6774655954707614,0.7134677496223802,0.031456138130831965,-1.1445192032753415,-2,0.9957534333964813,0.0021516172990030838,-0.0014609203798392988
2021-04-29,139.63,207.38,0.6733050438807985,0.6762410178286693,0.7120478350341155,0.031311449720318116,-1.1435694458506989,-2,0.9952313599876159,0.0021516172990030838,-0.0014609203798392988
2021-04-30,139.91,207.26,0.6750458361478336,0.6754315354781186,0.7105854374263262,0.030948317096903166,-1.1358905829398143,-2,0.9960091232769175,0.0021516172990030838,-0.0014609203798392988
2021-05-03,142.12,211.28,0.6726618705035972,0.6745123552891951,0.7092003606423215,0.030751013712622847,-1.1280280278658754,-2,0.9948912975807604,0.0021516172990030838,-0.0014609203798392988
2021-05-04,140.72,211.61,0.6649969283115165,0.6720840643024476,0.7075440473133046,0.03040319052370496,-1.1663244021448762,-2,0.9913969296368091,0.0021516172990030838,-0.0014609203798392988
2021-05-05,140.6,212.41,0.6619274045478085,0.6695874166783108,0.7061133366586726,0.030497795688714063,-1.1976577046149766,-2,0.9899699992570574,0.0021516172990030838,-0.0014609203798392988
2021-05-06,141.05,213.0,0.6622065727699531,0.6673677224561417,0.7046404623490903,0.030447860785312315,-1.224149708111135,-2,0.9900762840175037,0.0021516172990030838,-0.0014609203798392988
2021-05-07,140.2,214.71,0.6529737785850681,0.6629533109435887,0.7030406800750403,0.03060100379761734,-1.3100017697645887,-2,0.9857492354638258,0.0021516172990030838,-0.0014609203798392988
2021-05-10,140.82,214.03,0.6579451478764659,0.6600099664181625,0.7014003019092541,0.030330729344337136,-1.3646337027111202,-2,0.9880766640474984,0.0021516172990030838,-0.0014609203798392988
2021-05-11,139.55,209.24,0.6669374880519977,0.6603980783662587,0.6999377867459909,0.029829164077745537,-1.3255385996294595,-2,0.9923419186971947,0.0021516172990030838,-0.0014609203798392988
2021-05-12,135.94,202.96,0.6697871501773748,0.6619700274921719,0.6983632666550721,0.028853851852739892,-1.261295696277873,-2,0.9937491602331844,0.0021516172990030838,-0.0014609203798392988
2021-05-13,138.24,208.61,0.6626719716216865,0.6620631072625186,0.6967356232068936,0.028042071494460374,-1.2364463142897446,-2,0.9904436798747995,0.0021516172990030838,-0.0014609203798392988
2021-05-14,139.52,211.16,0.660731199090737,0.6636145913636524,0.6957613236072522,0.028263382799932377,-1.137398607631521,-2,0.9894724030489334,0.0021516172990030838,-0.0014609203798392988
2021-05-17,138.89,210.02,0.6613179697171697,0.6642891557317931,0.6945723657851637,0.028185421541762148,-1.0744281403952078,-2,0.9897823333835781,0.0021516172990030838,-0.0014609203798392988
2021-05-18,141.91,206.43,0.68744852976796,0.6683913640749856,0.6938872235061055,0.027842865751258668,-0.9157052890637672,0,1.0014035390292082,0.0,0.0
2021-05-19,141.92,219.01,0.6480069403223597,0.6640353221039825,0.6925718995272898,0.028118362170231056,-1.014873385958411,-2,1.0014035390292082,0.0,0.0
2021-05-20,142.42,221.79,0.6421389602777402,0.6599287198351933,0.6914067435056913,0.02873921026991976,-1.0952988399769934,-2,1.0014035390292082,0.0,0.0
2021-05-21,141.75,225.09,0.6297481007596961,0.6537321001689851,0.6900202960675208,0.029674385660937403,-1.2228794325573709,-2,1.0014035390292082,0.0,0.0
2021-05-24,141.76,225.41,0.6288984517102169,0.6472481965675946,0.6886978956442872,0.03060200727326658,-1.3544764794857882,-2,1.0014035390292082,0.0,0.0
2021-05-25,142.34,225.3,0.6317798490901021,0.636114460432023,0.6874617475544003,0.03138143598839143,-1.636231278306434,-1,1.0012835390292083,0.002107629619221582,-0.0013315579227696404
2021-05-26,142.17,227.11,0.6259962132887146,0.6317123150252939,0.6853957382785015,0.031277640627183016,-1.7163514311419008,-1,0.9985151221537275,0.002107629619221582,-0.0013315579227696404
2021-05-27,141.69,227.37,0.623169283546642,0.6279183796790744,0.6835331746124812,0.03160406017316802,-1.7597357627050723,-1,0.997157254876581,0.002107629619221582,-0.0013315579227696404
2021-05-28,142.03,226.92,0.6259034020800283,0.6271494399431408,0.6814487043637111,0.031202652740032786,-1.740213079732953,-1,0.9984730500123628,0.002107629619221582,-0.0013315579227696404
2021-06-01,141.66,227.27,0.6233114797377568,0.6260320455486488,0.6793698169409598,0.03084359870318509,-1.7292979300370364,-1,0.9972271817802814,0.002107629619221582,-0.0013315579227696404
2021-06-02,141.35,228.38,0.6189245993519572,0.6234609956010198,0.6776349451789669,0.03127144592985731,-1.7323775082054347,-1,0.9950957873040484,0.002107629619221582,-0.0013315579227696404
2021-06-03,141.6,229.18,0.6178549611658958,0.621832745176456,0.6759436526185719,0.031719006612293994,-1.7059458419843134,-1,0.9945574483706381,0.002107629619221582,-0.0013315579227696404
2021-06-04,141.85,231.34,0.6131667675283132,0.6198322419727903,0.6738268908820211,0.03159767818414853,-1.7088169768219883,-1,0.9922081906622611,0.002107629619221582,-0.0013315579227696404
2021-06-07,140.9,230.89,0.6102473039109533,0.6167010223389753,0.6717170264438951,0.03154526142637061,-1.744033861736475,-1,0.990805143589247,0.002107629619221582,-0.0013315579227696404
2021-06-08,139.83,235.1,0.5947681837515951,0.6109923631417429,0.6692120008672718,0.03158928840727866,-1.8430183350415152,-1,0.9829441210418197,0.002107629619221582,-0.0013315579227696404
2021-06-09,139.08,231.94,0.5996378373717342,0.6071350107456983,0.6669263771187004,0.031579179678265346,-1.8933793398741776,-1,0.9855711218633556,0.002107629619221582,-0.0013315579227696404
2021-06-10,139.88,231.66,0.6038159371492705,0.6043272059423732,0.66465344276745,0.031121014025138394,-1.9384405911821343,-1,0.9876300617771083,0.002107629619221582,-0.0013315579227696404
2021-06-11,140.75,232.94,0.6042328496608569,0.602540422368882,0.6623659932513342,0.030414354199811193,-1.9670176288939123,-1,0.987759305404686,0.002107629619221582,-0.0013315579227696404
2021-06-14,140.56,233.07,0.6030806195563565,0.6011070854979627,0.6603532350603014,0.030272441588348856,-1.957098484753248,-1,0.9871857532470739,0.002107629619221582,-0.0013315579227696404
2021-06-15,140.0,232.57,0.6019692995657222,0.602547308660788,0.658678956390929,0.030681301829121935,-1.8295067152874926,-1,0.9866712596216947,0.002107629619221582,-0.0013315579227696404
2021-06-16,137.15,231.26,0.5930554354406297,0.6012308282745671,0.6568307808325599,0.031243058493243818,-1.7795937798476429,-1,0.9824088560857414,0.002107629619221582,-0.0013315579227696404
2021-06-17,137.72,231.22,0.5956232159847764,0.5995922840416684,0.6549415453505077,0.031462795555013114,-1.7591971829731536,-1,0.9836634672856085,0.002107629619221582,-0.0013315579227696404
2021-06-18,135.17,230.53,0.5863445104758599,0.596014616204669,0.6529309710668518,0.03193204067995117,-1.7824214691646156,-1,0.9792077867233044,0.002107629619221582,-0.0013315579227696404
2021-06-21,136.4,233.77,0.5834794883860205,0.5920943899706017,0.651065073939364,0.032668811356281226,-1.8051065074157948,-1,0.9774859234851734,0.002107629619221582,-0.0013315579227696404
2021-06-22,137.03,237.21,0.5776737911555162,0.5872352882885605,0.6494853732122097,0.03388585309694987,-1.8370523163618502,-1,0.9742331708909554,0.002107629619221582,-0.0013315579227696404
2021-06-23,135.96,237.31,0.5729214950908095,0.5832085002185965,0.6475420445491713,0.03487978837896277,-1.8444361998875152,-1,0.9718448514061114,0.002107629619221582,-0.0013315579227696404
2021-06-24,136.91,239.84,0.5708388925950634,0.5782516355406538,0.64572452930638,0.035989210407237925,-1.8748089497444618,-1,0.9704782579997647,0.002107629619221582,-0.0013315579227696404
2021-06-25,138.53,240.55,0.5758885886510081,0.5761604511756835,0.6438932114855849,0.03670555207635306,-1.8453001379466265,-1,0.9729472118577372,0.002107629619221582,-0.0013315579227696404
2021-06-28,138.1,241.26,0.5724115062588079,0.573946854750241,0.6421722766456974,0.037600234687915825,-1.814494575944312,-1,0.9710955249963055,0.002107629619221582,-0.0013315579227696404
2021-06-29,137.3,241.85,0.567707256563986,0.5719535478319349,0.6403176126683754,0.038487550905787093,-1.7762643563314162,-1,0.9686238021264941,0.002107629619221582,-0.0013315579227696404
2021-06-30,141.02,241.74,0.5833540167121701,0.5740400521562071,0.6386737774327867,0.038782929972747925,-1.6665508594115142,-1,0.976610655681503,0.002107629619221582,-0.0013315579227696404
2021-07-01,139.32,243.47,0.5722265576867787,0.5743175851745501,0.6368144572827142,0.03925482609450828,-1.5920812375451432,-1,0.9707240901224348,0.002107629619221582,-0.0013315579227696404
2021-07-02,140.11,246.58,0.5682131559737206,0.5727824986390926,0.6348401665715518,0.0396813953785347,-1.5638983291910347,-1,0.9682479723818063,0.002107629619221582,-0.0013315579227696404
2021-07-06,139.94,245.45,0.5701364840089631,0.5723274941891237,0.6329981353707403,0.040081664628638866,-1.5136756854720734,-1,0.9693943357992683,0.002107629619221582,-0.0013315579227696404
2021-07-07,139.71,247.55,0.5643708341749142,0.5716602097113094,0.6310440038974163,0.040526718055626514,-1.4652998573582354,-2,0.9661133093490311,0.002107629619221582,-0.0013315579227696404
2021-07-08,139.59,248.58,0.561549601737871,0.5672993267164494,0.6290689522872018,0.040982850438327195,-1.5072066708416498,-1,0.9644888891342717,0.002107629619221582,-0.0013315579227696404
2021-07-09,140.3,248.58,0.5644058250864913,0.565735180196392,0.6271879808774943,0.04132186834148759,-1.4871738173417246,-2,0.965985306163919,0.002107629619221582,-0.0013315579227696404
2021-07-12,140.05,252.24,0.5552251823660007,0.563137585474848,0.6250887012575187,0.04172979822426222,-1.484577410361201,-2,0.9605848967617767,0.002107629619221582,-0.0013315579227696404
2021-07-13,140.58,251.75,0.5584111221449851,0.5607925131020524,0.6231584398912065,0.04209532753106358,-1.4815403620064993,-2,0.9623544038421213,0.002107629619221582,-0.0013315579227696404
2021-07-14,141.55,253.63,0.5580964396956196,0.5595376342061936,0.6213002101717792,0.04247011945307859,-1.454259530252121,-2,0.9618954756779594,0.002107629619221582,-0.0013315579227696404
2021-07-15,141.66,252.93,0.5600759103309215,0.5592428959248036,0.6193138263836678,0.042500530267043125,-1.4134160228453907,-2,0.9630594054820124,0.002107629619221582,-0.0013315579227696404
2021-07-16,141.56,251.15,0.5636472227752339,0.5590911754625523,0.6173265406920972,0.04226470429326344,-1.3778722980164586,-2,0.9652188156226202,0.002107629619221582,-0.0013315579227696404
2021-07-19,141.23,251.12,0.5624004460019114,0.5605262281897343,0.615376082590608,0.04205001952209116,-1.3043954562745956,-2,0.9645632445859601,0.002107629619221582,-0.0013315579227696404
2021-07-20,141.87,254.71,0.5569863766636567,0.5602412790934687,0.6133409680699926,0.04186844277080172,-1.268250870165028,-2,0.961131834599519,0.002107629619221582,-0.0013315579227696404
2021-07-21,141.17,256.05,0.5513376293692638,0.5588895170281974,0.6112422990353434,0.04176605852862785,-1.2534767189310345,-2,0.9578722062495526,0.002107629619221582,-0.0013315579227696404
2021-07-22,141.27,257.01,0.5496673281195285,0.5568078005859188,0.6091177814499146,0.04159901068063049,-1.2574813681411068,-2,0.956804673605616,0.002107629619221582,-0.0013315579227696404
2021-07-23,142.43,261.03,0.5456460943186607,0.5532075748946041,0.6069717056440841,0.041494811304413154,-1.2956832206093656,-2,0.9538966611143791,0.002107629619221582,-0.0013315579227696404
2021-07-26,142.63,260.86,0.5467683815073219,0.5500811619956864,0.6048627612711929,0.04128134397027862,-1.3270304211739739,-2,0.9545445518850941,0.002107629619221582,-0.0013315579227696404
2021-07-27,142.64,258.36,0.552097847964081,0.5491034562557712,0.6028136281347969,0.040787034230957656,-1.3168442592538219,-2,0.9578945229882104,0.002107629619221582,-0.0013315579227696404
2021-07-28,142.06,257.42,0.5518607722787662,0.5492080848376717,0.6008002764977165,0.040258812908034645,-1.2815129889174726,-2,0.9579237622564654,0.002107629619221582,-0.0013315579227696404
2021-07-29,142.24,261.66,0.5436062065275549,0.5479958605192768,0.598777097801317,0.040027512869059284,-1.2686583212941367,-2,0.952657329995382,0.002107629619221582,-0.0013315579227696404
2021-07-30,142.55,261.05,0.5460639724190768,0.5480794361393602,0.5968460405991715,0.0397229555868614,-1.2276680760366465,-2,0.9541229455102301,0.002107629619221582,-0.0013315579227696404
2021-08-02,142.22,257.24,0.5528689161872181,0.5492995430753395,0.5950237463227926,0.03917791269669107,-1.1670913558218994,-2,0.9585006634216393,0.002107629619221582,-0.0013315579227696404
2021-08-03,143.82,262.2,0.548512585812357,0.5485824906449945,0.5932827264432474,0.03887895918091276,-1.1497282010624919,-2,0.9552683435154564,0.002107629619221582,-0.0013315579227696404
2021-08-04,142.84,260.53,0.5482669942041224,0.5478637350300658,0.5914547572153751,0.038362131236196875,-1.1363034529264804,-2,0.9554265682196447,0.002107629619221582,-0.0013315579227696404
2021-08-05,145.49,261.4,0.5565799540933436,0.5504584845432235,0.589615464982731,0.03731296024881082,-1.0494203670360192,-2,0.9598533313177723,0.002107629619221582,-0.0013315579227696404
2021-08-06,145.23,260.09,0.5583836364335423,0.5529224173461167,0.587758739753667,0.03600476556080732,-0.9675475416918444,0,0.9609192053056563,0.0,0.0
2021-08-09,145.58,262.41,0.5547806867116345,0.553304771451,0.5859605516718328,0.0348764881932901,-0.9363265028247734,0,0.9609192053056563,0.0,0.0
2021-08-10,148.68,264.07,0.563032529253607,0.5562087601392499,0.5843322405078806,0.033583126552863996,-0.8374288893072782,0,0.9609192053056563,0.0,0.0
2021-08-11,150.01,263.01,0.5703585415003232,0.5606270695984901,0.5828162500375998,0.03206781085544732,-0.6919455942637422,0,0.9609192053056563,0.0,0.0
2021-08-12,149.06,261.88,0.5691919963341989,0.5631494780466613,0.5808453078137038,0.0290169309498023,-0.6098449831808661,0,0.9609192053056563,0.0,0.0
2021-08-13,149.53,261.54,0.5717289898294715,0.565818548725847,0.5795740086388222,0.027663965700929105,-0.4972338406461095,0,0.9609192053056563,0.0,0.0
2021-08-16,150.75,263.15,0.5728671860155805,0.5694358485866362,0.5784194790677863,0.026426436713224158,-0.33994861201452126,0,0.9609192053056563,0.0,0.0
2021-08-17,150.7,254.65,0.5917926565874729,0.5751878740534094,0.5777868883315826,0.025618862586699234,-0.1014492454291304,0,0.9609192053056563,0.0,0.0
2021-08-18,149.1,247.58,0.6022295823572178,0.5815620822247883,0.5773424071756993,0.024939397959474374,0.16919714966439306,0,0.9609192053056563,0.0,0.0
2021-08-19,150.11,245.41,0.6116702660853267,0.5900577361750139,0.577007247458953,0.024322922005158572,0.5365510243092098,0,0.9609192053056563,0.0,0.0
2021-08-20,151.45,253.4,0.5976716653512233,0.5952462712793642,0.5765351716599948,0.02362073048764642,0.7921473736451677,0,0.9609192053056563,0.0,0.0
2021-08-23,150.45,252.53,0.5957707995089692,0.5998269939780421,0.5760785302593671,0.022959490236247968,1.0343637195037294,-2,0.9609192053056563,0.0,0.0
2021-08-24,148.9,250.65,0.5940554558148813,0.6002795538235237,0.575547731154948,0.022141647413836934,1.1169820477368888,-2,0.9609192053056563,0.0,0.0
2021-08-25,148.96,251.15,0.5931116862432809,0.5984559746007363,0.5750444012633733,0.02136717617447802,1.095679332925934,-2,0.9609192053056563,0.0,0.0
2021-08-26,147.35,248.96,0.5918621465295629,0.5944943506895836,0.574593360383,0.020700436146063834,0.9613802417572587,0,0.9609192053056563,0.0,0.0
2021-08-27,146.52,249.18,0.5880086684324585,0.5925617513058306,0.5740959221707761,0.019989629956836088,0.923770433716282,0,0.9609192053056563,0.0,0.0
2021-08-30,147.7,249.36,0.5923163298042989,0.5918708573648965,0.5737484148753759,0.019473467242840468,0.9306222802302185,0,0.9609192053056563,0.0,0.0
2021-08-31,148.1,246.98,0.5996436958458174,0.5929885053710838,0.5735716880742902,0.019182558459905696,1.0122120747020067,-2,0.9609192053056563,0.0,0.0
2021-09-01,147.78,246.37,0.599829524698624,0.5943320730621523,0.5736560437567407,0.01928818818200279,1.071952902486908,-2,0.9609192053056563,0.0,0.0
2021-09-02,148.56,245.81,0.6043692282657337,0.5968334894093864,0.5737349002716406,0.019405525597654218,1.1903098950609186,-2,0.9609192053056563,0.0,0.0
2021-09-03,149.25,244.31,0.610904179116696,0.601412591546234,0.5738530376377644,0.019612232486662565,1.4052226806515635,-2,0.9609192053056563,0.0,0.0
2021-09-07,147.27,242.72,0.6067485168094925,0.6042990289472728,0.5738949654235751,0.019680849428137862,1.544855247976686,1,0.9607992053056563,-0.0020370747606437154,0.0012359920896506261
2021-09-08,147.46,246.11,0.599162975905083,0.6042028849591258,0.5738296713627205,0.019588663431205286,1.5505505877455605,1,0.9646021742850497,-0.0020370747606437154,0.0012359920896506261
2021-09-09,146.42,245.44,0.5965612777053455,0.6035492355604701,0.5737395376650476,0.019469066369520494,1.531131351120702,1,0.9658926173360532,-0.0020370747606437154,0.0012359920896506261
2021-09-10,145.89,244.54,0.5965895150077697,0.6019932929088773,0.5737984389911666,0.019533733346405468,1.4433929970124748,-2,0.9658598740785089,-0.0020370747606437154,0.0012359920896506261
2021-09-13,145.06,243.1,0.5967091731797615,0.5991542917214904,0.5738165382777496,0.01955478993887109,1.2957313028136546,-2,0.9657708175207463,-0.0020370747606437154,0.0012359920896506261
2021-09-14,144.3,242.24,0.5956902245706738,0.5969426332737267,0.5739723001793298,0.019693004488858846,1.1664209545776605,-2,0.966256041141736,-0.0020370747606437154,0.0012359920896506261
2021-09-15,144.55,244.14,0.5920783157204883,0.5955257012368077,0.5741156139682376,0.019794392273326113,1.0816238747284599,-2,0.9680951574219113,-0.0020370747606437154,0.0012359920896506261
2021-09-16,145.03,246.95,0.5872848754808666,0.593670420791912,0.5742757987069936,0.01986244614188112,0.9764468055132289,0,0.9704703662689056,0.0,0.0
2021-09-17,144.73,246.67,0.5867353143876434,0.5916995806678867,0.5745060290286074,0.01992643856119884,0.8628512107908239,0,0.9704703662689056,0.0,0.0
2021-09-20,142.74,242.14,0.5894936813413728,0.590256482300209,0.5748169421743793,0.02001359541447102,0.7714525954025234,0,0.9704703662689056,0.0,0.0
2021-09-21,143.02,241.31,0.5926816128631222,0.5896547599586986,0.5750968259112478,0.020145821799102553,0.7226279569344444,0,0.9704703662689056,0.0,0.0
2021-09-22,142.69,241.77,0.5901890226248087,0.5892769013395627,0.575393117850681,0.0202361859753521,0.6860869684530594,0,0.9704703662689056,0.0,0.0
2021-09-23,142.77,242.67,0.5883298306341946,0.5894858923702283,0.575736827418518,0.020278521677813945,0.6780112066429748,0,0.9704703662689056,0.0,0.0
2021-09-24,143.17,241.44,0.5929837640821736,0.5907355823091344,0.575897323208018,0.020377695418031902,0.7281617865377562,0,0.9704703662689056,0.0,0.0
2021-09-27,142.25,238.58,0.5962360633749685,0.5920840587158536,0.5762974816361546,0.020539486563180356,0.7685964803033802,0,0.9704703662689056,0.0,0.0
2021-09-28,140.5,233.44,0.6018677176148046,0.59392127966619,0.5768583909968392,0.02077317512285294,0.8213904984885824,0,0.9704703662689056,0.0,0.0
2021-09-29,140.44,235.85,0.5954632181471274,0.5949761187706538,0.5772805032324754,0.020891255291558948,0.8470345745728505,0,0.9704703662689056,0.0,0.0
2021-09-30,139.38,228.77,0.6092582069327271,0.5991617940303603,0.5780286261117722,0.021222214544415165,0.9958040841760081,0,0.9704703662689056,0.0,0.0
2021-10-01,137.05,228.42,0.5999912441992821,0.6005632900537818,0.5786693201527958,0.02129642686576033,1.028058370495306,-2,0.9704703662689056,0.0,0.0
2021-10-04,135.73,225.89,0.6008676789587852,0.6014896131705452,0.579277017717334,0.02140247573990981,1.0378516823542394,-2,0.9704703662689056,0.0,0.0
2021-10-05,136.62,227.56,0.600369133415363,0.601189896330657,0.58002941690149,0.02133601728793815,0.9917726979500341,0,0.9704703662689056,0.0,0.0
2021-10-06,137.62,226.83,0.6067098708283737,0.6034392268669062,0.5808343960462132,0.021417531571010888,1.055435858504307,-2,0.9704703662689056,0.0,0.0
2021-10-07,139.24,229.82,0.6058654599251588,0.6027606774653925,0.5816305463833722,0.021445807553414964,0.985280271185481,0,0.9704703662689056,0.0,0.0
2021-10-08,139.66,228.9,0.6101354303189165,0.6047895146893194,0.5824648717165054,0.021566451183592846,1.035156075645768,-2,0.9704703662689056,0.0,0.0
2021-10-11,139.53,228.72,0.6100472193074502,0.6066254227590525,0.5832382049920423,0.021711668544524713,1.0771727524786703,-2,0.9704703662689056,0.0,0.0
2021-10-12,139.38,230.24,0.6053683113273106,0.6076252583414419,0.5839543360807989,0.021721330331466854,1.0897547203336704,-2,0.9704703662689056,0.0,0.0
2021-10-13,138.37,236.75,0.5844561774023231,0.6031745196562319,0.58441216609311,0.021430834668659797,0.8754840328528966,0,0.9704703662689056,0.0,0.0
2021-10-14,139.87,242.09,0.577760337064728,0.5975534950841457,0.5848525445547011,0.02100695835471625,0.6046068314593986,0,0.9704703662689056,0.0,0.0
2021-10-15,140.55,245.71,0.5720157909730984,0.589929567214982,0.585225018935594,0.02056601780655378,0.22875348663214923,0,0.9704703662689056,0.0,0.0
2021-10-18,141.68,253.65,0.5585649517051055,0.5796331136945131,0.5854403332253679,0.02020915655577273,-0.28735585846090184,0,0.9704703662689056,0.0,0.0
2021-10-19,144.69,252.19,0.5737340893770569,0.5733062693044624,0.5858897616898636,0.019625989190969688,-0.6411647465489871,0,0.9704703662689056,0.0,0.0
2021-10-20,146.0,251.83,0.5797561847277926,0.5723662707695563,0.5863507339692589,0.01913757740113261,-0.7307332013128764,0,0.9704703662689056,0.0,0.0
2021-10-21,146.81,254.21,0.5775146532394477,0.5723171340045002,0.5867782986519369,0.018633901776726077,-0.7760674506451872,0,0.9704703662689056,0.0,0.0
2021-10-22,148.34,255.93,0.5796116125503067,0.5738362983199419,0.5873783887523161,0.017780221726336986,-0.761637882856936,0,0.9704703662689056,0.0,0.0
2021-10-25,150.06,260.35,0.5763779527559054,0.5773988985301018,0.5878836217579299,0.016999927101230466,-0.6167510698954183,0,0.9704703662689056,0.0,0.0
2021-10-26,148.75,258.73,0.5749236655973409,0.5776368137741587,0.5882512009147652,0.01645985241849023,-0.6448652679706216,0,0.9704703662689056,0.0,0.0
2021-10-27,147.53,256.54,0.5750760115381617,0.5767007791362324,0.588693924676862,0.01571318434953766,-0.7632536648106252,0,0.9704703662689056,0.0,0.0
2021-10-28,148.45,258.22,0.5748973743319649,0.5761773233547359,0.5891377643456593,0.014907360289141693,-0.8693987895605915,0,0.9704703662689056,0.0,0.0
2021-10-29,149.42,259.62,0.5755334719975348,0.5753616952441816,0.5894536563107291,0.0143978650456417,-0.9787535180997708,0,0.9704703662689056,0.0,0.0
2021-11-01,149.79,257.92,0.580761476426799,0.5762383999783602,0.5898266203106168,0.013859142660481577,-0.9804517252717588,0,0.9704703662689056,0.0,0.0
2021-11-02,149.72,260.26,0.5752708829631906,0.5763078434515302,0.5901681235814761,0.013218585298669431,-1.048544894690134,-2,0.9704703662689056,0.0,0.0
2021-11-03,150.18,260.41,0.57670596367267,0.5766338338784319,0.5903960141551271,0.012855719602681786,-1.0705103021867637,-2,0.9704703662689056,0.0,0.0
2021-11-04,151.28,260.44,0.5808631546613423,0.5778269899443073,0.5905710910411442,0.012648064130321648,-1.0075930170440162,-2,0.9704703662689056,0.0,0.0
2021-11-05,150.23,254.27,0.5908286467141227,0.580886024887625,0.5909317018808095,0.012332701658883144,-0.814556069792596,0,0.9704703662689056,0.0,0.0
2021-11-08,149.27,253.33,0.5892314372557533,0.5825800170534159,0.5912234093379143,0.012075102159409875,-0.7158028288615995,0,0.9704703662689056,0.0,0.0
2021-11-09,149.79,255.16,0.5870434237341275,0.5849345252076031,0.5914596799665566,0.011846367786209117,-0.5508148047327769,0,0.9704703662689056,0.0,0.0
2021-11-10,148.44,254.05,0.5842944302302696,0.5864522185191231,0.59133470952727,0.011882291500988539,-0.41090483327569144,0,0.9704703662689056,0.0,0.0
2021-11-11,148.5,256.01,0.5800554665833366,0.5862906809035219,0.5909651409310385,0.01188252558193975,-0.39338943520738584,0,0.9704703662689056,0.0,0.0
2021-11-12,147.76,260.02,0.5682639796938697,0.5817777474994713,0.5902417028245143,0.011921856577023934,-0.7099527888428789,0,0.9704703662689056,0.0,0.0
2021-11-15,146.91,264.33,0.5557825445465895,0.5750879689576387,0.5895435508111038,0.01268169203702162,-1.1398780077031472,-2,0.9704703662689056,0.0,0.0
2021-11-16,143.17,266.39,0.5374450992905139,0.5651683040689159,0.5885714558074628,0.01432519728921529,-1.6337053700590873,-1,0.9703503662689056,0.002095411049800936,-0.001126168399714704
2021-11-17,141.94,253.8,0.5592592592592592,0.5601612698747138,0.5879915191982025,0.014796023507981102,-1.8809276227816736,-1,0.9819514708300585,0.002095411049800936,-0.001126168399714704
2021-11-18,143.16,252.05,0.5679825431462011,0.5577466851872867,0.5875727001465844,0.015002844270154064,-1.9880240321251716,-1,0.9864786670103163,0.002095411049800936,-0.001126168399714704
2021-11-19,142.39,250.7,0.5679696848823295,0.5576878262249786,0.5871744924524639,0.015202809469725602,-1.9395537572317885,-1,0.9863855278415844,0.002095411049800936,-0.001126168399714704
2021-11-22,144.78,244.57,0.591977756879421,0.564926868691545,0.5872406439265799,0.015215130999804743,-1.466551634377734,-2,0.9982969725408598,0.002095411049800936,-0.001126168399714704
2021-11-23,145.81,249.18,0.585159322578056,0.5744697133490533,0.5871213604728092,0.015202713890204654,-0.8321966206249225,0,0.9951463794940675,0.0,0.0
2021-11-24,146.54,248.76,0.5890818459559415,0.5804342306883898,0.5869453296413113,0.01511616234418805,-0.4307375645131836,0,0.9951463794940675,0.0,0.0
2021-11-26,144.9,246.57,0.5876627326925417,0.584370268597658,0.5867425497745432,0.015021706599956892,-0.1579235462428795,0,0.9951463794940675,0.0,0.0
2021-11-29,142.63,249.16,0.57244340985712,0.585265013592616,0.5862104528010664,0.014952028634955586,-0.06323150065671873,0,0.9951463794940675,0.0,0.0
2021-11-30,140.63,243.84,0.5767306430446194,0.5822155908256557,0.5856408938665318,0.014643127206410525,-0.2339188202487676,0,0.9951463794940675,0.0,0.0
2021-12-01,137.14,240.39,0.5704896210324889,0.5792816505165423,0.585036578936915,0.01450480155377196,-0.39676023136463073,0,0.9951463794940675,0.0,0.0
2021-12-02,135.47,245.5,0.5518126272912424,0.5718278067836025,0.5842474064600176,0.015002754040112275,-0.8278213215526532,0,0.9951463794940675,0.0,0.0
2021-12-03,137.51,247.57,0.5554388657753363,0.5653830334001613,0.5835620329278508,0.01536559632619604,-1.1830975604049327,-2,0.9951463794940675,0.0,0.0
2021-12-06,139.0,242.97,0.5720870889410216,0.5653117692169417,0.5831536591600718,0.015339074055111005,-1.1631660346007082,-2,0.9951463794940675,0.0,0.0
2021-12-07,138.55,245.63,0.564059764686724,0.5627775935453625,0.5826095023518545,0.015428898060945693,-1.285374284550586,-2,0.9951463794940675,0.0,0.0
2021-12-08,137.15,239.6,0.5724123539232053,0.5631621401235058,0.5822215378410633,0.015387012122676461,-1.2386678820814658,-2,0.9951463794940675,0.0,0.0
2021-12-09,138.5,237.56,0.5830106078464388,0.5694017362345452,0.5820704093764958,0.015332995635468825,-0.8262360104404528,0,0.9951463794940675,0.0,0.0
2021-12-10,141.03,238.18,0.5921152069863128,0.5767370044767406,0.5821509149015864,0.015373465467406795,-0.3521594032473583,0,0.9951463794940675,0.0,0.0
2021-12-13,143.57,234.17,0.6131015928598881,0.5849399052605138,0.582590352876124,0.01587536434473035,0.1479999030806261,0,0.9951463794940675,0.0,0.0
2021-12-14,144.94,235.28,0.616031961917715,0.5953343447067121,0.5830326575523963,0.016430929730851484,0.7486908748211346,0,0.9951463794940675,0.0,0.0
2021-12-15,145.77,236.65,0.6159729558419608,0.6040464650904631,0.5834208466020436,0.016930301350803298,1.218266471520358,-2,0.9951463794940675,0.0,0.0
2021-12-16,143.34,224.78,0.6376901859596049,0.6149823807130963,0.5842125326576236,0.01830680993274562,1.6807869950315186,1,0.9950263794940675,-0.002092925910422771,0.0013346383130171723
2021-12-17,138.75,223.31,0.621333572164256,0.6208260537486849,0.584762595016458,0.01891823773479159,1.9062800265959459,1,1.002670991102773,-0.002092925910422771,0.0013346383130171723
2021-12-20,139.2,219.19,0.6350654683151603,0.6252188288397394,0.5854639567536744,0.019978531004397986,1.9898796401654173,1,0.996230464593452,-0.002092925910422771,0.0013346383130171723
2021-12-21,139.62,220.07,0.6344344981142365,0.6288993360790437,0.5861005973326622,0.020914319695417252,2.0463844566629428,2,0.9964087317926977,0.0,0.0
2021-12-22,139.8,217.74,0.6420501515569027,0.6341147752220321,0.5867703045650305,0.022040777847896608,2.1480399187236356,2,0.9964087317926977,0.0,0.0
2021-12-23,139.49,221.01,0.631147911859192,0.6328063204019495,0.5873650494602316,0.022749386057451217,1.9974724076931432,1,0.9962887317926977,-0.0021506918058642193,0.0013574046423238768
2021-12-27,140.76,224.1,0.6281124497991968,0.6341620959289376,0.5876792868413394,0.02318300626000473,2.005038025106787,2,0.9976303483922434,0.0,0.0
2021-12-28,142.78,224.91,0.6348317104619626,0.6341153443582981,0.5882599612790507,0.023921195043766035,1.9169352950532261,1,0.9975103483922434,-0.002101134612690853,0.0013338668800853674
2021-12-29,142.71,227.92,0.6261407511407512,0.6324565949636011,0.5886811791487502,0.0243653494560536,1.796625814614567,1,1.0016723671241887,-0.002101134612690853,0.0013338668800853674
2021-12-30,143.17,231.91,0.6173515587943599,0.6275168764110926,0.5889642195717335,0.024600923461392244,1.567122343999083,1,1.0060279740538915,-0.002101134612690853,0.0013338668800853674
2021-12-31,144.69,231.44,0.62517283097131,0.6263218602335161,0.5892719355741157,0.02493979011462097,1.4855748380047447,-2,1.0022073320089613,-0.002101134612690853,0.0013338668800853674
2022-01-03,144.65,231.95,0.6236257814184092,0.6254245265573586,0.5895679409323366,0.025243619516151915,1.4204217268478279,-2,1.0029716495023124,-0.002101134612690853,0.0013338668800853674
2022-01-04,142.0,234.17,0.6063970619635308,0.6197375968576722,0.58950563479308,0.02519656420686672,1.199844622321686,-2,1.0115008406997328,-0.002101134612690853,0.0013338668800853674
2022-01-05,143.92,228.86,0.6288560692126189,0.6202806604720458,0.5898191156248329,0.025570688927949472,1.1912680543353507,-2,1.000383829110113,-0.002101134612690853,0.0013338668800853674
2022-01-06,143.52,231.35,0.6203587637778258,0.6208821014687389,0.5900689564990083,0.02579741650358851,1.1944275491867344,-2,1.004545611486602,-0.002101134612690853,0.0013338668800853674
2022-01-07,144.89,230.78,0.6278273680561574,0.6214130088857084,0.5907918096765721,0.026241298331249833,1.166908695697827,-2,1.000906752945567,-0.002101134612690853,0.0013338668800853674
2022-01-10,144.61,227.42,0.6358719549731775,0.6238622435966621,0.5917603366417129,0.02681823819750447,1.1970177428708342,-2,0.9970132779200336,-0.002101134612690853,0.0013338668800853674
2022-01-11,144.2,227.55,0.6337068776093165,0.6293242067258193,0.5927885214189832,0.02722788061378132,1.3418482997293484,-2,0.998048145805648,-0.002101134612690853,0.0013338668800853674
2022-01-12,143.44,224.47,0.6390163496235577,0.6313562628080069,0.5941293780509576,0.02749359773440078,1.3540201292197578,-2,0.9955366981206302,-0.002101134612690853,0.0013338668800853674
2022-01-13,145.47,225.83,0.644157109330027,0.6361159319184473,0.5953030950501735,0.02810456458121034,1.4521782307049043,-2,0.9930854538137839,-0.002101134612690853,0.0013338668800853674
2022-01-14,145.06,221.4,0.6551942186088527,0.6415893020289862,0.596560395614858,0.029068160240308075,1.5490800257694959,1,0.9880378887262089,-0.002101134612690853,0.0013338668800853674
2022-01-18,142.52,220.01,0.6477887368755967,0.6439726584094702,0.5977316303421271,0.029696719457049645,1.5571089639790507,1,0.9915206956791249,-0.002101134612690853,0.0013338668800853674
2022-01-19,143.94,223.84,0.643048606147248,0.6458410041170564,0.5987889135687429,0.030166216378816484,1.5597610902690044,1,0.9936457946798309,-0.002101134612690853,0.0013338668800853674
2022-01-20,141.22,221.72,0.6369294605809128,0.6454236263085275,0.5997981053658262,0.030415589809196328,1.5000702346697905,1,0.9965330830405691,-0.002101134612690853,0.0013338668800853674
2022-01-21,140.19,217.25,0.6452934407364787,0.6456508925898177,0.6009709349514785,0.030794544458368933,1.4509049711302575,-2,0.9927348667376591,-0.002101134612690853,0.0013338668800853674
2022-01-24,140.2,220.58,0.6355970622903254,0.6417314613261123,0.6019796191306813,0.03092289732106298,1.2855148009806363,-2,0.9971556321022165,-0.002101134612690853,0.0013338668800853674
2022-01-25,137.15,214.68,0.6388578349170859,0.6399452809344102,0.6030456268070999,0.031075545352753465,1.1874177495018832,-2,0.9956942780784198,-0.002101134612690853,0.0013338668800853674
2022-01-26,135.75,211.71,0.6412073118889046,0.6395770220827415,0.6041401908052895,0.031246204635839464,1.1341163411829507,-2,0.9946742819023334,-0.002101134612690853,0.0013338668800853674
2022-01-27,135.84,212.18,0.640211141483646,0.6402333582632881,0.605131018556237,0.03143431078131112,1.1166887020764833,-2,0.9951120972208313,-0.002101134612690853,0.0013338668800853674
2022-01-28,137.52,217.67,0.6317820554049709,0.6375310811969865,0.6060728714302666,0.031371006429819145,1.0027797430438172,-2,0.9989051202431792,-0.002101134612690853,0.0013338668800853674
2022-01-31,139.81,220.43,0.6342603093952729,0.637263730617976,0.6070321105256433,0.031337736668304396,0.9647033674550456,0,0.9976574377878373,0.0,0.0
2022-02-01,140.91,219.23,0.6427496236828901,0.6380420883711369,0.6080635516760023,0.03147995457816014,0.9523055892822896,0,0.9976574377878373,0.0,0.0
2022-02-02,140.85,217.61,0.6472588575892652,0.639252397511209,0.6090040551905881,0.03179767130351882,0.9512753947259507,0,0.9976574377878373,0.0,0.0
2022-02-03,140.99,213.22,0.6612419097645624,0.6434585511673923,0.6102042297324015,0.03239215065358716,1.0266166575546012,-2,0.9976574377878373,0.0,0.0
2022-02-04,139.33,214.04,0.6509530928798356,0.6472927586623652,0.6112693908848301,0.03266725070023198,1.1027364410950968,-2,0.9976574377878373,0.0,0.0
2022-02-07,137.96,211.29,0.6529414548724503,0.6510289877578007,0.6124135079621997,0.03290772384010649,1.1734473032297095,-2,0.9976574377878373,0.0,0.0
2022-02-08,137.99,212.95,0.6479924864991783,0.6520775603210585,0.6135457916274638,0.03294424563466905,1.1696054334006525,-2,0.9976574377878373,0.0,0.0
2022-02-09,137.69,216.64,0.6355705317577548,0.6497398951547563,0.6146675674951951,0.03251941264448084,1.0785043396382985,-2,0.9976574377878373,0.0,0.0
2022-02-10,136.08,213.84,0.6363636363636365,0.644764240474571,0.6160105856921461,0.03169993619461714,0.9070571816263636,0,0.9976574377878373,0.0,0.0
2022-02-11,135.33,211.56,0.6396766874645491,0.6425089593915138,0.6177144454950465,0.030113241570672026,0.8233757843132768,0,0.9976574377878373,0.0,0.0
2022-02-14,133.95,208.57,0.6422304262357961,0.640366753664183,0.6190972982779889,0.029276854790896777,0.7264938647988791,0,0.9976574377878373,0.0,0.0
2022-02-15,134.37,207.18,0.6485664639443962,0.6404815491532265,0.6204403636246255,0.028735616423112655,0.6974336389207043,0,0.9976574377878373,0.0,0.0
2022-02-16,133.53,207.81,0.642558105962177,0.641879063994111,0.6216835039759563,0.028031973858013905,0.7204473049400018,0,0.9976574377878373,0.0,0.0
2022-02-17,138.88,204.0,0.6807843137254902,0.6507631994664818,0.623163613256724,0.028771670635325812,0.9592625523757751,0,0.9976574377878373,0.0,0.0
2022-02-18,137.99,204.39,0.6751308772444837,0.6578540374224686,0.6246631391678311,0.02910008695211321,1.1405772879392453,-2,0.9976574377878373,0.0,0.0
2022-02-22,136.45,196.35,0.6949325184619302,0.6683944558676954,0.626427317042931,0.030097892938768418,1.394354711479072,-2,0.9976574377878373,0.0,0.0
2022-02-23,135.05,189.9,0.7111637704054766,0.6809139171599116,0.62848566767148,0.03158804523165341,1.6597497282261353,1,0.9975374377878373,-0.002221399481673454,0.001579778830963665
2022-02-24,134.53,191.55,0.7023231532237013,0.6928669266122164,0.630650330060923,0.032128071391259214,1.9365182489049158,1,1.0012992005893977,-0.002221399481673454,0.001579778830963665
2022-02-25,136.38,199.22,0.6845698223069973,0.6936240283285178,0.6324476497152959,0.03207689987443778,1.9071786504522408,1,1.009306515181793,-0.002221399481673454,0.001579778830963665
2022-02-28,135.16,199.77,0.6765780647744906,0.6939134658345192,0.6342157904443293,0.03152288373641291,1.8937885216773975,1,1.0128855009064648,-0.002221399481673454,0.001579778830963665
2022-03-01,135.99,219.43,0.6197420589709702,0.6788753739363272,0.6353479476389914,0.02967911454057111,1.466601243707396,-2,1.0421001911534213,-0.002221399481673454,0.001579778830963665
2022-03-02,136.16,224.9,0.6054246331702979,0.6577275464892914,0.6361810437622407,0.028055163877162937,0.7680048785810051,0,1.0502323918444063,0.0,0.0
2022-03-03,139.29,223.84,0.6222748391708363,0.6417178836787184,0.637017506266071,0.02683338683734339,0.17516899529454813,0,1.0502323918444063,0.0,0.0
2022-03-04,142.82,224.1,0.6373047746541722,0.6322648741481535,0.6382382564321951,0.02506589448351738,-0.23830716625610854,0,1.0502323918444063,0.0,0.0
2022-03-07,141.67,211.04,0.6712945413191812,0.6312081694570916,0.6398862928887947,0.023887572823662318,-0.3632902972505798,0,1.0502323918444063,0.0,0.0
2022-03-08,138.74,208.81,0.6644317800871606,0.6401461136803297,0.64124331242614,0.022893822444176804,-0.04792553748879747,0,1.0502323918444063,0.0,0.0
2022-03-09,139.46,216.0,0.6456481481481482,0.6481908166758996,0.6421355281121707,0.021971309552645178,0.27559980206095336,0,1.0502323918444063,0.0,0.0
2022-03-10,142.63,214.78,0.6640748673060806,0.6565508223029486,0.6429850826862739,0.021814560832121015,0.6218662718481023,0,1.0502323918444063,0.0,0.0
2022-03-11,142.07,206.97,0.6864279847320868,0.6663754643185315,0.6441583497331801,0.02222948510683937,0.9994435084110785,0,1.0502323918444063,0.0,0.0
2022-03-14,144.05,208.76,0.6900268250622725,0.6701219210671497,0.645392580886852,0.022689111659734886,1.0899210401517616,-2,1.0502323918444063,0.0,0.0
2022-03-15,145.78,215.35,0.6769445089389367,0.6726244668375049,0.6460468196031741,0.023026685721938882,1.15421070818753,-2,1.0502323918444063,0.0,0.0
2022-03-16,145.35,215.59,0.6741963912982977,0.6783341154675349,0.6469278665887416,0.023076345738187964,1.3609715002155023,-2,1.0502323918444063,0.0,0.0
2022-03-17,145.01,220.63,0.6572542265331097,0.6769699873129407,0.6472976792257072,0.023060810457624592,1.2866984073156402,-2,1.0502323918444063,0.0,0.0
2022-03-18,145.44,226.05,0.6433974784339748,0.6683638860533183,0.6474470622310362,0.02300503591875131,0.9092280445097192,0,1.0502323918444063,0.0,0.0
2022-03-21,144.23,223.0,0.6467713004484305,0.6597127811305499,0.6475257480458951,0.022994335154066178,0.5300015418145134,0,1.0502323918444063,0.0,0.0
2022-03-22,143.8,222.77,0.6455088207568345,0.6534256434941295,0.6477650965275223,0.02289549756539938,0.24723406645512558,0,1.0502323918444063,0.0,0.0
2022-03-23,141.95,216.72,0.6549926172019195,0.6495848886748538,0.6482130993175678,0.022767056507506066,0.0602532592139755,0,1.0502323918444063,0.0,0.0
2022-03-24,142.83,217.04,0.6580814596387763,0.6497503352959871,0.6486005951371815,0.022733275337272277,0.050575209324130795,0,1.0502323918444063,0.0,0.0
2022-03-25,143.45,218.61,0.656191391061708,0.6523091178215337,0.6491014391358639,0.022560439183809827,0.14218157100291198,0,1.0502323918444063,0.0,0.0
2022-03-28,146.0,219.52,0.6650874635568513,0.655972350443218,0.6498970375485721,0.02226152377977313,0.27290642611652466,0,1.0502323918444063,0.0,0.0
2022-03-29,147.23,222.93,0.6604315255909926,0.6589568914100495,0.6504846824589002,0.022062284895518182,0.3840132149172992,0,1.0502323918444063,0.0,0.0
2022-03-30,149.87,221.96,0.6752117498648406,0.6630007179426338,0.6513444485996742,0.022002925807848454,0.5297599712308172,0,1.0502323918444063,0.0,0.0
2022-03-31,148.92,212.22,0.7017246253887475,0.671729351092628,0.6529332413234277,0.0221436124665176,0.8488276155311654,0,1.0502323918444063,0.0,0.0
2022-04-01,151.01,210.54,0.717250878692885,0.6839412486188634,0.6544064881480989,0.023418396252216117,1.26117775754903,-2,1.0502323918444063,0.0,0.0
2022-04-04,151.04,214.41,0.7044447553752157,0.6918127069825362,0.6558079213413885,0.023858195284265152,1.5091160589541042,1,1.0501123918444064,-0.001986228813559322,0.0013991884706870015
2022-04-05,151.47,214.79,0.705200428325341,0.700766487529406,0.657097472345875,0.024404961751530937,1.7893498718878984,1,1.049790005073437,-0.001986228813559322,0.0013991884706870015
2022-04-06,154.99,215.94,0.7177456700935445,0.7092732715751466,0.6584620342645479,0.02546399481222884,1.9954150040196037,1,1.044407546390998,-0.001986228813559322,0.0013991884706870015
2022-04-07,156.54,228.19,0.6860072746395547,0.7061298014253081,0.659333707548385,0.025497364604097364,1.835330615674808,1,1.058468950495897,-0.001986228813559322,0.0013991884706870015
2022-04-08,157.41,233.34,0.6745950115710979,0.6975986280009507,0.6599266852475107,0.02543047535091321,1.4813699796644655,-2,1.0639467520521384,-0.001986228813559322,0.0013991884706870015
2022-04-11,154.29,229.31,0.6728446208189787,0.6912786010897034,0.6604048104389934,0.025398622954370526,1.215569470288836,-2,1.0645050564135747,-0.001986228813559322,0.0013991884706870015
2022-04-12,153.23,231.34,0.6623584334745396,0.682710202119543,0.6605242140200881,0.025390550682458907,0.8737891657774146,0,1.06932520393106,0.0,0.0
2022-04-13,157.22,233.82,0.6723975707809426,0.6736405822570226,0.6609343612518438,0.025380098553027523,0.5006371814763158,0,1.06932520393106,0.0,0.0
2022-04-14,157.08,237.2,0.6622259696458686,0.6688843212582855,0.6612539839768209,0.02527156010105224,0.3019337647123279,0,1.06932520393106,0.0,0.0
2022-04-18,155.88,239.39,0.6511550190066419,0.6641963227453942,0.6614910766172496,0.025105670615554652,0.10775438623290622,0,1.06932520393106,0.0,0.0
2022-04-19,157.65,246.05,0.6407234301971144,0.6577720846210214,0.6614149097749269,0.025162512732163217,-0.1447719149784723,0,1.06932520393106,0.0,0.0
2022-04-20,159.63,249.32,0.6402615113107653,0.6533527001882666,0.6614926505919343,0.025088491916680764,-0.3244495695755868,0,1.06932520393106,0.0,0.0
2022-04-21,159.87,248.17,0.6441955111415563,0.6477122882603893,0.6615816118623421,0.0250162301481277,-0.554413015863257,0,1.06932520393106,0.0,0.0
2022-04-22,156.86,241.68,0.6490400529625953,0.6450751049237347,0.6617121575469036,0.024928389149009987,-0.667393810475302,0,1.06932520393106,0.0,0.0
2022-04-25,156.94,241.66,0.649424811718944,0.6447290634661951,0.6618657187174919,0.024821846877454794,-0.6903859868244417,0,1.06932520393106,0.0,0.0
2022-04-26,155.3,236.5,0.6566596194503171,0.6479163013168356,0.6622803447849144,0.02451671261411814,-0.5858878265680322,0,1.06932520393106,0.0,0.0
2022-04-27,154.24,230.97,0.6677923539853661,0.6534224698517557,0.6628392121947493,0.024247873414382413,-0.38835332823076163,0,1.06932520393106,0.0,0.0
2022-04-28,156.21,236.39,0.660814755277296,0.6567463186789037,0.6631402977213228,0.02410593507749048,-0.2652450121459779,0,1.06932520393106,0.0,0.0
2022-04-29,152.99,228.65,0.669101246446534,0.6607585573756916,0.6635043375356104,0.024026832289255368,-0.11427974053603315,0,1.06932520393106,0.0,0.0
2022-05-02,151.98,229.78,0.661415266776917,0.663156648387286,0.6635072268191498,0.02402656603754788,-0.014591283303482902,0,1.06932520393106,0.0,0.0
2022-05-03,152.51,232.54,0.6558441558441558,0.6629935556660538,0.6635887445352218,0.023991521923224752,-0.024808299826607393,0,1.06932520393106,0.0,0.0
2022-05-04,154.62,237.43,0.6512235185107189,0.6596797885711243,0.6635601122625263,0.024005465188624522,-0.16164334500131997,0,1.06932520393106,0.0,0.0
2022-05-05,152.74,230.76,0.6618998093257065,0.6598967993808065,0.6637919009763017,0.023919590315166106,-0.16284148449756472,0,1.06932520393106,0.0,0.0
2022-05-06,149.56,225.21,0.6640912925713778,0.6588948086057751,0.6642672469898621,0.02363090047370076,-0.22734801790841802,0,1.06932520393106,0.0,0.0
2022-05-09,151.31,224.2,0.6748884924174844,0.6615894537338887,0.6649093279240929,0.02338194699363155,-0.1419845058714917,0,1.06932520393106,0.0,0.0
2022-05-10,149.18,219.11,0.6808452375519145,0.6665896700754403,0.665595470425549,0.023232513324398896,0.042793460871373874,0,1.06932520393106,0.0,0.0
2022-05-11,147.62,213.49,0.6914609583587054,0.6746371580450378,0.6664159792942641,0.02326266191923419,0.35340662127648304,0,1.06932520393106,0.0,0.0
2022-05-12,147.48,217.27,0.6787867630137616,0.6780145487826488,0.6669196509454202,0.023196706705992148,0.47829625031912787,0,1.06932520393106,0.0,0.0
2022-05-13,148.05,219.73,0.673781459063396,0.6799525820810525,0.6674400401637739,0.022990232324814605,0.544254696537934,0,1.06932520393106,0.0,0.0
2022-05-16,148.21,219.25,0.6759863169897378,0.680172146995503,0.6673600735515114,0.02295134193105631,0.5582276401300575,0,1.06932520393106,0.0,0.0
2022-05-17,131.35,215.28,0.6101356373095503,0.6660302269470302,0.6662768195525959,0.024084218776134217,-0.010238762895230577,0,1.06932520393106,0.0,0.0
2022-05-18,122.43,161.61,0.757564507146835,0.6792509367046561,0.6673206860306775,0.02657571194008567,0.44891556248333236,0,1.06932520393106,0.0,0.0
2022-05-19,119.07,153.43,0.7760542266831779,0.6987044294385394,0.6684021936353058,0.029544687995295877,1.0256407448966218,-2,1.06932520393106,0.0,0.0
2022-05-20,119.2,155.36,0.7672502574665293,0.7173981891191661,0.669484312039353,0.03190305127136702,1.501858761792349,1,1.06920520393106,-0.0025167785234899327,0.0019309989701338823
2022-05-23,122.6,153.9,0.7966211825860948,0.7415251622384375,0.6713518347106713,0.03583801336657259,1.958069684555098,1,1.0578288984547988,-0.0025167785234899327,0.0019309989701338823
2022-05-24,124.13,149.95,0.8278092697565855,0.7850598887278444,0.6738723547937062,0.0411380196809252,2.7027925699032465,2,1.0462303891790918,0.0,0.0
2022-05-25,123.37,156.42,0.7887098836465926,0.791288964027796,0.6766884852049666,0.0431060176715326,2.658572631229446,2,1.0462303891790918,0.0,0.0
2022-05-26,126.0,163.2,0.7720588235294118,0.7904898833970428,0.6794657217109518,0.04379919105341896,2.534845028317585,2,1.0462303891790918,0.0,0.0
2022-05-27,128.48,167.14,0.7686969008017231,0.7907792120640815,0.6819060894047999,0.044629902130488376,2.439465861721132,2,1.0462303891790918,0.0,0.0
2022-05-31,128.63,161.88,0.7946009389671361,0.7903751633402898,0.6845276921433494,0.04654437384699266,2.27411956480277,2,1.0462303891790918,0.0,0.0
2022-06-01,125.45,156.52,0.8014950166112956,0.7851123127112319,0.6866977000648845,0.04889283475309112,2.0128637078079303,2,1.0462303891790918,0.0,0.0
2022-06-02,127.51,160.91,0.7924305512398235,0.785856446229878,0.688831012917429,0.05066517731059186,1.9150319502023199,1,1.046110389179092,-0.0023527566465375263,0.0018643962463488907
2022-06-03,125.32,161.04,0.7781917536015897,0.7870830322443136,0.6910400730083197,0.05163076810633184,1.8601884643319013,1,1.0515052977470345,-0.0023527566465375263,0.0018643962463488907
2022-06-06,124.87,159.67,0.782050479113171,0.7897537479066032,0.6930063332051045,0.052819205169713536,1.8316711580691025,1,1.0500098153804784,-0.0023527566465375263,0.0018643962463488907
2022-06-07,123.37,155.98,0.7909347352224645,0.7890205071576688,0.6947481123799442,0.05430093597568082,1.7361099414556207,1,1.0466593282012573,-0.0023527566465375263,0.0018643962463488907
2022-06-08,122.3,156.7,0.7804722399489471,0.7848159518251991,0.6962555359613886,0.05541169538860927,1.5982260647815434,1,1.0505191431104237,-0.0023527566465375263,0.0018643962463488907
2022-06-09,121.02,154.55,0.7830475574247815,0.7829393530621906,0.6980239201028196,0.05646796173402173,1.5037807342744918,1,1.0495222196883416,-0.0023527566465375263,0.0018643962463488907
2022-06-10,121.7,149.67,0.8131222021781253,0.7899254427774979,0.7003393502841498,0.058293151883402,1.536820185543204,1,1.0388240914865134,-0.0023527566465375263,0.0018643962463488907
2022-06-13,119.41,144.81,0.8245977487742558,0.7984348967097149,0.7031284089881691,0.06016988556888591,1.5839566058744374,1,1.0351509384498288,-0.0023527566465375263,0.0018643962463488907
2022-06-14,119.46,142.7,0.8371408549404346,0.8076761206533088,0.7063574652632767,0.062078468110326815,1.6321062435040612,1,1.0310994245377056,-0.0023527566465375263,0.0018643962463488907
2022-06-15,119.38,147.44,0.8096852957135106,0.8135187318062215,0.7090726985176946,0.06298428859553104,1.6582871001251205,1,1.0401248832771224,-0.0023527566465375263,0.0018643962463488907
2022-06-16,120.62,142.89,0.8441458464553154,0.8257383896123283,0.7123833156126693,0.06478137857414462,1.7498095362376394,1,1.0287244621145282,-0.0023527566465375263,0.0018643962463488907
2022-06-17,118.29,139.3,0.8491744436468054,0.8329488379060643,0.7156196793867509,0.06668807620965221,1.7593723674147859,1,1.027513202576568,-0.0023527566465375263,0.0018643962463488907
2022-06-21,122.17,144.7,0.8442985487214928,0.8368889978955117,0.7187232975381294,0.06827912912224574,1.7306269408594919,1,1.0284522465182864,-0.0023527566465375263,0.0018643962463488907
2022-06-22,120.69,140.81,0.8571124209928271,0.8408833111059902,0.7220719813703147,0.0700639923123979,1.695754492634753,1,1.0246818249568648,-0.0023527566465375263,0.0018643962463488907
2022-06-23,123.62,146.81,0.8420407329201008,0.8473543985473082,0.7250212025263689,0.07133737103425938,1.714854279704104,1,1.0289746254606031,-0.0023527566465375263,0.0018643962463488907
2022-06-24,123.72,150.42,0.8224970083765457,0.8430246309315544,0.7277222939061281,0.07191616618188298,1.6032881498968607,1,1.0354698202452688,-0.0023527566465375263,0.0018643962463488907
2022-06-27,124.12,149.61,0.8296236882561325,0.8391144798534198,0.7302958262126497,0.07276306049259729,1.4955205691470477,-2,1.0330185566271113,-0.0023527566465375263,0.0018643962463488907
2022-06-28,122.37,144.52,0.8467340160531414,0.8396015733197496,0.7327126493903896,0.07419219108289599,1.440703157154794,-2,1.027646103864636,-0.0023527566465375263,0.0018643962463488907
2022-06-29,121.92,141.9,0.8591966173361522,0.8400184125884145,0.7350784117011107,0.07593348000547037,1.381999098154645,-2,1.0238201261901438,-0.0023527566465375263,0.0018643962463488907
2022-06-30,121.58,141.23,0.8608652552573817,0.8437833170558706,0.7376854200324802,0.07753226002432531,1.3684355001402362,-2,1.0233709179649129,-0.0023527566465375263,0.0018643962463488907
2022-07-01,122.63,142.38,0.8612866975698834,0.8515412548945382,0.7402868578532225,0.0790279699169911,1.4077850811323445,-2,1.0230445791693497,-0.0023527566465375263,0.0018643962463488907
2022-07-05,124.25,145.71,0.852721158465445,0.8561607489364007,0.7425364493260874,0.08028651118567733,1.4152352360602167,-2,1.0254415529023007,-0.0023527566465375263,0.0018643962463488907
2022-07-06,125.13,144.81,0.8640977833022581,0.8596335023862242,0.7455046244704658,0.08144484619477772,1.4013026391236074,-2,1.0216931704316337,-0.0023527566465375263,0.0018643962463488907
2022-07-07,125.32,149.96,0.8356895172045878,0.8549320823599112,0.7481895328976906,0.08172246677896891,1.3061591710260338,-2,1.0308477873374882,-0.0023527566465375263,0.0018643962463488907
2022-07-08,125.4,147.99,0.8473545509831745,0.8522299415050696,0.7510980317337607,0.08210002334037544,1.2318134107225511,-2,1.0269867062004578,-0.0023527566465375263,0.0018643962463488907
2022-07-11,125.45,146.39,0.8569574424482548,0.851364090480744,0.7543413485499891,0.08237828910295866,1.1777707814433143,-2,1.0238860343739726,-0.0023527566465375263,0.0018643962463488907
2022-07-12,125.07,144.56,0.8651770890979523,0.8538552766072455,0.7575543405219395,0.08288598949704504,1.161848180490615,-2,1.0213682367688384,-0.0023527566465375263,0.0018643962463488907
2022-07-13,125.37,145.44,0.8620049504950495,0.8534367100458038,0.760883990202759,0.08300422550499928,1.1150362439978483,-2,1.022303078471664,-0.0023527566465375263,0.0018643962463488907
2022-07-14,127.82,146.29,0.8737439332832045,0.8610475932615271,0.7645938054407018,0.08299106971927095,1.1622188766465351,-2,1.0181235614970436,-0.0023527566465375263,0.0018643962463488907
2022-07-15,129.07,146.67,0.8800027272107452,0.8675772285070412,0.7685817937242623,0.08268632250800108,1.1972407501034978,-2,1.0158910862624844,-0.0023527566465375263,0.0018643962463488907
2022-07-18,128.77,149.36,0.8621451526513123,0.8686147705476527,0.7722798544132714,0.08180714360537844,1.1775856225842813,-2,1.0216121391591242,-0.0023527566465375263,0.0018643962463488907
2022-07-19,129.56,153.36,0.844809598330725,0.8645412723942073,0.7756234225330909,0.08057382275022147,1.103557542959844,-2,1.0272110463937552,-0.0023527566465375263,0.0018643962463488907
2022-07-20,130.64,156.5,0.8347603833865814,0.8590923589725137,0.7787187613734906,0.07918389636589636,1.0150245351356455,-2,1.03052427342903,-0.0023527566465375263,0.0018643962463488907
2022-07-21,132.55,158.66,0.8354342619437792,0.8514304247046287,0.7818189188772379,0.0776627150439861,0.8963310874203243,0,1.029936071525868,0.0,0.0
2022-07-22,132.21,157.74,0.8381513883605933,0.8430601569345983,0.7848437816924091,0.07622645236334968,0.7637293018004886,0,1.029936071525868,0.0,0.0
2022-07-25,132.02,157.49,0.8382754460600673,0.8382862156163492,0.7876851665603208,0.07495618475008056,0.6750750351654468,0,1.029936071525868,0.0,0.0
2022-07-26,121.98,151.81,0.8035043804755945,0.8300251720453231,0.7900633269802925,0.07310338114508734,0.54664838259285,0,1.029936071525868,0.0,0.0
2022-07-27,126.59,154.6,0.8188227684346702,0.826837649054941,0.7925586856800948,0.07144084045369198,0.47982306978969275,0,1.029936071525868,0.0,0.0
2022-07-28,129.75,159.42,0.8138878434324427,0.8225283653526736,0.7950998952910202,0.06937892749862071,0.3953429528324531,0,1.029936071525868,0.0,0.0
2022-07-29,132.05,163.38,0.8082384624801078,0.8165457801765765,0.7976398004016193,0.06694116986759772,0.28242679075300264,0,1.029936071525868,0.0,0.0
2022-08-01,132.54,165.55,0.8006040471156749,0.809011500387698,0.8001294758783686,0.06412187062947526,0.13851786328339818,0,1.029936071525868,0.0,0.0
2022-08-02,132.68,163.48,0.8115977489601175,0.8106301740846027,0.8026244415389422,0.06151144755546267,0.13015028687858501,0,1.029936071525868,0.0,0.0
2022-08-03,130.5,167.92,0.7771557884707004,0.8022967780918087,0.8045088498039309,0.058870727654180575,-0.03757506999261877,0,1.029936071525868,0.0,0.0
2022-08-04,125.57,166.56,0.753902497598463,0.7902997089250128,0.8058257498902804,0.05676826282437439,-0.2734986098359399,0,1.029936071525868,0.0,0.0
2022-08-05,126.58,166.13,0.7619334256305303,0.7810387015550971,0.8071772196915907,0.05466885265850913,-0.47812450536997264,0,1.029936071525868,0.0,0.0
2022-08-08,127.61,166.97,0.7642690303647361,0.7737716982049094,0.808390687558358,0.05283405952819417,-0.6552400035619937,0,1.029936071525868,0.0,0.0
2022-08-09,128.87,165.12,0.7804626937984496,0.767544687172576,0.8100852864047694,0.05017010531817573,-0.8479272459645754,0,1.029936071525868,0.0,0.0
2022-08-10,129.14,169.67,0.7611245358637354,0.764338436651183,0.8115410043514417,0.04733519195575327,-0.9971981891270565,0,1.029936071525868,0.0,0.0
2022-08-11,129.82,169.6,0.7654481132075471,0.7666475597729997,0.8130320342884052,0.04430493230829068,-1.0469370360989285,-2,1.029936071525868,0.0,0.0
2022-08-12,132.22,172.48,0.7665816326530612,0.7675772011775059,0.8156394675441304,0.03598386267264699,-1.3356616771205843,-2,1.029936071525868,0.0,0.0
2022-08-15,132.6,173.39,0.7647499855816368,0.767673392220886,0.8157592255180438,0.03579878840595258,-1.3432251603566032,-2,1.029936071525868,0.0,0.0
2022-08-16,139.37,180.19,0.7734613463566236,0.7662731227325208,0.8157160108459345,0.03584906055722985,-1.3791962005387142,-2,1.029936071525868,0.0,0.0
2022-08-17,139.52,175.34,0.795711189688605,0.7731904534974947,0.8161903597163024,0.03538215499544366,-1.2152992440495778,-2,1.029936071525868,0.0,0.0
2022-08-18,139.07,173.05,0.8036405663103149,0.7808289441180483,0.8163073494450396,0.03532791666569425,-1.0042597660858728,-2,1.029936071525868,0.0,0.0
2022-08-19,137.02,167.04,0.8202825670498085,0.7915691309973977,0.8161819043999265,0.035299734491954754,-0.697250949809224,0,1.029936071525868,0.0,0.0
2022-08-22,134.57,161.96,0.8308841689306,0.8047959676671905,0.8168848091546599,0.03516305944184969,-0.34379379039702374,0,1.029936071525868,0.0,0.0
2022-08-23,134.0,161.97,0.8273137000679138,0.8155664384094485,0.8178057237636351,0.034689546113660874,-0.06455216643220262,0,1.029936071525868,0.0,0.0
2022-08-24,134.97,163.13,0.8273769386378962,0.8218995881993066,0.8187837243942379,0.03410379334539866,0.09136414162236246,0,1.029936071525868,0.0,0.0
2022-08-25,135.87,167.5,0.8111641791044777,0.8234043107581392,0.8190597783965269,0.033971506635701844,0.1278875384657371,0,1.029936071525868,0.0,0.0
2022-08-26,131.6,160.62,0.8193251151786826,0.8232128203839141,0.8193569467059835,0.03389314803250883,0.1137655810027509,0,1.029936071525868,0.0,0.0
2022-08-29,132.88,158.69,0.8373558510303106,0.8245071568038561,0.8201057017024915,0.03378427958336425,0.13028115903740942,0,1.029936071525868,0.0,0.0
2022-08-30,132.48,160.78,0.8239830824729443,0.8238410332848624,0.8208688905170141,0.033335628336123566,0.0891581444897376,0,1.029936071525868,0.0,0.0
2022-08-31,132.55,160.34,0.8266808032930024,0.8237018062158835,0.8216127292533445,0.03295047500481761,0.06340051128955128,0,1.029936071525868,0.0,0.0
2022-09-01,134.48,164.84,0.8158214025721912,0.8246332509094263,0.8220275070425066,0.03271354151004835,0.07965337125359269,0,1.029936071525868,0.0,0.0
2022-09-02,133.0,164.6,0.8080194410692588,0.8223721160875416,0.8224866270611787,0.032311280054602654,-0.0035439937211901237,0,1.029936071525868,0.0,0.0
2022-09-06,132.34,163.58,0.8090231079594082,0.8167055674733611,0.8229195529034222,0.031945846909985365,-0.19451622139085678,0,1.029936071525868,0.0,0.0
2022-09-07,135.74,170.79,0.7947772117805493,0.8108643933348819,0.8226138030634628,0.0321284723132309,-0.3657008529391639,0,1.029936071525868,0.0,0.0
2022-09-08,136.43,171.9,0.7936591041303084,0.8042600535023432,0.8220981589860636,0.03234364487876955,-0.5515180973134362,0,1.029936071525868,0.0,0.0
2022-09-09,136.84,173.65,0.788021883098186,0.7987001496075422,0.8212795094553595,0.032577227444990815,-0.693102563314952,0,1.029936071525868,0.0,0.0
2022-09-12,138.07,173.85,0.7941903940178314,0.7959343401972567,0.8210212610937648,0.03273174532832912,-0.7664400613185612,0,1.029936071525868,0.0,0.0
2022-09-13,135.22,166.24,0.8134023099133783,0.7968101805880506,0.820508868818066,0.03260399559593646,-0.7268645390495928,0,1.029936071525868,0.0,0.0
2022-09-14,134.92,165.38,0.8158181158543959,0.80101836140282,0.8199529300215257,0.03239061255163683,-0.5845696369131753,0,1.029936071525868,0.0,0.0
2022-09-15,133.47,165.01,0.808860069086722,0.8040585543941028,0.8193622886942795,0.03226200107539343,-0.4743578758308656,0,1.029936071525868,0.0,0.0
2022-09-16,133.19,164.09,0.8116887074166615,0.8087919192577978,0.8186052268013435,0.03189197574238371,-0.3077045970063259,0,1.029936071525868,0.0,0.0
2022-09-19,134.33,164.76,0.8153071133770334,0.8130152631296383,0.8181596664756257,0.031745420610175594,-0.16205182502254642,0,1.029936071525868,0.0,0.0
2022-09-20,133.55,160.03,0.8345310254327314,0.8172410062335087,0.8183602334265621,0.03181123543296741,-0.035183392842814465,0,1.029936071525868,0.0,0.0
2022-09-21,134.77,159.03,0.8474501666352261,0.823567416389675,0.8186573413995469,0.03200089768260463,0.15343553917855074,0,1.029936071525868,0.0,0.0
2022-09-22,133.39,152.96,0.8720580543933053,0.8362070134509916,0.8190794087052163,0.03253994617755865,0.5263562715290347,0,1.029936071525868,0.0,0.0
2022-09-23,130.06,152.61,0.8522377301618504,0.8443168180000293,0.8189634272523113,0.03240666244763561,0.7823511843802295,0,1.029936071525868,0.0,0.0
2022-09-26,131.31,148.71,0.8829937462174702,0.8578541445681168,0.8193322354349795,0.033011880726459705,1.1669104663358743,-2,1.029936071525868,0.0,0.0
2022-09-27,130.95,148.47,0.8819963629015962,0.8673472120618897,0.8196773965238414,0.03356166590587318,1.4203649983210822,-2,1.029936071525868,0.0,0.0
2022-09-28,133.11,155.87,0.8539808815038173,0.8686533550356079,0.8196983919078141,0.03358307486210186,1.4577272429285189,-2,1.029936071525868,0.0,0.0
2022-09-29,132.25,151.79,0.8712695170959879,0.8684956475761444,0.8198179208043764,0.03375609672038651,1.4420425197552462,-2,1.029936071525868,0.0,0.0
2022-09-30,129.7,148.39,0.8740481164498956,0.8728577248337533,0.8204572307917982,0.03441852412996853,1.522450348076649,1,1.0298160715258682,-0.002313030069390902,0.002021699575443089
2022-10-03,132.53,151.79,0.8731141708939983,0.870881809769059,0.8208865577903119,0.03491677310526247,1.4318405606390954,-2,1.0301439749859984,-0.002313030069390902,0.002021699575443089
2022-10-04,134.25,156.96,0.8553134556574923,0.8655452283202383,0.8208591580104658,0.03488862160513055,1.2808207448127196,-2,1.0366177500716869,-0.002313030069390902,0.002021699575443089
2022-10-05,132.92,156.41,0.8498177865865353,0.8647126093367818,0.8206031696352755,0.03461319687660306,1.2743532433238591,-2,1.0385821452974833,-0.002313030069390902,0.002021699575443089
2022-10-06,131.68,155.75,0.8454574638844302,0.8595501986944705,0.8203273781917653,0.0343425898829236,1.142104326913569,-2,1.0401159808637355,-0.002313030069390902,0.002021699575443089
2022-10-07,128.56,152.34,0.843901798608376,0.8535209351261663,0.8198300092805181,0.0337671432172606,0.9977428540187142,0,1.0403175693561655,0.0,0.0
2022-10-10,129.32,153.1,0.8446766819072502,0.8478334373288169,0.8192412418587932,0.03299942989624151,0.8664451343530696,0,1.0403175693561655,0.0,0.0
2022-10-11,132.67,154.5,0.8587055016181229,0.8485118465209428,0.8191839143415734,0.03292653998445993,0.8907079879395472,0,1.0403175693561655,0.0,0.0
2022-10-12,131.17,154.16,0.8508692267773741,0.8487221345591106,0.8192849081490174,0.033015645095908444,0.8916144550433532,0,1.0403175693561655,0.0,0.0
2022-10-13,132.28,154.12,0.8582922398131326,0.8512890897448511,0.8196771057561266,0.033340764710350065,0.9481481382732367,0,1.0403175693561655,0.0,0.0
2022-10-14,130.43,145.69,0.8952570526460293,0.8615601405523818,0.8206741522678309,0.034687267041270675,1.1787030738370092,-2,1.0403175693561655,0.0,0.0
2022-10-17,131.37,149.25,0.8802010050251257,0.8686650051759569,0.8213749792122399,0.035462490593401653,1.333522411212597,-2,1.0403175693561655,0.0,0.0
2022-10-18,134.14,157.23,0.8531450740952744,0.8675529196713871,0.8216228063461598,0.03563414239705526,1.2889355611101483,-2,1.0403175693561655,0.0,0.0
2022-10-19,133.76,155.39,0.8608018534011198,0.8695394449961362,0.8225777642282519,0.0359070688137097,1.3078672896283268,-2,1.0403175693561655,0.0,0.0
2022-10-20,134.09,154.4,0.868458549222798,0.8715727068780694,0.8234050272413874,0.036387654464790066,1.3237368647460004,-2,1.0403175693561655,0.0,0.0
2022-10-21,136.8,159.19,0.8593504617124192,0.8643913886913474,0.8241627375460537,0.036658449306250805,1.0973909673378912,-2,1.0403175693561655,0.0,0.0
2022-10-24,139.41,161.82,0.8615127919911012,0.8606537460845425,0.8250506430379035,0.03691052256556534,0.964578677622242,0,1.0403175693561655,0.0,0.0
2022-10-25,140.07,165.8,0.8448130277442701,0.8589873368143417,0.8257874593817135,0.03685545650684549,0.9008130838499231,0,1.0403175693561655,0.0,0.0
2022-10-26,141.14,166.77,0.8463152845235953,0.8560900230388369,0.8263660849744382,0.03690140575475903,0.805496090364126,0,1.0403175693561655,0.0,0.0
2022-10-27,140.73,166.9,0.8431995206710604,0.8510382173284892,0.8274668138444441,0.03639010064834758,0.6477421898835946,0,1.0403175693561655,0.0,0.0
2022-10-28,142.51,167.52,0.850704393505253,0.8493090036870559,0.829080178776224,0.0351997269312846,0.5746869840871702,0,1.0403175693561655,0.0,0.0
2022-10-31,142.33,164.25,0.8665449010654491,0.8503154255019256,0.830823703366806,0.03439914072254196,0.5666339834572259,0,1.0403175693561655,0.0,0.0
2022-11-01,141.69,164.59,0.8608663952852542,0.8535260990101223,0.8324336594488145,0.033479635446610936,0.630008041603181,0,1.0403175693561655,0.0,0.0
2022-11-02,140.75,160.2,0.8785892634207242,0.8599808947895482,0.8340691022758526,0.033294054923473745,0.77827085265684,0,1.0403175693561655,0.0,0.0
2022-11-03,140.72,159.8,0.8806007509386733,0.8674611408430708,0.8360603725271015,0.032418745003105924,0.9685991334013972,0,1.0403175693561655,0.0,0.0
2022-11-04,140.97,159.63,0.8831046795715092,0.8739411980563221,0.8380213152998341,0.03162381758829526,1.1358490370809236,-2,1.0403175693561655,0.0,0.0
2022-11-07,142.45,159.87,0.8910364671295427,0.8788395112691407,0.8400955625411088,0.030932598257432695,1.2525281066139418,-2,1.0403175693561655,0.0,0.0
2022-11-08,142.79,161.62,0.883492142061626,0.8833646606244152,0.842074598482442,0.02980843488112889,1.3851804801772087,-2,1.0403175693561655,0.0,0.0
2022-11-09,139.47,152.99,0.9116282109941826,0.8899724501391069,0.8443773795597347,0.029754869482821193,1.532356598159378,1,1.0401975693561656,-0.0021510002151000213,0.0019609124779397346
2022-11-10,142.36,164.38,0.866042097578781,0.8870607194671283,0.8455495613579043,0.0291850625185934,1.4223426138894795,-2,1.0563159718582602,-0.0021510002151000213,0.0019609124779397346
2022-11-11,142.58,173.32,0.8226402030925457,0.8749678241713355,0.8458662219709414,0.028823472947405407,1.0096494011494084,-2,1.0733733093637194,-0.0021510002151000213,0.0019609124779397346
2022-11-14,138.39,173.26,0.7987417753665011,0.8565088858187273,0.8455072087762195,0.029278099529775482,0.3757647258258408,0,1.082140860593173,0.0,0.0
2022-11-15,147.44,178.98,0.8237791932059448,0.844566296047591,0.845388792514142,0.02935251891540664,-0.028021324811045637,0,1.082140860593173,0.0,0.0
2022-11-16,148.5,155.47,0.9551681996526661,0.8532742937792879,0.8475197008405545,0.03249120211586117,0.17711234315717,0,1.082140860593173,0.0,0.0
2022-11-17,148.0,162.01,0.9135238565520647,0.8627706455739445,0.8489554828057908,0.03347453982975703,0.4127065775486097,0,1.082140860593173,0.0,0.0
2022-11-18,150.23,162.88,0.9223354616895874,0.8827096972933528,0.8508083375155426,0.0344109261873097,0.9270706520411814,0,1.082140860593173,0.0,0.0
2022-11-21,151.15,158.02,0.9565244905708138,0.9142662403342154,0.8530949937720781,0.03676161929563625,1.6639976076733547,1,1.0820208605931732,-0.0019847833278200462,0.0018984938615365142
2022-11-22,151.69,157.86,0.9609147345749397,0.9416933486080143,0.8551543084978219,0.039242080450120745,2.205261268453624,2,1.0805251649735086,0.0,0.0
2022-11-23,152.42,163.41,0.932745853986904,0.9372088794748619,0.8569670213563879,0.04027619870181247,1.992289756849943,1,1.0804051649735087,-0.0019682456370555047,0.0018358729575913347
2022-11-25,153.07,163.38,0.9368955808544497,0.9418832243353389,0.8588039343157453,0.041369976707884205,2.008202484768634,2,1.0789504842639999,0.0,0.0
2022-11-28,153.51,165.37,0.9282820342262804,0.9430725388426776,0.8606782781766469,0.04193334942246392,1.9648862254225674,1,1.078830484264,-0.0019542700801250734,0.0018141138054060591
2022-11-29,152.97,166.37,0.9194566328063953,0.9356589672897938,0.8625355647055991,0.04202922971703718,1.7398225729212693,1,1.0816999039126736,-0.0019542700801250734,0.0018141138054060591
2022-11-30,152.42,167.07,0.9123122044651942,0.9259384612678447,0.8642570496473623,0.04191541787859598,1.4715685717159448,-2,1.0840446321205266,-0.0019542700801250734,0.0018141138054060591
2022-12-01,153.37,165.03,0.9293461794825183,0.9252585263669676,0.8664998657757284,0.041734545825799926,1.4079142213862348,-2,1.0784872833813794,-0.0019542700801250734,0.0018141138054060591
2022-12-02,153.22,164.16,0.9333576998050682,0.9245509501570913,0.868828175703641,0.04149811071636772,1.3427785865796555,-2,1.077202144882695,-0.0019542700801250734,0.0018141138054060591
2022-12-05,151.65,154.93,0.9788291486477764,0.9346603730413905,0.8720082967961342,0.04249970394770064,1.474176768910079,-2,1.0635260784845935,-0.0019542700801250734,0.0018141138054060591
2022-12-06,149.89,155.05,0.966720412770074,0.9441131290341263,0.8748837971086716,0.042979284347721095,1.6107604623045668,1,1.0671832874822624,-0.0019542700801250734,0.0018141138054060591
2022-12-07,149.11,153.76,0.9697580645161292,0.9556023010443132,0.8774897263520508,0.04391818576540651,1.7785929298060883,1,1.066367411335786,-0.0019542700801250734,0.0018141138054060591
2022-12-08,148.78,154.21,0.9647882757279035,0.9626907202933902,0.8799725623499426,0.04457851502738656,1.8555610901940134,1,1.0678286716746601,-0.0019542700801250734,0.0018141138054060591
2022-12-09,145.31,152.28,0.9542290517467823,0.966864990681733,0.8823953787276102,0.044598440591459516,1.894003710306825,1,1.0711087492082605,-0.0019542700801250734,0.0018141138054060591
2022-12-12,148.02,150.03,0.9866026794641073,0.9684196968449992,0.8853106115950677,0.04560368080721764,1.822420554193026,1,1.061730921228958,-0.0019542700801250734,0.0018141138054060591
2022-12-13,147.49,150.87,0.9775966063498377,0.9705949355609521,0.8880154364779478,0.04619033887046249,1.7878089033854598,1,1.0642905399679654,-0.0019542700801250734,0.0018141138054060591
2022-12-14,146.67,152.51,0.9617074290210478,0.9689848084619357,0.8901350432044197,0.04661047755797115,1.6916746917996632,1,1.0688681880745339,-0.0019542700801250734,0.0018141138054060591
2022-12-15,145.36,147.6,0.9848238482384826,0.9729919229640516,0.8924246045644739,0.04783607356458559,1.6842376975359434,1,1.0625209830949538,-0.0019542700801250734,0.0018141138054060591
2022-12-16,142.75,146.45,0.9747354045749403,0.9770931935296832,0.8941358937341678,0.04891945419156898,1.6957936503267985,1,1.0655353971278632,-0.0019542700801250734,0.0018141138054060591
2022-12-19,142.8,144.65,0.9872105081230557,0.9772147592614727,0.8963854400335213,0.050050392762540856,1.6149587399131544,1,1.062172278774126,-0.0019542700801250734,0.0018141138054060591
2022-12-20,144.05,143.25,1.005584642233857,0.9828123664382767,0.8984286216337944,0.05196023902950868,1.624006093516237,1,1.057189681846401,-0.0019542700801250734,0.0018141138054060591
2022-12-21,145.18,142.3,1.0202389318341532,0.9945186670008977,0.9007326644493371,0.05423447769912738,1.7292690283079772,1,1.0532579485407239,-0.0019542700801250734,0.0018141138054060591
2022-12-22,143.48,141.35,1.015068977714892,1.0005676928961798,0.9034174660528549,0.05584420056229846,1.7396654597095786,1,1.0548567995618008,-0.0019542700801250734,0.0018141138054060591
2022-12-23,143.77,143.15,1.004331121201537,1.006486836221499,0.905635159454614,0.05717218933706099,1.7639988591710156,1,1.0575554660882953,-0.0019542700801250734,0.0018141138054060591
2022-12-27,143.81,145.55,0.9880453452421848,1.0066538036453248,0.9075351132678189,0.05799298653507612,1.7091496110060747,1,1.061831168418065,-0.0019542700801250734,0.0018141138054060591
2022-12-28,141.29,145.8,0.9690672153635115,0.9993503182712556,0.909134330675644,0.058349611313180776,1.546128338565856,1,1.0672094574713318,-0.0019542700801250734,0.0018141138054060591
2022-12-29,142.15,148.37,0.9580777785266563,0.9869180876097563,0.9108470693901302,0.058251168221228895,1.305914036448509,-2,1.0701910576823177,-0.0019542700801250734,0.0018141138054060591
2022-12-30,141.79,149.04,0.9513553408480945,0.9741753602363967,0.9125393619611563,0.05792210327166186,1.0641187870226323,-2,1.0721100511607848,-0.0019542700801250734,0.0018141138054060591
2023-01-03,143.6,151.73,0.946417979305345,0.9625927318571584,0.9142220372181714,0.057404471670696226,0.842629384631707,0,1.073341610718061,0.0,0.0
2023-01-04,143.76,152.72,0.9413305395495023,0.9532497707186218,0.9158458495671903,0.05675592370301034,0.6590311409106294,0,1.073341610718061,0.0,0.0
2023-01-05,143.27,154.26,0.9287566446259563,0.9451876565711108,0.9172471822791687,0.056001917619860245,0.49891995630580793,0,1.073341610718061,0.0,0.0
2023-01-06,146.78,160.15,0.9165157664689354,0.9368752541595666,0.9182106866933488,0.0554724512476718,0.3364655256153146,0,1.073341610718061,0.0,0.0
2023-01-09,144.95,156.35,0.9270866645346978,0.9320215188968873,0.9194809773226376,0.054772483265352834,0.22895696573579466,0,1.073341610718061,0.0,0.0
2023-01-10,144.86,155.97,0.9287683528883761,0.9284915936134936,0.920655579207225,0.05419063694719256,0.14460089136624635,0,1.073341610718061,0.0,0.0
2023-01-11,146.13,158.97,0.9192300434044159,0.9240714943844763,0.9210551290531981,0.05408847921252227,0.05576724239974407,0,1.073341610718061,0.0,0.0
2023-01-12,144.81,159.75,0.9064788732394367,0.9196159401071725,0.9214930935234366,0.0538579661323203,-0.03485377467935164,0,1.073341610718061,0.0,0.0
2023-01-13,145.29,164.6,0.882685297691373,0.91284984635166,0.9219854305833716,0.05335525325580195,-0.17122183242037461,0,1.073341610718061,0.0,0.0
2023-01-17,144.41,162.1,0.8908698334361506,0.9056064801319504,0.9224865635839554,0.05291020249592224,-0.3190326752823507,0,1.073341610718061,0.0,0.0
2023-01-18,140.84,160.83,0.8757072685444257,0.8949942632631604,0.9226073755726493,0.0527928928411673,-0.523046016678147,0,1.073341610718061,0.0,0.0
2023-01-19,138.83,159.1,0.8725958516656193,0.8856674249154011,0.9228281320718692,0.05255103635615758,-0.7071355720678169,0,1.073341610718061,0.0,0.0
2023-01-20,140.54,162.21,0.8664077430491337,0.8776531988773405,0.9229097145895031,0.05245795151148398,-0.8627198433826594,0,1.073341610718061,0.0,0.0
2023-01-23,142.64,164.63,0.8664277470691853,0.8744016887529028,0.923269959911585,0.051984629000576967,-0.9400523211994034,0,1.073341610718061,0.0,0.0
2023-01-24,143.02,163.55,0.8744726383369,0.8711222497330529,0.9237392491418067,0.05140197847429252,-1.023637629727988,-2,1.073341610718061,0.0,0.0
2023-01-25,142.34,164.21,0.866816880823336,0.8693441721888349,0.9241328718110113,0.05086236861019568,-1.0771952057929473,-2,1.073341610718061,0.0,0.0
2023-01-26,142.21,167.03,0.8514039394120817,0.8651057897381274,0.9241445309094585,0.05084532875620042,-1.1611438575688537,-2,1.073341610718061,0.0,0.0
2023-01-27,143.3,168.51,0.8503946353332148,0.8619031681949435,0.9238753598139212,0.05119695807930282,-1.2104662844027632,-2,1.073341610718061,0.0,0.0
2023-01-30,142.15,168.68,0.842719943087503,0.8571616073986071,0.9235729189439588,0.05162727670559592,-1.2863609274620764,-2,1.073341610718061,0.0,0.0
2023-01-31,143.87,172.14,0.8357732078540724,0.8494217213020416,0.9228593180178478,0.052547294714745924,-1.3975523785660842,-2,1.073341610718061,0.0,0.0
2023-02-01,144.67,177.08,0.8169753783600631,0.8394534208093869,0.9217988951415378,0.05403545996964505,-1.5239154876891816,-1,1.073221610718061,0.0020736849381350663,-0.0016941495369324597
2023-02-02,143.62,181.02,0.7933929952491438,0.8278512319767994,0.9203037004028316,0.05631730948105819,-1.641635036864247,-1,1.0643692923575054,0.0020736849381350663,-0.0016941495369324597
2023-02-03,141.71,176.76,0.8017085313419327,0.818114011178543,0.918814901473038,0.05825164191034907,-1.7287219208254518,-1,1.0676256311529997,0.0020736849381350663,-0.0016941495369324597
2023-02-06,140.68,173.84,0.8092498849516797,0.8114199995513782,0.9175775305212056,0.059783068805216145,-1.7757123060327913,-1,1.0704366523145634,0.0020736849381350663,-0.0016941495369324597
2023-02-07,140.98,174.76,0.8067063401235981,0.8056066260052835,0.9158288326733626,0.06147073899983275,-1.7930841317586717,-1,1.069500140222026,0.0020736849381350663,-0.0016941495369324597
2023-02-08,140.22,171.79,0.8162291169451075,0.8054573737222922,0.9149986163294681,0.06248260534470386,-1.753147808143708,-1,1.072955763793733,0.0020736849381350663,-0.0016941495369324597
2023-02-09,141.52,171.37,0.8258154869580441,0.8119418720640723,0.9150515377272264,0.06240434962804215,-1.6522833148287546,-1,1.0763630970188203,0.0020736849381350663,-0.0016941495369324597
2023-02-10,143.72,170.02,0.8453123161980943,0.8206626290353046,0.9158277134077529,0.06121140355362718,-1.554695348376947,-1,1.0832123057575762,0.0020736849381350663,-0.0016941495369324597
2023-02-13,145.91,173.32,0.8418532194784214,0.8271832959406531,0.9161289471789609,0.06079378463282528,-1.4630714599446413,-2,1.082162982300215,0.0020736849381350663,-0.0016941495369324597
2023-02-14,145.49,171.17,0.8499737103464393,0.8358367699852213,0.9143757056905237,0.061164572599101234,-1.2840592579642505,-2,1.0849344561306031,0.0020736849381350663,-0.0016941495369324597
2023-02-15,146.57,176.02,0.8326894671060106,0.839128840017402,0.9130284658664228,0.06206724130521199,-1.190638157826668,-2,1.0789574106096664,0.0020736849381350663,-0.0016941495369324597
2023-02-16,144.27,174.54,0.8265727053970437,0.8392802837052018,0.9114324199282138,0.06304737803389715,-1.144411369243931,-2,1.076695276566616,0.0020736849381350663,-0.0016941495369324597
2023-02-17,146.44,173.22,0.8453989146749797,0.8392976034005789,0.9095803269966165,0.0633318746999439,-1.1097527734497943,-2,1.0834314502711198,0.0020736849381350663,-0.0016941495369324597
2023-02-21,147.33,166.22,0.8863554325592589,0.8481980460167463,0.9083376719630218,0.06303834959443366,-0.9540165047656309,0,1.097018653116994,0.0,0.0
2023-02-22,144.24,165.72,0.8703837798696598,0.8522800599213906,0.9072983040610677,0.06314311147702481,-0.8713261486915487,0,1.097018653116994,0.0,0.0
2023-02-23,142.09,165.5,0.8585498489425982,0.857452136288708,0.905992541862537,0.06333047721074563,-0.7664620213155899,0,1.097018653116994,0.0,0.0
2023-02-24,142.47,166.96,0.8533181600383325,0.8628012272169657,0.9047431439594044,0.06362207278794144,-0.6592353078818278,0,1.097018653116994,0.0,0.0
2023-02-27,141.44,166.81,0.8479107967148253,0.8633036036249349,0.9035507133578783,0.06401091486628699,-0.628753858885098,0,1.097018653116994,0.0,0.0
2023-02-28,142.13,168.5,0.8435014836795252,0.8547328138489881,0.9024038680114504,0.06446608188501814,-0.7394749730174159,0,1.097018653116994,0.0,0.0
2023-03-01,140.15,162.4,0.8629926108374384,0.8532545800425438,0.9012979752006991,0.06456512232278899,-0.7441075526499513,0,1.097018653116994,0.0,0.0
2023-03-02,140.5,165.94,0.8466915752681692,0.8508829253076581,0.8998535397917508,0.0648047256549637,-0.755664251166254,0,1.097018653116994,0.0,0.0
2023-03-03,140.67,166.0,0.8474096385542168,0.849701221010835,0.8976632146235247,0.06430921858265232,-0.7458027739996154,0,1.097018653116994,0.0,0.0
2023-03-06,140.65,165.2,0.8513922518159808,0.850397512031066,0.8957410786076232,0.06393260342476624,-0.7092401082949179,0,1.097018653116994,0.0,0.0
2023-03-07,139.25,162.82,0.8552389141383123,0.8527449981228236,0.8938324261013263,0.06339259205501625,-0.6481424192726551,0,1.097018653116994,0.0,0.0
2023-03-08,138.1,163.51,0.8445966607546939,0.8490658081062745,0.8918292325184395,0.06301026064425724,-0.6786739806330642,0,1.097018653116994,0.0,0.0
2023-03-09,137.17,160.64,0.8538969123505976,0.8505068755227603,0.8901570301951698,0.06265653369666066,-0.632817558410875,0,1.097018653116994,0.0,0.0
2023-03-10,136.97,158.18,0.8659122518649639,0.8542073981849096,0.8881455230685174,0.061433153423823196,-0.5524398959218463,0,1.097018653116994,0.0,0.0
2023-03-13,137.37,157.92,0.8698708206686931,0.8579031119554521,0.886350093307165,0.060339008716714375,-0.4714525802912773,0,1.097018653116994,0.0,0.0
2023-03-14,138.1,158.37,0.8720085874850034,0.8612570466247904,0.8848551126148976,0.059546280976408975,-0.39629789809133903,0,1.097018653116994,0.0,0.0
2023-03-15,139.64,159.13,0.8775215232828505,0.8678420191304218,0.8830667405323036,0.05808642772381572,-0.2621046257874728,0,1.097018653116994,0.0,0.0
2023-03-16,138.28,163.05,0.8480834099969334,0.866679318659689,0.8809558739560035,0.05698963569807196,-0.25051143284984273,0,1.097018653116994,0.0,0.0
2023-03-17,139.4,159.36,0.8747489959839357,0.8684466674834832,0.8790815154203516,0.05525886398715673,-0.19245505914381755,0,1.097018653116994,0.0,0.0
2023-03-20,140.9,163.24,0.8631462876745896,0.8671017608846625,0.8767075428443637,0.05273401863174442,-0.18215531850096423,0,1.097018653116994,0.0,0.0
2023-03-21,140.42,162.71,0.8630078052977689,0.8653016044472157,0.8740870240687574,0.04927372913795035,-0.1782982488892887,0,1.097018653116994,0.0,0.0
2023-03-22,139.52,157.47,0.8860100336572047,0.8669993065220865,0.8719360416677959,0.04570256937346679,-0.10801876597720465,0,1.097018653116994,0.0,0.0
2023-03-23,140.65,156.12,0.900909556751217,0.8775645358729431,0.8702123489269572,0.042459852719454926,0.1731562046285007,0,1.097018653116994,0.0,0.0
2023-03-24,141.8,156.22,0.907694277301242,0.8841535921364045,0.8688731644612749,0.039868466260636136,0.3832710186350116,0,1.097018653116994,0.0,0.0
2023-03-27,144.17,159.38,0.9045676998368678,0.8924378745688601,0.8677981725358309,0.03794422692911595,0.6493662943524702,0,1.097018653116994,0.0,0.0
2023-03-28,143.61,159.77,0.8988546034925206,0.8996072342078104,0.8668111196185951,0.03629019929231258,0.9037182277519908,0,1.097018653116994,0.0,0.0
2023-03-29,144.23,158.11,0.9122130162545062,0.9048478307272706,0.8661587475420355,0.03507614159228729,1.1030028226862405,-2,1.097018653116994,0.0,0.0
2023-03-30,145.67,160.27,0.9089037249641229,0.9064466643698518,0.8655335099696817,0.03393711540566651,1.2055578062871768,-2,1.097018653116994,0.0,0.0
2023-03-31,147.45,165.63,0.8902372758558231,0.9029552640807681,0.864681955574787,0.032618368014538254,1.1733667511790409,-2,1.097018653116994,0.0,0.0
2023-04-03,148.69,166.06,0.8953992532819463,0.9011215747697838,0.8641259990523869,0.031781286287212926,1.1640679166683698,-2,1.097018653116994,0.0,0.0
2023-04-04,147.23,166.05,0.8866606443842215,0.8986827829481239,0.8636284136843083,0.031175073257624624,1.1244358264737087,-2,1.097018653116994,0.0,0.0
2023-04-05,149.67,165.24,0.9057734204793028,0.8973948637930833,0.8632731929500518,0.03055500942452444,1.1167291873143514,-2,1.097018653116994,0.0,0.0
2023-04-06,150.8,165.58,0.9107380118371784,0.8977617211676943,0.8629726872658651,0.029983267167352425,1.1602816233352173,-2,1.097018653116994,0.0,0.0
2023-04-10,150.51,169.0,0.8905917159763314,0.8978326091917961,0.8624953818087303,0.02929251471718872,1.2063569046303164,-2,1.097018653116994,0.0,0.0
2023-04-11,150.07,169.58,0.8849510555490033,0.8957429696452074,0.8621365848472231,0.028873487732962225,1.1639184399472093,-2,1.097018653116994,0.0,0.0
2023-04-12,149.34,163.51,0.9133386337227082,0.9010785675129048,0.8626474737810788,0.029507470785536408,1.3024191063730115,-2,1.097018653116994,0.0,0.0
2023-04-13,149.49,163.27,0.9155999265021131,0.9030438687174668,0.8630596419988448,0.03007561848376741,1.3294565077756433,-2,1.097018653116994,0.0,0.0
2023-04-14,148.48,161.0,0.9222360248447204,0.9053434713189752,0.8638351212705164,0.030993117482873422,1.3392763755177577,-2,1.097018653116994,0.0,0.0
2023-04-17,149.52,162.7,0.9189920098340505,0.9110235300905192,0.8646083905733235,0.0317840920078911,1.460326112373199,-2,1.097018653116994,0.0,0.0
2023-04-18,149.85,162.4,0.9227216748768472,0.9185776539560878,0.8655469561037854,0.03265758240118234,1.6238402831185226,1,1.0968986531169942,-0.002002002002002002,0.0018472906403940886
2023-04-19,150.01,162.51,0.9230816565134453,0.9205262585142353,0.8664911879278564,0.033491844477389274,1.6133799565102662,1,1.096781534767117,-0.002002002002002002,0.0018472906403940886
2023-04-20,150.97,160.28,0.9419141502370851,0.9257891032612298,0.8676152131261928,0.03486769882931033,1.668417821887777,1,1.0907401547171163,-0.002002002002002002,0.0018472906403940886
2023-04-21,151.73,162.18,0.9355654211370081,0.9284549825196873,0.8687610221314208,0.03595370130520675,1.6603008375001904,1,1.0927284854123436,-0.002002002002002002,0.0018472906403940886
2023-04-24,152.76,163.94,0.9318043186531657,0.9310174442835104,0.8701010284521055,0.03678450795742727,1.6560345431807015,1,1.093917654877375,-0.002002002002002002,0.0018472906403940886
2023-04-25,151.57,157.61,0.9616775585305499,0.9388086210142509,0.8719557438387276,0.03853776978411238,1.7347365337961014,1,1.0846066875060627,-0.002002002002002002,0.0018472906403940886
2023-04-26,150.91,155.45,0.9707944676744934,0.9483511832464604,0.8740903192485109,0.0403932782730871,1.8384460774858036,1,1.0819378610441326,-0.002002002002002002,0.0018472906403940886
2023-04-27,151.38,158.15,0.9571925387290546,0.9514068609448543,0.8761139747630938,0.041468277810110275,1.8156742975085278,1,1.0859846048322557,-0.002002002002002002,0.0018472906403940886
2023-04-28,150.97,157.75,0.9570206022187004,0.9556978971611928,0.8784480618274045,0.042020797281044873,1.8383714810816982,1,1.0860665093969188,-0.002002002002002002,0.0018472906403940886
2023-05-01,151.59,157.12,0.9648039714867617,0.9622978277279121,0.8813049114313648,0.041966972536085626,1.9299203969718062,1,1.0836614750522293,-0.002002002002002002,0.0018472906403940886
2023-05-02,151.18,155.72,0.9708451066015926,0.9641313373421205,0.8841238543523592,0.04220961749253506,1.8954799342569497,1,1.0818960889764986,-0.002002002002002002,0.0018472906403940886
2023-05-03,150.62,154.57,0.9744452351685321,0.9648614908409282,0.8868771101893067,0.042628563710980526,1.829392638709378,1,1.0808928258611665,-0.002002002002002002,0.0018472906403940886
2023-05-04,150.47,152.53,0.9864944601062086,0.9707218751163591,0.8898735788556835,0.043212523052072835,1.870945979322941,1,1.0774246532550629,-0.002002002002002002,0.0018472906403940886
2023-05-05,151.77,156.3,0.9710172744721689,0.9735212095670528,0.8924533814811345,0.043361600687364256,1.8695764639874508,1,1.081786336366746,-0.002002002002002002,0.0018472906403940886
2023-05-08,152.72,156.5,0.9758466453674122,0.9757297443431827,0.8949539007879573,0.04377758657681929,1.8451415409454544,1,1.0802538925929228,-0.002002002002002002,0.0018472906403940886
2023-05-09,152.98,157.42,0.9717951975606658,0.9759197625349975,0.8970619488106668,0.044387701397167,1.7765689874034267,1,1.0814328794615649,-0.002002002002002002,0.0018472906403940886
2023-05-10,152.55,157.73,0.9671590692956319,0.9744625293604174,0.8991503796409538,0.04469287358161456,1.6851042164906807,1,1.0828664004209478,-0.002002002002002002,0.0018472906403940886
2023-05-11,153.12,158.87,0.9638068861333166,0.9699250145658389,0.9010475992374017,0.04498509668222052,1.531116312030949,1,1.083831170609856,-0.002002002002002002,0.0018472906403940886
2023-05-12,153.07,157.99,0.9688587885309196,0.9694933173775893,0.9033170879278168,0.04491279024293905,1.473438392311337,-2,1.0823056549464094,-0.002002002002002002,0.0018472906403940886
2023-05-15,151.88,160.57,0.9458803014261693,0.9635000485893406,0.9053055478616356,0.044091017847664456,1.3198720185768529,-2,1.0894540471810084,-0.002002002002002002,0.0018472906403940886
2023-05-16,149.78,156.91,0.9545599388184309,0.9600529968408937,0.9071248982640264,0.04382856463720553,1.2076165171044022,-2,1.0868971676413701,-0.002002002002002002,0.0018472906403940886
2023-05-17,149.53,160.96,0.9289885685884691,0.9524188966994611,0.90783545053118,0.043831727134932115,1.0171501120874138,-2,1.0948791952354668,-0.002002002002002002,0.0018472906403940886
2023-05-18,151.47,154.18,0.9824231417823323,0.9561421478292642,0.9097027732297246,0.04458917561156992,1.0414943528915481,-2,1.0784706808097109,-0.002002002002002002,0.0018472906403940886
2023-05-19,149.91,152.28,0.9844365642237982,0.9592577029678399,0.9118008851510777,0.04510024122536788,1.0522519731018365,-2,1.0780839517160852,-0.002002002002002002,0.0018472906403940886
2023-05-22,148.59,151.91,0.9781449542492265,0.9657106335324513,0.9138813317212595,0.045235632544170214,1.1457627294275867,-2,1.080043096821782,-0.002002002002002002,0.0018472906403940886
2023-05-23,148.31,147.16,1.0078146235390053,0.9763615704765662,0.9165463955016624,0.04598722788311992,1.3006910337567796,-2,1.0718290268404707,-0.002002002002002002,0.0018472906403940886
2023-05-24,147.63,143.1,1.0316561844863732,0.9968950936561471,0.9196823071817766,0.04731777722101856,1.631792341252933,1,1.065690388201832,-0.002002002002002002,0.0018472906403940886
2023-05-25,146.16,140.75,1.038436944937833,1.0080978542872472,0.9226063794167831,0.04914097341771014,1.7397187911555163,1,1.0642921981398488,-0.002002002002002002,0.0018472906403940886
2023-05-26,146.42,138.93,1.0539120420355574,1.0219929498495992,0.9260600538629064,0.05096321843367844,1.882394772840656,1,1.060409608653811,-0.002002002002002002,0.0018472906403940886
2023-05-30,146.06,133.84,1.091303048416019,1.0446245686829578,0.9301249440272696,0.0542070243512121,2.11226544947081,2,1.0516196892565814,0.0,0.0
2023-05-31,146.87,130.93,1.1217444435958146,1.0674105326943195,0.9346308138902669,0.058609120573636334,2.265512901481409,2,1.0516196892565814,0.0,0.0
2023-06-01,147.41,131.16,1.1238944800243977,1.0858581918019243,0.9391084066550349,0.06256947910391349,2.3453892736292694,2,1.0516196892565814,0.0,0.0
2023-06-02,148.82,133.22,1.1170995346044137,1.1015907097352406,0.9436501212191969,0.06541810567411505,2.4143253138945364,2,1.0516196892565814,0.0,0.0
2023-06-05,149.8,130.6,1.1470137825421134,1.1202110578365516,0.9485354023890555,0.06942394526182902,2.472859397431675,2,1.0516196892565814,0.0,0.0
2023-06-06,149.78,132.7,1.12871137905049,1.1276927239634458,0.9529153878421476,0.0723512041267146,2.415679714399726,2,1.0516196892565814,0.0,0.0
2023-06-07,150.0,131.75,1.1385199240986716,1.1310478200640173,0.957392872899314,0.07537441895914453,2.3038976560314204,2,1.0516196892565814,0.0,0.0
2023-06-08,152.17,131.27,1.1592138340824254,1.1381116908756228,0.9621796270092708,0.07889741486333361,2.2298837569152568,2,1.0516196892565814,0.0,0.0
2023-06-09,153.09,126.99,1.2055279943302624,1.1557973828207926,0.967646401526728,0.08412275314335549,2.236624150584233,2,1.0516196892565814,0.0,0.0
2023-06-12,154.1,126.48,1.2183744465528146,1.1700695156229328,0.9738179188026591,0.08866291184550278,2.213457608546026,2,1.0516196892565814,0.0,0.0
2023-06-13,155.3,128.72,1.206494717215662,1.1856261832559671,0.9793470141565213,0.09263516845109644,2.2267911048096587,2,1.0516196892565814,0.0,0.0
2023-06-14,156.87,133.23,1.177437514073407,1.1934097012509144,0.9845852012631683,0.09481347546687516,2.2024770103560103,2,1.0516196892565814,0.0,0.0
2023-06-15,157.73,137.84,1.144297736506094,1.190426481735648,0.989273366783307,0.09565070721239956,2.1029966302880068,2,1.0516196892565814,0.0,0.0
2023-06-16,155.53,133.81,1.162319707047306,1.1817848242790565,0.9938785280064754,0.09723322293877834,1.9325318095327761,1,1.0514996892565815,-0.0019288883173664245,0.002241984903968313
2023-06-20,154.16,132.72,1.161543098251959,1.1704185546188857,0.9982224203648211,0.09881841705368423,1.7425510283221501,1,1.0516985027060481,-0.0019288883173664245,0.002241984903968313
2023-06-21,154.46,133.22,1.1594355201921633,1.1610067152141859,1.0024181077463363,0.10024358339530468,1.582032506185106,1,1.0522408286628224,-0.0019288883173664245,0.002241984903968313
2023-06-22,155.75,132.39,1.1764483722335526,1.160808886846215,1.0069494522862812,0.10187709696983036,1.5102455717352974,1,1.047891715263126,-0.0019288883173664245,0.002241984903968313
2023-06-23,155.46,131.83,1.179245998634605,1.167798539271917,1.011622642205316,0.10325621511557706,1.5125084421483943,1,1.04719558132894,-0.0019288883173664245,0.002241984903968313
2023-06-26,155.05,134.5,1.1527881040892194,1.1658922186803,1.015632227002561,0.1039988363137392,1.4448237788396123,-2,1.0539725252326557,-0.0019288883173664245,0.002241984903968313
2023-06-27,154.49,132.51,1.1658742736397254,1.166758453757853,1.0199150694804877,0.10481710094424562,1.4009487283518205,-2,1.050591152731484,-0.0019288883173664245,0.002241984903968313
2023-06-28,155.33,132.47,1.1725673737449989,1.1693848244684202,1.024620571111974,0.1052332957453833,1.3756506657998224,-2,1.0488812071487374,-0.0019288883173664245,0.002241984903968313
2023-06-29,154.28,132.91,1.16078549394327,1.166252248810364,1.029043675122996,0.10528714987144443,1.3031844233118615,-2,1.0518930132397182,-0.0019288883173664245,0.002241984903968313
2023-06-30,157.18,131.9,1.1916603487490522,1.168735118833253,1.0341270035290766,0.10565842737072798,1.273993174551724,-2,1.0440348323663475,-0.0019288883173664245,0.002241984903968313
